theta,rhcp_gain_dbi,lhcp_gain_dbi
0,32.9751,-1.7345
1,31.7394,-3.3358
2,27.6029,-9.174
3,17.8785,-48.9588
4,9.8534,-14.5105
5,16.0417,-14.6918
6,12.3058,-23.5895
7,-1.5381,-27.6034
8,-7.6518,-23.6379
9,-4.5361,-34.1067
10,6.4498,-29.6898
11,7.7892,-27.4164
12,3.2687,-38.9572
13,-15.4841,-32.5329
14,-9.2068,-30.4915
15,-24.4474,-42.3724
16,-3.215,-35.0728
17,-1.9292,-32.9718
18,-11.4761,-44.6501
19,-7.4524,-37.0589
20,-2.9166,-34.3506
21,-6.4039,-42.724
22,-25.5021,-41.2065
23,-17.853,-36.8002
24,-22.1235,-43.8016
25,-6.8819,-43.5362
26,-3.6538,-37.5835
27,-5.4812,-41.3378
28,-13.783,-53.3669
29,-24.4186,-40.2868
30,-21.2171,-41.3901
31,-21.1925,-63.3959
32,-11.2238,-43.0717
33,-10.3761,-41.1589
34,-17.0508,-48.274
35,-20.0106,-49.2716
36,-11.61,-42.2019
37,-11.559,-43.7644
38,-17.1822,-59.1239
39,-47.6196,-47.2092
40,-24.5802,-43.906
41,-44.3226,-47.8597
42,-16.902,-62.5041
43,-11.5623,-46.1998
44,-10.4196,-44.3328
45,-12.383,-48.1234
46,-18.3245,-88.2149
47,-41.8349,-48.9657
48,-26.3835,-46.1524
49,-29.9859,-48.6105
50,-29.0959,-62.0636
51,-19.1552,-52.7056
52,-16.2546,-47.4997
53,-16.734,-47.446
54,-20.9859,-51.7508
55,-43.0418,-84.3972
56,-22.8205,-52.7045
57,-18.0499,-48.5392
58,-17.0438,-48.2611
59,-18.3517,-51.036
60,-22.076,-59.6834
61,-30.26,-61.3769
62,-41.7034,-52.6014
63,-30.9635,-50.1399
64,-31.5244,-50.2502
65,-44.8317,-52.5964
66,-31.2166,-58.5879
67,-23.7208,-76.7613
68,-20.0037,-57.3212
69,-17.9543,-52.8162
70,-16.9478,-50.9775
71,-16.7074,-50.5579
72,-17.0891,-51.1957
73,-18.0169,-52.8339
74,-19.4604,-55.6817
75,-21.4312,-60.5732
76,-23.9974,-72.5444
77,-27.3312,-67.9447
78,-31.8671,-60.5403
79,-39.0619,-57.2878
80,-90.2373,-55.4877
81,-41.6836,-54.4528
82,-37.1462,-53.89
83,-35.1523,-53.6396
84,-34.2054,-53.5992
85,-33.8143,-53.6965
86,-33.7411,-53.8762
87,-33.8433,-54.0949
88,-34.025,-54.3191
89,-34.2208,-54.5242
90,-34.3915,-54.6953
91,-34.524,-54.8274
92,-34.6315,-54.9256
93,-34.7533,-55.0049
94,-34.9549,-55.09
95,-35.3322,-55.2144
96,-36.0279,-55.4217
97,-37.2799,-55.7672
98,-39.5797,-56.3235
99,-44.4236,-57.1928
100,-93.2848,-58.5352
101,-42.4177,-60.6436
102,-35.5323,-64.2055
103,-31.307,-71.9205
104,-28.2851,-76.832
105,-26.032,-65.1739
106,-24.3758,-60.5971
107,-23.2486,-58.0655
108,-22.6386,-56.7453
109,-22.5766,-56.4271
110,-23.1387,-57.1685
111,-24.4689,-59.3308
112,-26.8442,-64.1617
113,-30.8895,-83.93
114,-38.7159,-66.0872
115,-52.6642,-60.4289
116,-39.6928,-58.4186
117,-39.4707,-58.6471
118,-50.5525,-61.4505
119,-39.4541,-70.571
120,-31.6184,-69.2258
121,-28.246,-60.9304
122,-27.2937,-58.5111
123,-28.6594,-59.1486
124,-33.7935,-63.6775
125,-54.3828,-95.7381
126,-32.6993,-63.4641
127,-28.8245,-59.5366
128,-28.7273,-59.9724
129,-32.0154,-65.5657
130,-42.349,-75.3167
131,-43.6377,-62.2624
132,-40.4402,-60.2091
133,-56.3028,-63.4337
134,-33.2104,-103.1009
135,-27.694,-63.4344
136,-26.1633,-60.0764
137,-27.7464,-62.3839
138,-33.5349,-79.137
139,-61.4131,-64.9502
140,-42.1375,-61.4633
141,-65.6536,-65.2432
142,-35.7034,-77.645
143,-30.5782,-62.7836
144,-31.139,-61.7308
145,-40.0617,-69.3227
146,-37.6372,-68.8604
147,-31.5119,-62.2947
148,-32.924,-64.7719
149,-43.473,-85.6764
150,-44.095,-64.268
151,-47.9122,-63.7805
152,-37.9121,-77.496
153,-30.2671,-66.1237
154,-29.1193,-63.049
155,-33.0517,-69.706
156,-49.0245,-70.7026
157,-45.5145,-64.4617
158,-53.956,-69.6604
159,-35.6852,-72.0053
160,-33.0639,-64.4979
161,-38.5081,-68.1146
162,-43.4876,-76.6616
163,-34.9493,-65.9918
164,-37.3029,-69.1607
165,-59.6703,-77.5953
166,-45.6411,-66.9257
167,-53.2178,-70.2665
168,-35.8665,-78.0924
169,-32.8677,-68.0733
170,-35.8722,-72.0117
171,-48.6967,-78.2673
172,-53.866,-69.8522
173,-50.0786,-76.144
174,-38.9184,-74.8136
175,-38.3545,-69.0881
176,-48.4233,-72.7872
177,-45.3988,-112.2361
178,-42.7203,-79.4971
179,-50.6262,-85.7014
180,-300.0,-300.0
