victim_band,description,frequency_ghz,model_type,fidelity_tier,classification,reflector_included,reflector_geometry_status,realized_gain_vs_directivity,cst_analytical_bounded,peak_gain_ceiling_dbi,aperture_bound_dbi,sphere_bound_dbi,sphere_bound_a_1p5x_sensitivity_dbi,sensitivity_dbi_a,sensitivity_dbi_b,sensitivity_dbi_c,victim_direction_gain,xz_realized_gain_cut,yz_realized_gain_cut,normalization_validity,applicability_regime,tags,formula
ISL,ISL X-band 10.55-10.65 GHz,10.5500,BOUNDED,3.0000,GAIN_BOUND_ONLY,NO,GEOMETRY_ONLY_NOT_SOLVED,DIRECTIVITY_UPPER_BOUND (ceiling on RealizedGain; mismatch/ohmic loss only lower it),NOT_CST (analytical ceiling),28.0633,27.7201,28.0633,31.4737,0.0000,10.0000,20.0000,NOT_COMPUTABLE_NO_PATTERN (<= peak ceiling),NOT_AVAILABLE (no pattern),NOT_AVAILABLE (no pattern),NOT_APPLICABLE (no pattern; not normalised to a CST accepted-power),LARGE_APERTURE (aperture bound tight to < 0.5 dB of the sphere bound),ENGINEERING_BOUND;NOT_MEASURED;NOT_CST_VALIDATED,max(4piA/lambda^2 [A=pi D^2/4; eta=1]; (ka)^2+2ka [a=D/2])
ISL,ISL X-band 10.55-10.65 GHz,10.6000,BOUNDED,3.0000,GAIN_BOUND_ONLY,NO,GEOMETRY_ONLY_NOT_SOLVED,DIRECTIVITY_UPPER_BOUND (ceiling on RealizedGain; mismatch/ohmic loss only lower it),NOT_CST (analytical ceiling),28.1028,27.7612,28.1028,31.5137,0.0000,10.0000,20.0000,NOT_COMPUTABLE_NO_PATTERN (<= peak ceiling),NOT_AVAILABLE (no pattern),NOT_AVAILABLE (no pattern),NOT_APPLICABLE (no pattern; not normalised to a CST accepted-power),LARGE_APERTURE (aperture bound tight to < 0.5 dB of the sphere bound),ENGINEERING_BOUND;NOT_MEASURED;NOT_CST_VALIDATED,max(4piA/lambda^2 [A=pi D^2/4; eta=1]; (ka)^2+2ka [a=D/2])
ISL,ISL X-band 10.55-10.65 GHz,10.6500,BOUNDED,3.0000,GAIN_BOUND_ONLY,NO,GEOMETRY_ONLY_NOT_SOLVED,DIRECTIVITY_UPPER_BOUND (ceiling on RealizedGain; mismatch/ohmic loss only lower it),NOT_CST (analytical ceiling),28.1421,27.8020,28.1421,31.5535,0.0000,10.0000,20.0000,NOT_COMPUTABLE_NO_PATTERN (<= peak ceiling),NOT_AVAILABLE (no pattern),NOT_AVAILABLE (no pattern),NOT_APPLICABLE (no pattern; not normalised to a CST accepted-power),LARGE_APERTURE (aperture bound tight to < 0.5 dB of the sphere bound),ENGINEERING_BOUND;NOT_MEASURED;NOT_CST_VALIDATED,max(4piA/lambda^2 [A=pi D^2/4; eta=1]; (ka)^2+2ka [a=D/2])
SAR,SAR X-band ~9.65 GHz,9.3875,BOUNDED,3.0000,GAIN_BOUND_ONLY,NO,GEOMETRY_ONLY_NOT_SOLVED,DIRECTIVITY_UPPER_BOUND (ceiling on RealizedGain; mismatch/ohmic loss only lower it),NOT_CST (analytical ceiling),27.0899,26.7060,27.0899,30.4875,0.0000,10.0000,20.0000,NOT_COMPUTABLE_NO_PATTERN (<= peak ceiling),NOT_AVAILABLE (no pattern),NOT_AVAILABLE (no pattern),NOT_APPLICABLE (no pattern; not normalised to a CST accepted-power),LARGE_APERTURE (aperture bound tight to < 0.5 dB of the sphere bound),ENGINEERING_BOUND;NOT_MEASURED;NOT_CST_VALIDATED,max(4piA/lambda^2 [A=pi D^2/4; eta=1]; (ka)^2+2ka [a=D/2])
SAR,SAR X-band ~9.65 GHz,9.6500,BOUNDED,3.0000,GAIN_BOUND_ONLY,NO,GEOMETRY_ONLY_NOT_SOLVED,DIRECTIVITY_UPPER_BOUND (ceiling on RealizedGain; mismatch/ohmic loss only lower it),NOT_CST (analytical ceiling),27.3194,26.9456,27.3194,30.7202,0.0000,10.0000,20.0000,NOT_COMPUTABLE_NO_PATTERN (<= peak ceiling),NOT_AVAILABLE (no pattern),NOT_AVAILABLE (no pattern),NOT_APPLICABLE (no pattern; not normalised to a CST accepted-power),LARGE_APERTURE (aperture bound tight to < 0.5 dB of the sphere bound),ENGINEERING_BOUND;NOT_MEASURED;NOT_CST_VALIDATED,max(4piA/lambda^2 [A=pi D^2/4; eta=1]; (ka)^2+2ka [a=D/2])
SAR,SAR X-band ~9.65 GHz,9.9125,BOUNDED,3.0000,GAIN_BOUND_ONLY,NO,GEOMETRY_ONLY_NOT_SOLVED,DIRECTIVITY_UPPER_BOUND (ceiling on RealizedGain; mismatch/ohmic loss only lower it),NOT_CST (analytical ceiling),27.5431,27.1787,27.5431,30.9468,0.0000,10.0000,20.0000,NOT_COMPUTABLE_NO_PATTERN (<= peak ceiling),NOT_AVAILABLE (no pattern),NOT_AVAILABLE (no pattern),NOT_APPLICABLE (no pattern; not normalised to a CST accepted-power),LARGE_APERTURE (aperture bound tight to < 0.5 dB of the sphere bound),ENGINEERING_BOUND;NOT_MEASURED;NOT_CST_VALIDATED,max(4piA/lambda^2 [A=pi D^2/4; eta=1]; (ka)^2+2ka [a=D/2])
S_TC,S-band RX 2.025-2.110 GHz,2.0250,BOUNDED,3.0000,GAIN_BOUND_ONLY,NO,GEOMETRY_ONLY_NOT_SOLVED,DIRECTIVITY_UPPER_BOUND (ceiling on RealizedGain; mismatch/ohmic loss only lower it),NOT_CST (analytical ceiling),14.9320,13.3835,14.9320,17.9964,0.0000,10.0000,20.0000,NOT_COMPUTABLE_NO_PATTERN (<= peak ceiling),NOT_AVAILABLE (no pattern),NOT_AVAILABLE (no pattern),NOT_APPLICABLE (no pattern; not normalised to a CST accepted-power),INTERMEDIATE (aperture formula is not a rigorous ceiling; sphere bound governs),ENGINEERING_BOUND;NOT_MEASURED;NOT_CST_VALIDATED,max(4piA/lambda^2 [A=pi D^2/4; eta=1]; (ka)^2+2ka [a=D/2])
S_TC,S-band RX 2.025-2.110 GHz,2.0675,BOUNDED,3.0000,GAIN_BOUND_ONLY,NO,GEOMETRY_ONLY_NOT_SOLVED,DIRECTIVITY_UPPER_BOUND (ceiling on RealizedGain; mismatch/ohmic loss only lower it),NOT_CST (analytical ceiling),15.0856,13.5639,15.0856,18.1570,0.0000,10.0000,20.0000,NOT_COMPUTABLE_NO_PATTERN (<= peak ceiling),NOT_AVAILABLE (no pattern),NOT_AVAILABLE (no pattern),NOT_APPLICABLE (no pattern; not normalised to a CST accepted-power),INTERMEDIATE (aperture formula is not a rigorous ceiling; sphere bound governs),ENGINEERING_BOUND;NOT_MEASURED;NOT_CST_VALIDATED,max(4piA/lambda^2 [A=pi D^2/4; eta=1]; (ka)^2+2ka [a=D/2])
S_TC,S-band RX 2.025-2.110 GHz,2.1100,BOUNDED,3.0000,GAIN_BOUND_ONLY,NO,GEOMETRY_ONLY_NOT_SOLVED,DIRECTIVITY_UPPER_BOUND (ceiling on RealizedGain; mismatch/ohmic loss only lower it),NOT_CST (analytical ceiling),15.2364,13.7407,15.2364,18.3145,0.0000,10.0000,20.0000,NOT_COMPUTABLE_NO_PATTERN (<= peak ceiling),NOT_AVAILABLE (no pattern),NOT_AVAILABLE (no pattern),NOT_APPLICABLE (no pattern; not normalised to a CST accepted-power),INTERMEDIATE (aperture formula is not a rigorous ceiling; sphere bound governs),ENGINEERING_BOUND;NOT_MEASURED;NOT_CST_VALIDATED,max(4piA/lambda^2 [A=pi D^2/4; eta=1]; (ka)^2+2ka [a=D/2])
L1,GPS L1 1.575 GHz,1.5630,BOUNDED,3.0000,GAIN_BOUND_ONLY,NO,GEOMETRY_ONLY_NOT_SOLVED,DIRECTIVITY_UPPER_BOUND (ceiling on RealizedGain; mismatch/ohmic loss only lower it),NOT_CST (analytical ceiling),13.0516,11.1342,13.0516,16.0233,0.0000,10.0000,20.0000,NOT_COMPUTABLE_NO_PATTERN (<= peak ceiling),NOT_AVAILABLE (no pattern),NOT_AVAILABLE (no pattern),NOT_APPLICABLE (no pattern; not normalised to a CST accepted-power),INTERMEDIATE (aperture formula is not a rigorous ceiling; sphere bound governs),ENGINEERING_BOUND;NOT_MEASURED;NOT_CST_VALIDATED,max(4piA/lambda^2 [A=pi D^2/4; eta=1]; (ka)^2+2ka [a=D/2])
L1,GPS L1 1.575 GHz,1.5754,BOUNDED,3.0000,GAIN_BOUND_ONLY,NO,GEOMETRY_ONLY_NOT_SOLVED,DIRECTIVITY_UPPER_BOUND (ceiling on RealizedGain; mismatch/ohmic loss only lower it),NOT_CST (analytical ceiling),13.1081,11.2030,13.1081,16.0828,0.0000,10.0000,20.0000,NOT_COMPUTABLE_NO_PATTERN (<= peak ceiling),NOT_AVAILABLE (no pattern),NOT_AVAILABLE (no pattern),NOT_APPLICABLE (no pattern; not normalised to a CST accepted-power),INTERMEDIATE (aperture formula is not a rigorous ceiling; sphere bound governs),ENGINEERING_BOUND;NOT_MEASURED;NOT_CST_VALIDATED,max(4piA/lambda^2 [A=pi D^2/4; eta=1]; (ka)^2+2ka [a=D/2])
L1,GPS L1 1.575 GHz,1.5880,BOUNDED,3.0000,GAIN_BOUND_ONLY,NO,GEOMETRY_ONLY_NOT_SOLVED,DIRECTIVITY_UPPER_BOUND (ceiling on RealizedGain; mismatch/ohmic loss only lower it),NOT_CST (analytical ceiling),13.1650,11.2720,13.1650,16.1426,0.0000,10.0000,20.0000,NOT_COMPUTABLE_NO_PATTERN (<= peak ceiling),NOT_AVAILABLE (no pattern),NOT_AVAILABLE (no pattern),NOT_APPLICABLE (no pattern; not normalised to a CST accepted-power),INTERMEDIATE (aperture formula is not a rigorous ceiling; sphere bound governs),ENGINEERING_BOUND;NOT_MEASURED;NOT_CST_VALIDATED,max(4piA/lambda^2 [A=pi D^2/4; eta=1]; (ka)^2+2ka [a=D/2])
L2,GPS L2 1.228 GHz,1.2174,BOUNDED,3.0000,GAIN_BOUND_ONLY,NO,GEOMETRY_ONLY_NOT_SOLVED,DIRECTIVITY_UPPER_BOUND (ceiling on RealizedGain; mismatch/ohmic loss only lower it),NOT_CST (analytical ceiling),11.3001,8.9635,11.3001,14.1735,0.0000,10.0000,20.0000,NOT_COMPUTABLE_NO_PATTERN (<= peak ceiling),NOT_AVAILABLE (no pattern),NOT_AVAILABLE (no pattern),NOT_APPLICABLE (no pattern; not normalised to a CST accepted-power),ELECTRICALLY_SMALL (ka < 3: only the sphere bound is a rigorous ceiling; superdirective),ENGINEERING_BOUND;NOT_MEASURED;NOT_CST_VALIDATED,max(4piA/lambda^2 [A=pi D^2/4; eta=1]; (ka)^2+2ka [a=D/2])
L2,GPS L2 1.228 GHz,1.2276,BOUNDED,3.0000,GAIN_BOUND_ONLY,NO,GEOMETRY_ONLY_NOT_SOLVED,DIRECTIVITY_UPPER_BOUND (ceiling on RealizedGain; mismatch/ohmic loss only lower it),NOT_CST (analytical ceiling),11.3577,9.0362,11.3577,14.2345,0.0000,10.0000,20.0000,NOT_COMPUTABLE_NO_PATTERN (<= peak ceiling),NOT_AVAILABLE (no pattern),NOT_AVAILABLE (no pattern),NOT_APPLICABLE (no pattern; not normalised to a CST accepted-power),ELECTRICALLY_SMALL (ka < 3: only the sphere bound is a rigorous ceiling; superdirective),ENGINEERING_BOUND;NOT_MEASURED;NOT_CST_VALIDATED,max(4piA/lambda^2 [A=pi D^2/4; eta=1]; (ka)^2+2ka [a=D/2])
L2,GPS L2 1.228 GHz,1.2378,BOUNDED,3.0000,GAIN_BOUND_ONLY,NO,GEOMETRY_ONLY_NOT_SOLVED,DIRECTIVITY_UPPER_BOUND (ceiling on RealizedGain; mismatch/ohmic loss only lower it),NOT_CST (analytical ceiling),11.4149,9.1083,11.4149,14.2950,0.0000,10.0000,20.0000,NOT_COMPUTABLE_NO_PATTERN (<= peak ceiling),NOT_AVAILABLE (no pattern),NOT_AVAILABLE (no pattern),NOT_APPLICABLE (no pattern; not normalised to a CST accepted-power),ELECTRICALLY_SMALL (ka < 3: only the sphere bound is a rigorous ceiling; superdirective),ENGINEERING_BOUND;NOT_MEASURED;NOT_CST_VALIDATED,max(4piA/lambda^2 [A=pi D^2/4; eta=1]; (ka)^2+2ka [a=D/2])
L5,GPS L5 1.176 GHz,1.1640,BOUNDED,3.0000,GAIN_BOUND_ONLY,NO,GEOMETRY_ONLY_NOT_SOLVED,DIRECTIVITY_UPPER_BOUND (ceiling on RealizedGain; mismatch/ohmic loss only lower it),NOT_CST (analytical ceiling),10.9928,8.5741,10.9928,13.8477,0.0000,10.0000,20.0000,NOT_COMPUTABLE_NO_PATTERN (<= peak ceiling),NOT_AVAILABLE (no pattern),NOT_AVAILABLE (no pattern),NOT_APPLICABLE (no pattern; not normalised to a CST accepted-power),ELECTRICALLY_SMALL (ka < 3: only the sphere bound is a rigorous ceiling; superdirective),ENGINEERING_BOUND;NOT_MEASURED;NOT_CST_VALIDATED,max(4piA/lambda^2 [A=pi D^2/4; eta=1]; (ka)^2+2ka [a=D/2])
L5,GPS L5 1.176 GHz,1.1764,BOUNDED,3.0000,GAIN_BOUND_ONLY,NO,GEOMETRY_ONLY_NOT_SOLVED,DIRECTIVITY_UPPER_BOUND (ceiling on RealizedGain; mismatch/ohmic loss only lower it),NOT_CST (analytical ceiling),11.0655,8.6665,11.0655,13.9249,0.0000,10.0000,20.0000,NOT_COMPUTABLE_NO_PATTERN (<= peak ceiling),NOT_AVAILABLE (no pattern),NOT_AVAILABLE (no pattern),NOT_APPLICABLE (no pattern; not normalised to a CST accepted-power),ELECTRICALLY_SMALL (ka < 3: only the sphere bound is a rigorous ceiling; superdirective),ENGINEERING_BOUND;NOT_MEASURED;NOT_CST_VALIDATED,max(4piA/lambda^2 [A=pi D^2/4; eta=1]; (ka)^2+2ka [a=D/2])
L5,GPS L5 1.176 GHz,1.1890,BOUNDED,3.0000,GAIN_BOUND_ONLY,NO,GEOMETRY_ONLY_NOT_SOLVED,DIRECTIVITY_UPPER_BOUND (ceiling on RealizedGain; mismatch/ohmic loss only lower it),NOT_CST (analytical ceiling),11.1382,8.7587,11.1382,14.0019,0.0000,10.0000,20.0000,NOT_COMPUTABLE_NO_PATTERN (<= peak ceiling),NOT_AVAILABLE (no pattern),NOT_AVAILABLE (no pattern),NOT_APPLICABLE (no pattern; not normalised to a CST accepted-power),ELECTRICALLY_SMALL (ka < 3: only the sphere bound is a rigorous ceiling; superdirective),ENGINEERING_BOUND;NOT_MEASURED;NOT_CST_VALIDATED,max(4piA/lambda^2 [A=pi D^2/4; eta=1]; (ka)^2+2ka [a=D/2])
