plane,theta,gain,cp_plus_db,cp_minus_db,axial_ratio_db,etheta_re,etheta_im,ephi_re,ephi_im,raw_realized_gain,target_gain
XZ,0,9.808269631820037,-9.16549628884876,-110.24325358773868,0.0001534463059349118,0.01276266764060864,0.05923348244522684,0.05923302653481599,-0.012763636138633253,-9.165496288509908,9.1
XZ,1,9.805042534694188,-9.168723385974609,-99.3357437711059,0.0005388815113516458,0.012765723241954734,0.059187869452899375,0.05918589952221136,-0.012762524777878969,-9.168723381795514,9.08
XZ,2,9.795270801435533,-9.178495119233263,-86.3981262123855,0.0023925595207505332,0.012775676851748666,0.05904838141580428,0.05904476426268177,-0.012759434269467034,-9.178495036853375,9.06
XZ,3,9.778958281308258,-9.194807639360539,-79.11444253461839,0.005544502359311859,0.01279231866751284,0.05881568120185092,0.05881032359502227,-0.012754276495950572,-9.19480719695475,9.04
XZ,4,9.756111457138662,-9.217654463530135,-74.03477819230902,0.00997672873332342,0.012815299647265608,0.05849087361963532,0.05848374206905579,-0.012746905809871837,-9.217653031105218,9.02
XZ,5,9.726739444692777,-9.24702647597602,-70.13401084977984,0.015685385685374382,0.01284413639262636,0.058075496479317514,0.05806663584179632,-0.01273712154336544,-9.247022935304019,9.0
XZ,6,9.69085399176659,-9.282911928902207,-66.97163841168783,0.022667740122844855,0.012878217892972074,0.05757150818858432,0.05756105871259168,-0.012724671460038925,-9.282904534359982,8.98
XZ,7,9.648469476956327,-9.32529644371247,-64.31713687073226,0.030920943693636873,0.012916814018551109,0.05698127202722528,0.05696948447359952,-0.012709256086492619,-9.325282684309794,8.96
XZ,8,9.599602908067029,-9.374163012601768,-62.03446404408764,0.040441758889530346,0.012959085622094252,0.05630753728141965,0.056294785797175624,-0.01269053384526032,-9.374139475497497,8.94
XZ,9,9.544273920108521,-9.429492000560275,-60.036516440593275,0.05122645934080731,0.013004096082926048,0.05555341745368991,0.05554020992324893,-0.012668126897028361,-9.429454236387224,8.92
XZ,10,9.48250477281901,-9.491261147849787,-58.264122666842475,0.06327077396347125,0.013050824105382764,0.054722365796077456,0.054709351446888904,-0.012641627588040865,-9.49120353819419,8.9
XZ,11,9.414320347646594,-9.559445573022202,-56.67523272595051,0.07656984314846,0.013098177564861282,0.0538181484420336,0.053806122538424754,-0.012610605388800414,-9.559361200432893,8.84
XZ,12,9.339748144111612,-9.634017776557185,-55.23888303049493,0.09111817709117405,0.013145008180427749,0.05284481543639625,0.05283472095525872,-0.012574614202776196,-9.633898297493115,8.78
XZ,13,9.258818275462552,-9.714947645206244,-53.9316082397233,0.10690961257390129,0.013190126782803796,0.05180666998231501,0.05179959622548293,-0.012533199918909343,-9.714783166368724,8.72
XZ,14,9.171563463531054,-9.802202457137742,-52.735197603953885,0.12393726660124393,0.013232318940833054,0.05070823623893193,0.050705414398410045,-0.012485908079315234,-9.801981415675694,8.66
XZ,15,9.078019032682233,-9.895746887986563,-51.635232886071385,0.14219348608608737,0.013270360708285668,0.049554226013789206,0.049557021765980896,-0.012432291533767563,-9.8954559361092,8.6
XZ,16,8.97822290274956,-9.995543017919237,-50.6201021760873,0.16166979312285085,0.013303034255967818,0.04834950469934601,0.04835940796175789,-0.012371917955207378,-9.99516691250092,8.54
XZ,17,8.872215580834775,-10.101550339834022,-49.68031495806286,0.18235682554617072,0.01332914316142135,0.047099056803591235,0.04711766884094085,-0.012304377095558816,-10.101071837650238,8.48
XZ,18,8.760040151846951,-10.213725768821845,-48.80801429660126,0.20424427256099342,0.013347527139762875,0.04580795142070275,0.04583696953580391,-0.01222928766837835,-10.213125528113242,8.42
XZ,19,8.641742267646933,-10.332023653021864,-47.99662174130272,0.22732080528786164,0.013357076014085872,0.04448130797913551,0.044522508066464746,-0.012146303754106205,-10.331280142144703,8.36
XZ,20,8.517370134657382,-10.456395786011415,-47.24057384056696,0.25157400211585973,0.01335674274193398,0.04312426259174431,0.04317947986738023,-0.012055120634668893,-10.455485199996989,8.3
XZ,21,8.386974499791675,-10.586791420877121,-46.53512328936426,0.2769902688024803,0.013345555335174872,0.04174193531580501,0.04181304356592292,-0.011955479976621679,-10.585687606789362,8.19
XZ,22,8.250608634550035,-10.723157286118761,-45.8761865730344,0.30355475331260273,0.013322627533661395,0.040339398610521826,0.040428288321409434,-0.011847174295602204,-10.721831678167128,8.08
XZ,23,8.108328317124757,-10.86543760354404,-45.260225644207864,0.33125125545034406,0.013287168117821954,0.038921647256167244,0.039030203001604716,-0.011730050649275816,-10.863859168977346,7.97
XZ,24,7.960191812352768,-11.013574108316028,-44.68415490159198,0.36006213140986615,0.013238488771216939,0.0374935699728921,0.037623647439739914,-0.011604013520858297,-11.011709305190234,7.86
XZ,25,7.806259849348077,-11.16750607132072,-44.145267245765,0.389968193458897,0.013176010430573466,0.03605992294893055,0.036213325979042275,-0.011469026870363224,-11.165318819298822,7.75
XZ,26,7.646595596643879,-11.327170324024918,-43.64117470315023,0.420948605071979,0.013099268087320927,0.03462530545792978,0.03480376347446518,-0.011325115345634467,-11.324621989427675,7.64
XZ,27,7.481264634670081,-11.492501285998715,-43.169760304772645,0.45298077195348463,0.01300791403067639,0.033194137713960334,0.033399283883317095,-0.01117236465968615,-11.489550682378786,7.53
XZ,28,7.310334925388828,-11.663430995279969,-42.72913875241893,0.486040229535722,0.012901719547367246,0.031770641080937814,0.03200399153851746,-0.011010921154593527,-11.66003440083654,7.42
XZ,29,7.133876778909094,-11.839889141759702,-42.31762401225683,0.5201005277073544,0.012780575116697473,0.03035882072121669,0.030621755160874155,-0.010840990584928654,-11.836000334942483,7.31
XZ,30,6.951962816897902,-12.021803103770894,-41.933702417869895,0.5551331137272713,0.01264448916146731,0.02896245073646331,0.029256194630621117,-0.01066283616529315,-12.017373418437794,7.2
XZ,31,6.764667932605066,-12.20909798806373,-41.57601019006819,0.5911072145104187,0.012493585434901632,0.02758506182308287,0.027910670504037043,-0.010476775936686934,-12.204076389551394,7.03
XZ,32,6.572069247315959,-12.401696673352838,-41.24331452309258,0.6279897197421901,0.012328099140979416,0.026229931434831228,0.026588276228709927,-0.010283179515147496,-12.396029856788573,6.86
XZ,33,6.374246063045835,-12.599519857622962,-40.934497569043,0.6657450675887151,0.012148371900158569,0.02490007641722602,0.02529183298132731,-0.010082464293183505,-12.593152369744816,6.69
XZ,34,6.171279811286947,-12.80248610938185,-40.64854279062919,0.7043351351307272,0.011954845684347385,0.0235982480522693,0.024023887025058716,-0.009875091169974972,-12.795360495034679,6.52
XZ,35,5.9632539976189065,-13.01051192304989,-40.38452325815835,0.7437191360618951,0.011748055853999299,0.022326929428133274,0.022786709459925027,-0.009661559890096094,-13.00256889738198,6.35
XZ,36,5.750254141989437,-13.22351177867936,-40.141591548207565,0.7838535286672138,0.011528623436405948,0.02108833502704641,0.021582298219153778,-0.009442404072660067,-13.214690425869017,6.18
XZ,37,5.532367714471045,-13.441398206197752,-39.91897096461265,0.8246919376418184,0.011297246787689697,0.019884412405848293,0.020412382147546506,-0.009218186013347125,-13.431636205283706,6.01
XZ,38,5.309684066294658,-13.664081854374139,-39.7159478516081,0.8661850939317495,0.011054692781767062,0.018716845827670404,0.019278426984316775,-0.008989491340852985,-13.653315732438308,5.84
XZ,39,5.0822943559574085,-13.891471564711388,-39.53186480732243,0.9082807974891156,0.010801787667817813,0.01758706169003273,0.018181643062706983,-0.008756923606981498,-13.879636977257729,5.67
XZ,40,4.850291470195417,-14.12347445047338,-39.366114635777336,0.9509239086424477,0.01053940773376866,0.016496235584323043,0.017122994531837764,-0.0085210988860644,-14.110506488351191,5.5
XZ,41,4.613769939605817,-14.35999598106298,-39.21813489879685,0.9940563747035425,0.010268469907209676,0.01544530081414235,0.01610320990256173,-0.0082826404547549,-14.34582950268611,5.28
XZ,42,4.372825848692422,-14.600940071976375,-39.087402947133874,1.0376172994764914,0.009989922417273223,0.014434958195259464,0.01512279371838177,-0.00804217361768682,-14.58551005887881,5.06
XZ,43,4.127556740099889,-14.846209180568907,-38.97343132364739,1.0815430645191721,0.009704735631605965,0.013465686957822855,0.014182039154543203,-0.007800320738191599,-14.829451113500392,4.84
XZ,44,3.87806151278736,-15.095704407881437,-38.87576344127615,1.1257675123449657,0.009413893171930858,0.012537756571860468,0.013281041352952038,-0.007557696526390895,-15.07755465967033,4.62
XZ,45,3.6244403138788783,-15.349325606789918,-38.79396944537351,1.1702222032635037,0.009118383400142477,0.011651239319797153,0.012419711307334304,-0.0073149036297097325,-15.329721847072204,4.4
XZ,46,3.3667944239105108,-15.606971496758286,-38.727642174155015,1.214836759255632,0.008819191354679371,0.01080602344450084,0.0115977901217451,-0.0070725285633575176,-15.585853102377637,4.18
XZ,47,3.1052261351763057,-15.86853978549249,-38.67639313285321,1.2595393101785166,0.00851729120436015,0.01000182670803005,0.010814863475858855,-0.006831138010751721,-15.845848248903867,3.96
XZ,48,2.8398386228541845,-16.133927297814612,-38.63984839694349,1.3042570597144534,0.008213639274217937,0.009238210204535987,0.010070376142116661,-0.006591275516364689,-16.109606624160286,3.74
XZ,49,2.57073580857276,-16.403030112096037,-38.61764435773426,1.348916990818082,0.007909167685366213,0.008514592280434911,0.009363646412489634,-0.006353458586194302,-16.37702719375636,3.52
XZ,50,2.298022216057447,-16.67574370461135,-38.609423219917765,1.3934467329858689,0.007604778638795764,0.007830262425746286,0.008693880306036303,-0.006118176204102984,-16.648008659951685,3.3
XZ,51,2.021802818472878,-16.95196310219592,-38.61482815565918,1.4377756164525326,0.007301339361429538,0.0071843950121476775,0.008060185442327316,-0.005885886765740874,-16.922449562926833,3.02
XZ,52,1.742182877059193,-17.231583043609604,-38.63349801384094,1.4818359413799067,0.006999677721918071,0.0065760627655731445,0.007461584479923629,-0.005657016425754976,-17.20024837264145,2.74
XZ,53,1.4592677706420751,-17.51449815002672,-38.66506147674569,1.5255644931811387,0.006700578513670275,0.006004249873847304,0.0068970280331898115,-0.005431957848540924,-17.481303568927228,2.46
XZ,54,1.1731628155852434,-17.800603105083553,-38.7091305505891,1.568904338208901,0.006404780393591927,0.005467864642679722,0.0063654069945998145,-0.005211069347971397,-17.765513707235165,2.18
XZ,55,0.8839730757499602,-18.089792844918836,-38.765293272164854,1.6118069369546253,0.006112973457015474,0.00496575162613494,0.005865564203159389,-0.004994674397364095,-18.052777467223695,1.9
XZ,56,0.5918031620337629,-18.381962758635034,-38.83310551319937,1.6542346144007505,0.005825797422401175,0.004496703170259442,0.005396305412471044,-0.004783061487442403,-18.342993681135752,1.62
XZ,57,0.29675702108426094,-18.677008899584536,-38.91208176940859,1.696163428851826,0.0055438403935835125,0.004059470320720015,0.004956409524173777,-0.004576484307195729,-18.636061338672057,1.34
XZ,58,-0.0010622871696028824,-18.9748282078384,-39.00168483622657,1.7375864809003219,0.005267638162628185,0.0036527730569447334,0.004544638063892145,-0.004375162220350923,-18.931879564825735,1.06
XZ,59,-0.3015528234498497,-19.275318744118646,-39.101314302487744,1.778517702408688,0.004997674012721379,0.0032753098262372515,0.004159743887349308,-0.004179281008591387,-19.23034756690369,0.78
XZ,60,-0.6046140146880354,-19.578379935356832,-39.21029384324724,1.8189961604931806,0.0047343789778921,0.002925766361558665,0.003800479113874583,-0.0039889938516772345,-19.531364546725605,0.5
XZ,61,-0.9101469111990568,-19.883912831867853,-39.32785737120731,1.8590909021641915,0.0044781325147049715,0.0026028237760627733,0.003465602293138119,-0.0038044225141808915,-19.834829573765802,0.21
XZ,62,-1.218054455212279,-20.191820375881075,-39.45313422226126,1.8989063498448853,0.004229263540282041,0.002305165935975214,0.0031538848185499705,-0.0036256587086131702,-20.14064141479302,-0.08
XZ,63,-1.528241760157382,-20.50200768082618,-39.585133714747975,1.9385882344737213,0.003988051791032341,0.002031486120992084,0.0028641166073787106,-0.003452765605218953,-20.448698315373303,-0.37
XZ,64,-1.8406163996311022,-20.8143823202999,-39.72272964421758,1.9783300190526591,0.003754729457196619,0.0017804929880232434,0.002595111073286406,-0.0032857794596162612,-20.75889772844151,-0.66
XZ,65,-2.155088704334645,-21.12885462500344,-39.86464556319939,2.0183797190674273,0.0035294830496556836,0.001550915859822878,0.0023457094216795316,-0.0031247113306800416,-21.071135985026963,-0.95
XZ,66,-2.471572064422432,-21.44533798509123,-40.00944204939834,2.059046965283845,0.003312455457311223,0.0013415093648526135,0.0021147843020781288,-0.002969548862575592,-21.385307902152434,-1.24
XZ,67,-2.789983233582845,-21.76374915425164,-40.155507574234406,2.100710078162104,0.003103748155628356,0.0011510574586440644,0.0019012428546641507,-0.0028202581065725,-21.70130632292836,-1.53
XZ,68,-3.1102426297120616,-22.084008550380858,-40.3010550148303,2.143822832718996,0.0029034235295403543,0.0009783768600071122,0.0017040291903397044,-0.0026767853601640627,-22.0190215839598,-1.82
XZ,69,-3.4322746251556424,-22.40604054582444,-40.444126246048704,2.18892049259658,0.002711507276772138,0.0008223199377252628,0.00152212634507561,-0.0025390590030314572,-22.33834090539242,-2.11
XZ,70,-3.7560078170892837,-22.72977373775808,-40.58260750916867,2.2366245915864873,0.002527990860654358,0.0006817770849445288,0.0013545577501250699,-0.0024069913114792667,-22.659147699284084,-2.4
XZ,71,-4.081375265579652,-23.05514118624845,-40.714258248481485,2.2876458550007177,0.002352833984606643,0.0005556786193659211,0.0012003882598867535,-0.002280480235088588,-22.981320792532685,-2.68
XZ,72,-4.408314683097082,-23.38208060376588,-40.83675568068938,2.342784603257363,0.002185967063596194,0.00044299624766012323,0.0010587247788977898,-0.0021594111214503797,-23.304733561367858,-2.96
XZ,73,-4.736768554637358,-23.710534475306154,-40.94775636610435,2.4029279914962864,0.002027293670970831,0.0003427441323062691,0.0009287165286858941,-0.0020436583769204352,-23.629252975478906,-3.24
XZ,74,-5.066684162050215,-24.040450082719012,-41.04497439801421,2.4690435376569426,0.001876692942075694,0.00025397959838590364,0.0008095549940805844,-0.0019330870533535555,-23.95473855126508,-3.52
XZ,75,-5.398013479610455,-24.37177940027925,-41.12627356099004,2.542168595554255,0.0017340219189484049,0.0001758035168059246,0.0007004735871388764,-0.001827554352705903,-24.28104121553059,-3.8
XZ,76,-5.730712900311467,-24.704478820980263,-41.18976816981987,2.623395740446503,0.0015991178231156472,0.00010736039904651529,0.0006007470651400221,-0.0017269110432213224,-24.608002083290227,-4.08
XZ,77,-6.064742743911008,-25.038508664579805,-41.2339247467398,2.7138544279874193,0.001471800246063538,4.783823689630593e-05,0.0005096907372043912,-0.001631002782629669,-24.935451156284536,-4.36
XZ,78,-6.4000664886861,-25.373832409354897,-41.25765484667297,2.8146897094349073,0.001351873249303634,-3.531881196213823e-06,0.00042665949204220556,-0.001539671345370695,-25.263205952426254,-4.64
XZ,79,-6.736649659631027,-25.710415580299824,-41.26038882755069,2.9270391591243685,0.0012391273680979848,-4.747634750321582e-05,0.00035104667718518454,-0.0014527557523124177,-25.591070080801398,-4.92
XZ,80,-7.0744582972281265,-26.048224217896923,-41.24212160148321,3.0520094106438176,0.0011333415148352588,-8.46797785510345e-05,0.00028228285783895354,-0.0013700933027547787,-25.918831782114275,-5.2
XZ,81,-7.413456924067969,-26.387222844736765,-41.20342439041199,3.190653740315769,0.001034284779764494,-0.00011578589935346849,0.00021983448124984759,-0.0012915205096983228,-26.246262460667644,-5.47
XZ,82,-7.753605923054671,-26.727371843723468,-41.14542074490939,3.343951956766495,0.0009417181282990622,-0.00014139854503176426,0.00016320247023777197,-0.0012168739404154257,-26.573115241143487,-5.74
XZ,83,-8.094858242723905,-27.068624163392702,-41.06972967462173,3.5127934833064245,0.0008553959954110421,-0.0001620827586309126,0.00011192076733070336,-0.0011459909652953484,-26.89912359157686,-6.01
XZ,84,-8.43715535482545,-27.410921275494246,-40.978382677227515,3.697964032186312,0.0007750677787521335,-0.00017836596602074543,6.555484876591041e-05,-0.0010787104187446645,-27.224000062924812,-6.28
XZ,85,-8.780422409598383,-27.75418833026718,-40.87372394717934,3.9001357669091314,0.0007004792330796665,-0.0001907392107836016,2.3700225513480455e-05,-0.0010148731766220157,-27.54743520532594,-6.55
XZ,86,-9.124562568058014,-28.09832848872681,-40.75830375004557,4.119860425056482,0.0006313737693471275,-0.00019965843392280732,-1.4019053560331574e-05,-0.0009543226552744857,-27.869096731217322,-6.82
XZ,87,-9.469450540806765,-28.44321646147556,-40.634774010785776,4.35756459363953,0.0005674936624531121,-0.0002055457850663085,-4.795188323151166e-05,-0.0008969052377267758,-28.188629005455105,-7.09
XZ,88,-9.814925431190034,-28.78869135185883,-40.50579309498303,4.613546215139916,0.0005085811721482876,-0.0002087909535822136,-7.842155687606605e-05,-0.00084247063296193,-28.505652951795597,-7.36
XZ,89,-10.16078306726821,-29.134548987937006,-40.373944211206336,4.8879714418355205,0.00045437958198944235,-0.00020975250966618868,-0.00010572718535610063,-0.0007908721745237403,-28.819766472670906,-7.63
XZ,90,-10.50676810980518,-29.480534030473976,-40.241669412408555,5.180871112293506,0.00040463416151536533,-0.00020875924700809376,-0.00013014507204970672,-0.0007419670648699372,-29.130545484042344,-7.9
XZ,91,-10.85256633668568,-29.826332257354476,-40.1112192133925,5.492136353127188,0.0003590930570133635,-0.0002061115201039871,-0.00015193003786226816,-0.000695616572013467,-29.43754566793374,-8.15
XZ,92,-11.197797618382793,-30.17156353905159,-39.98461653626922,5.8215130719873285,0.0003175081163494241,-0.00020208257066143794,-0.0001713166915961184,-0.0006516861850027879,-29.740305040618455,-8.4
XZ,93,-11.542010200758536,-30.515776121427333,-39.863633030852235,6.168595375763512,0.00027963565335221443,-0.00019691983886339893,-0.0001885206425113298,-0.0006100457347123684,-30.038347422862334,-8.65
XZ,94,-11.884676983764173,-30.85844290443297,-39.74977566427696,6.532818204103462,0.0002452371571613668,-0.00019084625652517282,-0.00020373965328174788,-0.0005705694862351678,-30.331186878756835,-8.9
XZ,95,-12.225194509028455,-31.19896042969725,-39.644281661391275,6.913449704310869,0.00021407995175855735,-0.00018406152041265764,-0.00021715473283343725,-0.0005331362088894498,-30.618333160450767,-9.15
XZ,96,-12.562885328509957,-31.536651249178753,-39.5481202367168,7.309584085570363,0.00018593781056733047,-0.0001767433451997591,-0.0002289311697414673,-0.000497629229466817,-30.899298157041688,-9.4
XZ,97,-12.89700430750922,-31.870770228178017,-39.46199995415914,7.720135874583386,0.00016059153049907828,-0.00016904869672868493,-0.00023921950794609175,-0.000463936473859129,-31.173603297368473,-9.65
XZ,98,-13.2267492138415,-32.2005151345103,-39.38638088889742,8.143836644297046,0.00013782946908934388,-0.00016111500738764278,-0.0002481564675192365,-0.0004319505016068841,-31.44078779994198,-9.9
XZ,99,-13.551275667571673,-32.52504158824047,-39.32149099596565,8.579235390569846,0.00011744804736075362,-0.0001530613765027841,-0.00025586581405309905,-0.00040156853721839454,-31.700417601494205,-10.15
XZ,100,-13.869716191952875,-32.84348211262167,-39.26734619702484,9.02470377090514,9.925221971592019e-05,-0.00014498975959604827,-0.0002624591809386584,-0.00037269250132559024,-31.95209473270552,-10.4
XZ,101,-14.18120274763099,-33.15496866829979,-39.22377369330354,9.47844737300665,8.305591047168505e-05,-0.00013698615109605382,-0.0002680368493380509,-0.0003452290438838335,-32.195466850829376,-10.61
XZ,102,-14.484891788978153,-33.45865770964695,-39.190437929340696,9.93852402584511,6.868241459202243e-05,-0.0001291217654815445,-0.0002726884910166918,-0.0003190895807102622,-32.430236590201325,-10.82
XZ,103,-14.779990596819601,-33.7537565174884,-39.16686850861438,10.402869882788469,5.5964757810850565e-05,-0.00012145422173500909,-0.0002764938793777182,-0.0002941903337128263,-32.65617035917022,-11.03
XZ,104,-15.065783455137968,-34.039549375806764,-39.1524892384913,10.869333585985164,4.474600878111647e-05,-0.00011402873522632977,-0.0002795235740263647,-0.0002704523742210186,-32.873106201323665,-11.24
XZ,105,-15.34165617912047,-34.31542209978927,-39.14664739210471,11.335718271684227,3.4879533356525736e-05,-0.00010687931958934389,-0.0002818395839852632,-0.0002478016679220281,-33.08096035392614,-11.45
XZ,106,-15.607117580634636,-34.58088350130343,-39.148642241869375,11.79983052907141,2.6229178913070756e-05,-0.00010002999871234823,-0.00028349601429041314,-0.0002261691190678754,-33.279732178793765,-11.66
XZ,107,-15.86181666869443,-34.83558258936323,-39.15775195378912,12.259534738238536,1.8669375129003155e-05,-9.349602565573223e-05,-0.00028453970013660076,-0.00020549061088322257,-33.469507209020406,-11.87
XZ,108,-16.105554702543316,-35.07932062321211,-39.17325803180195,12.712810567106114,1.2085137273199068e-05,-8.728510130231283e-05,-0.00028501083203312256,-0.00018570703850135097,-33.650458144584285,-12.08
XZ,109,-16.338291605387887,-35.312057526056684,-39.19446665583515,13.157810896880926,6.37195916588637e-06,-8.13985811743355e-05,-0.0002849435746050398,-0.00016676433031235138,-33.82284373375037,-12.29
XZ,110,-16.560146661383058,-35.533912582051855,-39.220726448784646,13.592917161765403,1.4355858020495265e-06,-7.58326546112764e-05,-0.0002843666807665582,-0.00014861345334162514,-33.987005586284226,-12.5
XZ,111,-16.77139381043603,-35.74515973110483,-39.25144241681315,14.016789098182514,-2.8083398258780778e-06,-7.057947699371234e-05,-0.0002833041020394456,-0.00013121039819844504,-34.143363069053635,-12.65
XZ,112,-16.97245218437606,-35.946218105044856,-39.28608601558844,14.428406226282151,-6.43475517156318e-06,-6.562823352693397e-05,-0.00028177559482935245,-0.00011451613924476696,-34.29240652544286,-12.8
XZ,113,-17.1638727654826,-36.1376386861514,-39.324201486588144,14.827099003692672,-9.50977440686795e-06,-6.0966112753885864e-05,-0.00027979732154393886,-9.849656592648845e-05,-34.43468912976614,-12.95
XZ,114,-17.34632218050193,-36.320088101170725,-39.3654087704343,15.212568419228244,-1.209138803241056e-05,-5.65791697096429e-05,-0.00027738244457241703,-8.312238166794281e-05,-34.57081773181219,-13.1
XZ,115,-17.52056467130808,-36.494330591976876,-39.409403430397944,15.584893717861918,-1.4230244976731312e-05,-5.245306241128521e-05,-0.00027454171037529185,-6.836896733389627e-05,-34.70144306310694,-13.25
XZ,116,-17.68744322108609,-36.66120914175489,-39.45595410448298,15.944528841748504,-1.5970491438461138e-05,-4.8573650834251256e-05,-0.00027128402027725725,-5.4216206986486155e-05,-34.827249666733785,-13.4
XZ,117,-17.847860684621743,-36.82162660529054,-39.504898048012016,16.292288924164772,-1.7350637852038574e-05,-4.492745404339271e-05,-0.0002676169840311848,-4.064827447873585e-05,-34.94894588031603,-13.55
XZ,118,-18.00276159890351,-36.97652751957231,-39.556135332619235,16.62932870732589,-1.8404424755602173e-05,-4.150196797500661e-05,-0.00026354745183491995,-2.7653380303221702e-05,-35.06725415241415,-13.7
XZ,119,-18.15311516083797,-37.12688108150677,-39.60962223690364,16.957115038022014,-1.9161659929397226e-05,-3.828585276360884e-05,-0.00025908202023796104,-1.5223479025968946e-05,-35.182901912231564,-13.85
XZ,120,-18.29989967326823,-37.273665593937025,-39.665364305728296,17.27739563423533,-1.964900259203659e-05,-3.5269003865647484e-05,-0.00025422750726929633,-3.3539385568639523e-06,-35.29661314718939,-14.0
XZ,121,-18.444088593404565,-37.41785451407336,-39.72340947765058,17.592166147224972,-1.9890675142820452e-05,-3.244252515772676e-05,-0.0002489913921445869,7.956826584419661e-06,-35.40910077791875,-14.15
XZ,122,-18.586638177548416,-37.56040409821721,-39.78384159204119,17.903637215900464,-1.990908830498655e-05,-2.979862452578806e-05,-0.00024338221506121167,1.8707754972802017e-05,-35.52105985968285,-14.3
XZ,123,-18.728476605308174,-37.70224252597697,-39.8467744973628,18.214202770841425,-1.9725370975863095e-05,-2.7330453277750076e-05,-0.00023740993285354273,2.8895567091939597e-05,-35.63316158600599,-14.45
XZ,124,-18.870494383930748,-37.844260304599544,-39.912346896747046,18.52641032881401,-1.9359801151663353e-05,-2.503191022962324e-05,-0.0002310862266467615,3.851521863364259e-05,-35.746048025912195,-14.6
XZ,125,-19.01353577497556,-37.987301695644355,-39.980717991390186,18.842933441092534,-1.8832138636536142e-05,-2.2897429850822283e-05,-0.00022442475810478146,4.756037296830659e-05,-35.86032749110422,-14.75
XZ,126,-19.158390946511275,-38.13215686718007,-40.052063919079835,19.166545815232197,-1.816186367880101e-05,-2.0921771753666366e-05,-0.0002174413714058128,5.602388686570433e-05,-35.976570403259565,-14.9
XZ,127,-19.30578852988583,-38.27955445055463,-40.12657493469665,19.50009589403805,-1.736832813426468e-05,-1.909982640061963e-05,-0.00021015423868734866,6.389830303183358e-05,-36.0953055134472,-15.05
XZ,128,-19.456388247979824,-38.43015416864862,-40.20445323969467,19.846479802507737,-1.647082725154096e-05,-1.7426449457047256e-05,-0.00020258394737102735,7.11763426142116e-05,-36.217016314280094,-15.2
XZ,129,-19.610773281336385,-38.58453920200518,-40.28591133357375,20.20860950594196,-1.548860076699335e-05,-1.5896334949514778e-05,-0.00019475352849711107,7.785139052305473e-05,-36.34213747959458,-15.35
XZ,130,-19.769442053160617,-38.74320797382941,-40.37117072416318,20.58937170439496,-1.4440771754730305e-05,-1.4503935444814549e-05,-0.00018668842595776525,8.391796622570744e-05,-36.471051165164,-15.5
XZ,131,-19.932799153182387,-38.90656507385118,-40.46046078235129,20.99157140174112,-1.3346230647244289e-05,-1.3243435916231331e-05,-0.00017841640730812945,8.937217260362329e-05,-36.60408300652419,-15.68
XZ,132,-20.101145201881785,-39.07491112255058,-40.55401744081487,21.41785233001596,-1.2223470032912174e-05,-1.2108786801818305e-05,-0.00016996741764171443,9.42121155202561e-05,-36.74149765624777,-15.86
XZ,133,-20.274665612055188,-39.248431532723984,-40.65208128415638,21.870584865515,-1.1090373214010683e-05,-1.1093800857608882e-05,-0.000161373378831838,9.843828693876348e-05,-36.88349371335391,-16.04
XZ,134,-20.453418485308013,-39.42718440597681,-40.754894311931565,22.351711746273576,-9.963956027811877e-06,-1.0192317448524527e-05,-0.0001526679372492626,0.00010205390475295628,-37.03019791316106,-16.22
XZ,135,-20.63732236433711,-39.611088285005906,-40.86269420631404,22.862545024556496,-8.860057133931346e-06,-9.398436258978687e-06,-0.00014388616385619697,0.00010506520295334807,-37.1816584687535,-16.4
XZ,136,-20.826145354159777,-39.799911274828574,-40.97570420966058,23.40351871205396,-7.792967214779735e-06,-8.706818877955444e-06,-0.00013506421133496966,0.00010748166634019724,-37.33783748828212,-16.58
XZ,137,-21.019498346147067,-39.99326426681586,-41.094115616259444,23.973928430843877,-6.774983492466474e-06,-8.113049416932586e-06,-0.00012623893362367328,0.00010931620471077785,-37.49860243950967,-16.76
XZ,138,-21.216836796781116,-40.19060271744991,-41.21805837121245,24.571744229812673,-5.815875462899435e-06,-7.614031603044873e-06,-0.00011744747389019858,0.00011058526228068689,-37.66371669930449,-16.94
XZ,139,-21.417477586440043,-40.39124350710884,-41.3475535386107,25.193679710029592,-4.922256392851206e-06,-7.208377031018759e-06,-0.00010872682757158762,0.00011130885903554953,-37.832829317039916,-17.12
XZ,140,-21.62063926088028,-40.59440518154908,-41.482440171606854,25.83584585160318,-4.096881815708404e-06,-6.896707469308385e-06,-0.00010011338763162605,0.00011151056173578057,-38.00546424336943,-17.3
XZ,141,-21.82551392787782,-40.79927984854662,-41.62226999446822,26.495488156967536,-3.3379505136763838e-06,-6.681761312522856e-06,-9.16424796451987e-05,0.00011121738339495503,-38.18100943552638,-17.55
XZ,142,-22.031374918219754,-41.00514083888855,-41.76616873692225,27.174428568754774,-2.6385653398477027e-06,-6.568182742982923e-06,-8.334789470582437e-05,0.0001104596112034566,-38.35870645119589,-17.8
XZ,143,-22.237714236985383,-41.21148015765418,-41.91267486886381,27.88482879710148,-1.98659291922813e-06,-6.561916621934775e-06,-7.526142848238709e-05,0.00010927056405453424,-38.537641384946525,-18.05
XZ,144,-22.444389688219516,-41.41815560888831,-42.05958313519109,28.657880225583124,-1.3651755751961537e-06,-6.6692550319554174e-06,-6.741243503688791e-05,0.000107686282033987,-38.71673827650265,-18.3
XZ,145,-22.651751360104804,-41.6255172807736,-42.20383372809401,29.556783094204057,-7.540199879273848e-07,-6.895747845251233e-06,-5.982740427596733e-05,0.00010574515144526823,-38.894756409356624,-18.55
XZ,146,-22.860721435187756,-41.83448735585655,-42.34148747014136,30.69919057404921,-1.3131695806944902e-07,-7.245292772991593e-06,-5.252957216825372e-05,0.00010348747015640597,-39.070293185511495,-18.8
XZ,147,-23.072822248191265,-42.04658816886006,-42.46781022457785,32.30836601575192,5.241252657760344e-07,-7.719658494451654e-06,-4.553857313774539e-05,0.00010095495928103821,-39.241794451553886,-19.05
XZ,148,-23.290172536829076,-42.26393845749787,-42.57746721847905,34.872281360189426,1.2310355376686535e-06,-8.318489651486757e-06,-3.887014435408191e-05,9.819022846563329e-05,-39.407574185935054,-19.3
XZ,149,-23.515483283186597,-42.489249203855394,-42.66481542175244,39.90836269882948,2.0044632523500674e-06,-9.03964050208604e-06,-3.253589197976407e-05,9.523620338628788e-05,-39.56584524501265,-19.55
XZ,150,-23.752076273631616,-42.72584219430041,-42.724282485979316,80.9360182932029,2.8552582015723515e-06,-9.879610765560868e-06,-2.6543129765508506e-05,9.2135525513601e-05,-39.7147623134816,-19.8
XZ,151,-24.00392879770726,-42.97769471837606,-42.750822267317716,37.68174459107417,3.7901036466538178e-06,-1.0833912757582024e-05,-2.0894800623112214e-05,8.892993584207522e-05,-39.85247724702195,-20.02
XZ,152,-24.27572851483862,-43.249494435507415,-42.7404261069466,30.663850302951623,4.811885099244913e-06,-1.1897300459427095e-05,-1.5589491798411995e-05,8.565965615164333e-05,-39.9772056281046,-20.24
XZ,153,-24.572909755188647,-43.54667567585744,-42.69064243339892,26.15409996323407,5.920205757577352e-06,-1.3063868704686483e-05,-1.0621553780506698e-05,8.236278348913714e-05,-40.08730167788893,-20.46
XZ,154,-24.9016375401487,-43.875403460817495,-42.60102416784765,22.706473628686087,7.111925601484694e-06,-1.4327064618036091e-05,-5.98133179958403e-06,7.907471586826948e-05,-40.18133690119642,-20.68
XZ,155,-25.268708514553502,-44.2424744352223,-42.473401539319376,19.871924924322123,8.381661333430967e-06,-1.567965606714157e-05,-1.6555163029040829e-06,7.582762950865037e-05,-40.25817632555917,-20.9
XZ,156,-25.68134992925203,-44.655115849920826,-42.31188541268616,17.453042176714842,9.722224167575649e-06,-1.7113690953664235e-05,2.3723852272645854e-06,7.265002992247544e-05,-40.3170453220876,-21.12
XZ,157,-26.14691987867389,-45.12068579934269,-42.1225518058995,15.345510441784523,1.1124993670253324e-05,-1.862046817024942e-05,6.121458623778677e-06,6.956640027562333e-05,-40.35758010635331,-21.34
XZ,158,-26.672542303633946,-45.64630822430274,-41.912833408919354,13.486929349451064,1.25802348387033e-05,-2.0190530712677233e-05,9.61268682270553e-06,6.659697000100908e-05,-40.37985627554366,-21.56
XZ,159,-27.26474158370422,-46.23850750437302,-41.690723317344464,11.836204378010422,1.4077368005763857e-05,-2.1813684595355e-05,1.2868167639935128e-05,6.375762386944823e-05,-40.38439203775239,-21.78
XZ,160,-27.929161914863066,-46.90292783553186,-41.46394852432806,10.36403742802596,1.56052005947078e-05,-2.3479043216091187e-05,1.5910276004855542e-05,6.105996600785299e-05,-40.37212574308903,-22.0
XZ,161,-28.670454513906364,-47.64422043457516,-41.23927430944285,9.048132661656581,1.7152128167254822e-05,-2.5175094726800973e-05,1.8760810273237212e-05,5.851154447101166e-05,-40.34437035731011,-22.3
XZ,162,-29.492387428585367,-48.466153349254164,-41.02205478298929,7.8706314301476095,1.8706310514289052e-05,-2.688978903496858e-05,2.1440168897385333e-05,5.6116230343779616e-05,-40.302750026786114,-22.6
XZ,163,-30.398187482681863,-49.37195340335066,-40.8160697210194,6.816679826423667,2.0255827082520088e-05,-2.861064077726863e-05,2.3966606193841164e-05,5.387473216975925e-05,-40.249125421951504,-22.9
XZ,164,-31.391080359744052,-50.36484628041285,-40.623613660005915,5.873600012651028,2.17888148978051e-05,-3.0324844661856605e-05,2.635561304742429e-05,5.178521364561281e-05,-40.185514935726275,-23.2
XZ,165,-32.47497153206851,-51.448737452737305,-40.44575495140563,5.030394079047812,2.3293591314985494e-05,-3.201939979289326e-05,2.8619459912375383e-05,4.984397217684604e-05,-40.114018156702976,-23.5
XZ,166,-33.65521672375345,-52.628982644422244,-40.28266946237272,4.277435425039817,2.475876333815308e-05,-3.368123987583705e-05,3.076692636169965e-05,4.804613002259402e-05,-40.03674664229345,-23.8
XZ,167,-34.939463584476776,-53.91322950514557,-40.13396934826628,3.6062676712504205,2.61733248541964e-05,-3.52973665063867e-05,3.280322564135114e-05,4.6386289543497115e-05,-39.955765275781744,-24.1
XZ,168,-36.33859862955713,-55.31236455022593,-39.9989770907812,3.00946567462056,2.7526742854525337e-05,-3.685498304621929e-05,3.473011667744726e-05,4.485910956666805e-05,-39.87304576253693,-24.4
XZ,169,-37.86790146794368,-56.84166738861248,-39.87692481982626,2.4805321316741065,2.8809033544203275e-05,-3.8341626875191504e-05,3.6546182124741454e-05,4.3459770034268566e-05,-39.79043235888881,-24.7
XZ,170,-39.548600362175364,-58.52236628284416,-39.76708069560355,2.0138140438983463,3.0010829123824633e-05,-3.974529807764565e-05,3.8247241031407264e-05,4.2184305059180006e-05,-39.709618860308034,-25.0
XZ,171,-41.410169431387736,-60.38393535205653,-39.66881587353721,1.6044298438119853,3.112343595467155e-05,-4.105458286915461e-05,3.982685927004603e-05,4.102979815829643e-05,-39.632135222098746,-25.0
XZ,172,-43.49398045224278,-62.46774637291158,-39.581629206641146,1.2482021611160192,3.213888476640237e-05,-4.2258770299158024e-05,4.1276919846278766e-05,3.9994445892223674e-05,-39.55934189158461,-25.0
XZ,173,-45.85949261636705,-64.83325853703585,-39.505145513013034,0.9415939651790546,3.304997352752369e-05,-4.3347960975095834e-05,4.258821766063368e-05,3.9077506106225294e-05,-39.492429906695094,-25.0
XZ,174,-48.59547791029917,-67.56924383096796,-39.43909973499594,0.681647599576385,3.385030356431342e-05,-4.43131667445983e-05,4.375104805672593e-05,3.82791538198609e-05,-39.432424967835004,-25.0
XZ,175,-51.84215524118403,-70.81592116185283,-39.38331546752969,0.4659272796778458,3.453430947920156e-05,-4.514640044548734e-05,4.475576433041721e-05,3.760027153274363e-05,-39.38019393650316,-25.0
XZ,176,-55.840111905656386,-74.81387782632518,-39.33768305572309,0.29246614025721207,3.509728338131829e-05,-4.5840754989064276e-05,4.559328531342266e-05,3.704220169316673e-05,-39.336452494276024,-25.0
XZ,177,-61.05837071031294,-80.03213663098174,-39.3021400540313,0.1597190472538243,3.5535393898486166e-05,-4.639047118111924e-05,4.6255539506403375e-05,3.660648791091834e-05,-39.30177296931807,-25.0
XZ,178,-68.64048553176261,-87.6142514524314,-39.27665526472714,0.06652220189965599,3.584570039034116e-05,-4.679099380896547e-05,4.6735836659484477e-05,3.629462881125264e-05,-39.27659158202124,-25.0
XZ,179,-83.4574900376965,-102.4312559583653,-39.26121666051295,0.012059863923479389,3.6026162726771345e-05,-4.7039015632830955e-05,4.702916107059829e-05,3.6107864771707414e-05,-39.2612145674597,-25.0
XZ,180,-92.63288147260684,-111.60664739327564,-39.25582305247293,0.004190859430587109,3.6075646934505135e-05,-4.7132509018084703e-05,4.713238325776229e-05,3.604701357542078e-05,-39.2558227997167,-25.0
XZ,181,-80.08578210943321,-99.05954803010201,-39.26047922557436,0.017778332077205746,-3.599392694837712e-05,4.7070745032884326e-05,-4.704438822532015e-05,-3.611236653570959e-05,-39.260474676980046,-25.0
XZ,182,-67.27550480914104,-86.24927072980984,-39.27519430579067,0.07782934709251299,-3.578168263375713e-05,4.685429991679251e-05,-4.67661195054895e-05,-3.630365206183051e-05,-39.27510713473402,-25.0
XZ,183,-60.18611104844217,-79.15987696911097,-39.299983257574134,0.17654871821840373,-3.5440494173556506e-05,4.648504890180715e-05,-4.630053875098324e-05,-3.662006902333795e-05,-39.299534747177674,-25.0
XZ,184,-55.20128206993209,-74.17504799060089,-39.33487157264018,0.3146900295555507,-3.497283283891588e-05,4.5966147441555425e-05,-4.565250112477532e-05,-3.706038765696269e-05,-39.33344696444889,-25.0
XZ,185,-51.34190005668842,-70.31566597735721,-39.37990334384888,0.49337020210519494,-3.4382048087888445e-05,4.530199997853016e-05,-4.48285473211164e-05,-3.7623111154820945e-05,-39.37640362585625,-25.0
XZ,186,-48.18810809433501,-67.1618740150038,-39.43515295717491,0.7140896962485885,-3.367235086283059e-05,4.4498216458075e-05,-4.383661399846239e-05,-3.830668650150824e-05,-39.42782899730416,-25.0
XZ,187,-45.51941455029089,-64.49318047095969,-39.50074049457946,0.9787719590518006,-3.2848792885952994e-05,4.356155688167478e-05,-4.2685665945634665e-05,-3.910974866699189e-05,-39.48700471403171,-25.0
XZ,188,-43.20538930873848,-62.17915522940728,-39.576850501416004,1.2898110251140082,-3.191724168415086e-05,4.24998642855239e-05,-4.1385255653636455e-05,-4.003137807286915e-05,-39.55306217553841,-25.0
XZ,189,-41.16260261676123,-60.13636853743002,-39.66375287597339,1.6501254886380732,-3.0884351010526815e-05,4.132198663399449e-05,-3.9945019291004115e-05,-4.107134760806659e-05,-39.62497514299111,-25.0
XZ,190,-39.334749511061446,-58.30851543173024,-39.761823102716086,2.06321759537684,-2.9757526270581967e-05,4.003768823462775e-05,-3.8374122445986275e-05,-4.223033278696893e-05,-39.70155352968884,-25.0
XZ,191,-37.6824267081786,-56.6561926288474,-39.87155671522705,2.533236455786567,-2.8544884506442688e-05,3.865755141230513e-05,-3.668067429595391e-05,-4.351005745592282e-05,-39.78143964275021,-24.7
XZ,192,-36.17743572754133,-55.151201648210126,-39.993569712734164,3.065044934778588,-2.7255208441946018e-05,3.719286932743079e-05,-3.4871134742116714e-05,-4.491334838041038e-05,-39.86310840629217,-24.4
XZ,193,-34.79939375869701,-53.773159679365804,-40.12857296352712,3.664290855461857,-2.58978940433866e-05,3.565553098659508e-05,-3.2949744846821075e-05,-4.644407567292e-05,-39.94487333299168,-24.1
XZ,194,-33.53358655677331,-52.507352477442105,-40.27730530386635,4.337484980350025,-2.4482891002402166e-05,3.405789967533073e-05,-3.091801566302219e-05,-4.8106962743593014e-05,-40.024900151710476,-23.8
XZ,195,-32.36950494901366,-51.343270869682456,-40.44040884059605,5.092091091831145,-2.3020635494248787e-05,3.241268624134509e-05,-2.877431306276317e-05,-4.990725926366538e-05,-40.10122996402315,-23.5
XZ,196,-31.29975192218292,-50.27351784285172,-40.61823355367457,5.936637884228019,-2.1521974499858022e-05,3.0732818873472045e-05,-2.6513575255804964e-05,-5.1850282928838655e-05,-40.17181350054255,-23.2
XZ,197,-30.319140515801458,-49.292906436470254,-40.810569677028326,6.880869309344728,-1.9998080893158085e-05,2.903131125533457e-05,-2.4127194455420016e-05,-5.394084932667574e-05,-40.234557393513214,-22.9
XZ,198,-29.42388772144124,-48.397653642110036,-41.016327315229276,7.935961559868712,-1.8460358372056734e-05,2.732113122335989e-05,-2.1603084372545883e-05,-5.618262210916491e-05,-40.28738232489821,-22.6
XZ,199,-28.610873158511488,-47.584639079180285,-41.23321148352751,9.114855185920177,-1.6920335132292015e-05,2.5615072321860565e-05,-1.8925941600263274e-05,-5.8577425861899644e-05,-40.328291470890576,-22.3
XZ,200,-27.876980794065936,-46.85074671473473,-41.457469528874356,10.43278807221835,-1.5389544921311173e-05,2.392563091816566e-05,-1.607769313351959e-05,-6.112456970414456e-05,-40.35544597284522,-22.0
XZ,201,-27.2185734968052,-46.192339417473995,-41.68380338236393,11.908185369212301,-1.3879393730530632e-05,2.2264891803704013e-05,-1.3038106567727937e-05,-6.38202296676319e-05,-40.36724247175981,-21.78
XZ,202,-26.631156331857895,-45.60492225252669,-41.90552712453286,13.564200108978106,-1.2401009846915305e-05,2.064442543542967e-05,-9.785526378355835e-06,-6.665693229938032e-05,-40.362386399047,-21.56
XZ,203,-26.109262761089674,-45.08302868175847,-42.115004333107976,15.431481975708826,-1.0965074246057831e-05,1.9075200113832304e-05,-6.2976910539007225e-06,-6.962317183841392e-05,-40.33995409897183,-21.34
XZ,204,-25.646556541694473,-44.62032246236327,-42.3043280641911,17.55338474396061,-9.58162733635151e-06,1.756751235220121e-05,-2.552582716160427e-06,-7.27031806401348e-05,-40.29943726279151,-21.12
XZ,205,-25.236098464679948,-44.209864385348745,-42.466132686788924,19.996396251106866,-8.259846872321171e-06,1.6130938297142796e-05,1.4707369434008135e-06,-7.587685942731888e-05,-40.24076467547107,-20.9
XZ,206,-24.870699057766693,-43.84446497843549,-42.594380450847275,22.87307318111816,-7.007790576244475e-06,1.4774308027890488e-05,5.791344171921193e-06,-7.911986230658313e-05,-40.16429873378297,-20.68
XZ,207,-24.543275130407807,-43.5170410510766,-42.68496706373454,26.400286047302757,-5.832096033613496e-06,1.3505702449418064e-05,1.0425754897351716e-05,-8.240382252111313e-05,-40.070807152905914,-20.46
XZ,208,-24.24714665805373,-43.220912578722526,-42.73604013908094,31.086591242297928,-4.737630662867699e-06,1.2332468689440363e-05,1.5387331679280175e-05,-8.569669906776669e-05,-39.96141315492001,-20.24
XZ,209,-23.97624019257045,-42.95000611323925,-42.74800189092155,38.690068590037605,-3.7270878010198472e-06,1.1261243745309419e-05,2.0685807588881242e-05,-8.896322139804124e-05,-39.837529668674364,-20.02
XZ,210,-23.725194222521424,-42.69896014319022,-42.723242297039015,57.09114758104391,-2.8005343135366157e-06,1.029796731921696e-05,2.632693094627256e-05,-9.216540885273191e-05,-39.7007842927829,-19.8
XZ,211,-23.489383428984887,-42.46314934965368,-42.66569570043843,38.66679117765518,-1.954935127968112e-06,9.447854489420318e-06,3.2312228901383794e-05,-9.526314250656613e-05,-39.55294188029045,-19.55
XZ,212,-23.264890431703627,-42.23865635237242,-42.5803232150275,34.12594873535142,-1.1837151851367098e-06,8.715291545734026e-06,3.863888373530203e-05,-9.82147690275619e-05,-39.39583075395986,-19.3
XZ,213,-23.048456291889657,-42.022222212558454,-42.47260322794776,31.727230330857413,-4.7646929716747003e-07,8.103623566016964e-06,4.529971321425347e-05,-0.00010097771844679514,-39.231277085361135,-19.05
XZ,214,-22.837436115019685,-41.81120203568848,-42.348080141278345,30.20213695542226,1.8101845646045e-07,7.614833568691527e-06,5.2283244973488585e-05,-0.00010350912003579885,-39.06105024966743,-18.8
XZ,215,-22.629774393141325,-41.60354031381012,-42.211994205737824,29.115883460948453,8.062674451642527e-07,7.249177755516388e-06,5.957387436609338e-05,-0.00010576640261394261,-38.88682032950519,-18.55
XZ,216,-22.42399796171459,-41.39776388238339,-42.06900180065195,28.2636776336545,1.418994032892165e-06,7.004921473427307e-06,6.715209516446502e-05,-0.00010770786749168724,-38.71012760303118,-18.3
XZ,217,-22.219208085413655,-41.19297400608245,-41.92299350721108,27.535307685182644,2.0394678925178883e-06,6.8783612950860805e-06,7.499479271350601e-05,-0.00010929322390887641,-38.53236291020504,-18.05
XZ,218,-22.01504633104976,-40.98881225171856,-41.77701608085606,26.87007286785175,2.6866137988212676e-06,6.864258094146228e-06,8.307558944962946e-05,-0.00011048407829745745,-38.35475724527921,-17.8
XZ,219,-21.81161770847089,-40.78538362913969,-41.63329437857754,26.236777105695793,3.3762758496081486e-06,6.9566444593146304e-06,9.13652330298938e-05,-0.00011124437004241989,-38.17837870954191,-17.55
XZ,220,-21.609374455147034,-40.58314037581583,-41.49333181388915,25.62217426838286,4.120004902517924e-06,7.149801404210697e-06,9.983201762325496e-05,-0.00011154074768541153,-38.00413498680095,-17.3
XZ,221,-21.408981346186067,-40.382747266854864,-41.35805416738005,25.02317954537698,4.924517192566455e-06,7.439138249213735e-06,0.00010844222919360796,-0.00011134288074955217,-37.83277968540109,-17.12
XZ,222,-21.21118812828591,-40.18495404895471,-41.22796066026532,24.441573125910516,5.791744656715663e-06,7.82178241659499e-06,0.00011716060586484278,-0.00011062370358454596,-37.664921149659584,-16.94
XZ,223,-21.016727262510173,-39.99049318317897,-41.10325684669326,23.880695811512666,6.719273138317752e-06,8.29682109039507e-06,0.00012595080472165536,-0.0001093595888463106,-37.5010326255937,-16.76
XZ,224,-20.82624348748601,-39.80000940815481,-40.98395805960952,23.343662538743178,7.70095922170146e-06,8.86524707299637e-06,0.00013477586668775684,-0.0001075304494323821,-37.341462935323555,-16.58
XZ,225,-20.64025262872142,-39.61401854939022,-40.86996305310926,22.83259233590011,8.72757668922633e-06,9.529709757059665e-06,0.0001435986714552215,-0.0001051197688822515,-37.18644705218827,-16.4
XZ,226,-20.45912278941966,-39.432888710088456,-40.761103039229084,22.348425250495932,9.78741312472672e-06,1.0294170431905532e-05,0.00015238237482853486,-0.00010211456140451881,-37.0361161665764,-16.22
XZ,227,-20.283070503066973,-39.25683642373577,-40.65717271723264,21.891024162409423,1.086678775737169e-05,1.1163536331089278e-05,0.00016109082130433898,-9.850526379228347e-05,-36.89050699031394,-16.04
XZ,228,-20.11216573079666,-39.08593165146546,-40.55794913644664,21.459380765812877,1.19504891719682e-05,1.2143320241534515e-05,0.0001696889252354367,-9.428556251586898e-05,-36.749570168968326,-15.86
XZ,229,-19.94634136539794,-38.92010728606674,-40.46320279570833,21.051832878690483,1.302214229196056e-05,1.3239351071239928e-05,0.00017814301452436963,-8.945216021989613e-05,-36.6131777622861,-15.68
XZ,230,-19.785404481182148,-38.759170401850945,-40.37270401055654,20.666253737863624,1.4064515461823513e-05,1.445754692606829e-05,0.00018642113145228277,-8.400448668586158e-05,-36.48112981928809,-15.5
XZ,231,-19.62904774165628,-38.602813662325076,-40.28622652536596,20.300202339418473,1.5059775728073757e-05,1.5803754315308106e-05,0.00019449328596396557,-7.794436003810085e-05,-36.353160122011225,-15.35
XZ,232,-19.476860165954903,-38.4506260866237,-40.203549623843166,19.951036960088743,1.5989696436235178e-05,1.7283652910032243e-05,0.00020233165748921226,-7.127560456282235e-05,-36.22894120535995,-15.2
XZ,233,-19.328336951733206,-38.302102872402,-40.124459527741806,19.61599881303931,1.6835817368449427e-05,1.8902723077761122e-05,0.0002099107421717353,-6.400363196988441e-05,-36.108088783893955,-15.05
XZ,234,-19.182888349733417,-38.156654270402214,-40.04875059060869,19.29227363955595,1.7579554356654855e-05,2.0666272065391563e-05,0.00021720744318661105,-5.6134993253098443e-05,-35.99016573250817,-14.9
XZ,235,-19.039847755860976,-38.01361367652977,-39.976226625911046,18.977038233132703,1.820225276409043e-05,2.2579513527144485e-05,0.00022420110264350425,-4.767690849708015e-05,-35.87468577879082,-14.75
XZ,236,-18.898479280141416,-37.87224520081021,-39.906702610556536,18.667497567781698,1.868517745256594e-05,2.4647693739898098e-05,0.00023087347438172765,-3.863678203933187e-05,-35.76111707150915,-14.6
XZ,237,-18.75798510001325,-37.73175102068205,-39.84000694416334,18.36091685173152,1.900943084926013e-05,2.687625615792125e-05,0.00023720863775436547,-2.902171032945451e-05,-35.64888579253883,-14.45
XZ,238,-18.617512926726356,-37.59127884739515,-39.77598440087255,18.05465162582672,1.9155790526056876e-05,2.927103390536962e-05,0.00024319285325906913,-1.883798963892734e-05,-35.53737997842254,-14.3
XZ,239,-18.476163917977956,-37.44992983864675,-39.714499870529835,17.74617800358424,1.9104458367108296e-05,3.183845745411701e-05,0.00024881436159391397,-8.090630471104762e-06,-35.425953711877646,-14.15
XZ,240,-18.333001361183165,-37.30676728185196,-39.655442941156245,17.433124281051043,1.883471500015432e-05,3.458576223328187e-05,0.00025406312838628474,3.2171148910851162e-06,-35.31393183193148,-14.0
XZ,241,-18.187060429664214,-37.16082635033301,-39.59873331969325,17.113304389598966,1.832447576306456e-05,3.7521178487141e-05,0.0002589305374522958,1.508420577468764e-05,-35.20061529267258,-13.85
XZ,242,-18.03735927557466,-37.011125196243455,-39.54432702084767,16.784752990058074,1.7549748074297956e-05,4.0654083629422134e-05,0.00026340903598309745,2.7512242123891e-05,-35.08528727367376,-13.7
XZ,243,-17.882911663883206,-36.856677584552,-39.49222317487633,16.445761393929743,1.6483994587907937e-05,4.3995095974387313e-05,0.00026749173551260483,4.050586449400238e-05,-34.96722010901972,-13.55
XZ,244,-17.722741266175085,-36.69650718684388,-39.44247121721127,16.094912948885458,1.509741172311829e-05,4.755608841323288e-05,0.00027117197288824995,5.4073121164353604e-05,-34.8456830562114,-13.4
XZ,245,-17.55589761733343,-36.529663538002225,-39.395178131119444,15.73111606448621,1.3356138698364451e-05,5.135010166399157e-05,0.0002744428357308996,6.822579932779986e-05,-34.719950871542466,-13.25
XZ,246,-17.381473591002248,-36.355239511671044,-39.35051532619296,15.353632721958112,1.1221417558341382e-05,5.539113936246834e-05,0.0002772966570214688,8.297971818838382e-05,-34.589313096516314,-13.1
XZ,247,-17.198624074291466,-36.17238999496026,-39.308724658688405,14.962100162251454,8.648729246899172e-06,5.969383151007805e-05,0.00027972448347965455,9.835498270613499e-05,-34.45308389348111,-12.95
XZ,248,-17.006585327688796,-35.98035124835759,-39.270123043274474,14.556543531475565,5.586933918909243e-06,6.427295844829782e-05,0.00028171552229548354,0.0001143761976477011,-34.31061220224951,-12.8
XZ,249,-16.80469431863115,-35.778460239299946,-39.23510507770248,14.137377616292223,1.9774448651696043e-06,6.914283413645163e-05,0.0002832565705309237,0.00013107264251253518,-34.161291928532144,-12.65
XZ,250,-16.592407138990126,-35.56617305965892,-39.204143108957446,13.705396423346638,-2.2465356728336585e-06,7.4316554408207e-05,0.00028433143112405955,0.00014847840878062682,-34.00457182575686,-12.5
XZ,251,-16.369315484389055,-35.34308140505785,-39.17778421615402,13.261750199708715,-7.160693907820453e-06,7.980512229725961e-05,0.00028492031890475246,0.00016663250174142873,-33.83996470051783,-12.29
XZ,252,-16.135160113825826,-35.10892603449462,-39.156643673860415,12.807910462275633,-1.2850175583280782e-05,8.561646770391476e-05,0.00028499925937659174,0.0001855789098865319,-33.66705556389944,-12.08
XZ,253,-15.889840244290788,-34.863606164959585,-39.141394588809334,12.345624576231337,-1.9410037836783334e-05,9.17543820403161e-05,0.0002845394822507914,0.00020536664545236092,-33.48550836990117,-11.87
XZ,254,-15.633417980377622,-34.60718390104642,-39.13275356900068,11.876862259481502,-2.694557612542359e-05,9.821738974461401e-05,0.00028350681085531935,0.00022604976015817363,-33.29507102924325,-11.66
XZ,255,-15.366117133299234,-34.33988305396803,-39.1314624791528,11.40375697472396,-3.5572527289838905e-05,0.0001049975777254641,0.00028186104761506164,0.0002476873404773991,-33.09557845999535,-11.45
XZ,256,-15.088316131562209,-34.062082052231005,-39.13826654832878,10.928545431006198,-4.54171555456259e-05,0.0001120794012232059,0.0002795553548405331,0.00027034348689229697,-32.88695353063953,-11.24
XZ,257,-14.800535135981548,-33.774301056650344,-39.15388930824647,10.45350833741373,-5.6616232326820605e-05,0.00011943848079783101,0.00027653562911019624,0.0002940872815049662,-32.669205858608116,-11.03
XZ,258,-14.503417901988549,-33.477183822657345,-39.17900503495895,9.980915173798067,-6.931692327102957e-05,0.0001270404008057716,0.0002727398666237089,0.000318992748113915,-32.4424285385215,-10.82
XZ,259,-14.19770933345798,-33.171475254126776,-39.2142095218944,9.512975149108078,-8.367659630984133e-05,0.00013483951539881888,0.0002680975160784173,0.00034513880842393705,-32.20679297930461,-10.61
XZ,260,-13.884229996932845,-32.85799591760164,-39.25999011051005,9.05179580834282,-9.986256409551777e-05,0.00014277776423175646,0.00026252881491362957,0.0003726092374573315,-31.962542118941563,-10.4
XZ,261,-13.5638490742733,-32.537614994942096,-39.31669593420754,8.599350023456033,-0.00011805177225069912,0.00015078349699139187,0.0002559441042058011,0.00040149262050077493,-31.70998235273954,-10.15
XZ,262,-13.2374573015584,-32.2112232222272,-39.384509290016275,8.157451442165662,-0.00013843044258768621,0.00015877030367847934,0.00024824311710573726,0.0004318823130861596,-31.44947455134615,-9.9
XZ,263,-12.905941367559201,-31.879707288227998,-39.46341895223242,7.727737924820661,-0.000161193677876467,0.0001666358462661602,0.00023931423550116506,0.00046387640459841787,-31.181424557302936,-9.65
XZ,264,-12.57016104068888,-31.543926961357677,-39.553196107662664,7.3116620984631435,-0.000186545032228785,0.00017426068681243657,0.0002290337095715015,0.0004975776851638795,-30.9062735354905,-9.4
XZ,265,-12.230929989900194,-31.20469591056899,-39.653373459989666,6.9104879005856095,-0.00021469604889562822,0.00018150710716334154,0.00021726483507667334,0.0005330936145315026,-30.624488517664737,-9.15
XZ,266,-11.889000904203318,-30.862766824872114,-39.76322796451851,6.52529185815001,-0.00024586576534569703,0.00018821791588364726,0.00020385708358183728,0.0005705362907473388,-30.336553430150012,-8.9
XZ,267,-11.545055142520695,-30.518821063189492,-39.88176765748203,6.1569678268941885,-0.00028028018393201143,0.0001942152388475463,0.00018864518135418084,0.0006100224155645628,-30.04296083299264,-8.65
XZ,268,-11.199696802010031,-30.173462722678828,-40.00772317044014,5.806233976532679,-0.00031817170524523977,0.0001992992908969621,0.00017144813336218248,0.00065167325274807,-29.74420453460442,-8.4
XZ,269,-10.853450810833287,-29.827216731502084,-40.139544785595234,5.473640926583099,-0.0003597785203535479,0.00020324712704946574,0.00015206818964680924,0.0006956145747387466,-29.440773183390206,-8.15
XZ,270,-10.506764449925143,-29.48053037059394,-40.27540627836022,5.15958009827727,-0.0004053439574846081,0.00020581137286056664,0.0001302897523025953,0.0007419765925470794,-29.13314488108995,-7.9
XZ,271,-10.160011593453248,-29.133777514122045,-40.41321725658746,4.864291539758589,-0.00045511577826667823,0.00020671893469229329,0.0001058782223903722,0.0007908938632556086,-28.821782814209232,-7.63
XZ,272,-9.813498923599902,-28.787264844268698,-40.550646141789386,4.587870699791645,-0.0005093454183635453,0.000205669691804722,7.857878729113996e-05,0.0008425051691229942,-28.507131861345613,-7.36
XZ,273,-9.467473407848573,-28.44123932851737,-40.6851561975505,4.33027386813086,-0.0005682871671817656,0.00020233517337558653,4.811515029287322e-05,0.0008969533620020673,-28.189616105663692,-7.09
XZ,274,-9.122130407573877,-28.095896328242674,-40.81405690525383,4.091322266950207,-0.0006321972812706717,0.00019635722477771917,1.4188205572862729e-05,0.0009543851666034872,-27.869637162677652,-6.82
XZ,275,-8.777621895988378,-27.751387816657175,-40.93457231704989,3.870705060660851,-0.0007013330260649702,0.00018734666872033916,-2.352533680630931e-05,0.0010149509360554852,-27.54757322271398,-6.55
XZ,276,-8.43406438398236,-27.407830304651156,-41.04392662340377,3.6679818343313335,-0.0007759516407279298,0.00017488196820383652,-6.537436972982804e-05,0.0010788043532227501,-27.223778703540532,-6.28
XZ,277,-8.091546270293058,-27.065312190961855,-41.13944502136209,3.482585343333656,-0.0008563092210457254,0.00015850789966213497,-0.00011173484391332465,0.0011461020713543818,-26.89858441012497,-6.01
XZ,278,-7.750134438273989,-26.723900358942785,-41.2186652291636,3.313825514974329,-0.0009426595156027291,0.00013773424618284834,-0.00016301124934903194,0.001217003287828622,-26.57229810389034,-5.74
XZ,279,-7.409880009884272,-26.38364593055307,-41.27945209185644,3.1608957359850196,-0.001035252630847628,0.00011203452231064962,-0.00021963811203767146,0.0012916692450522765,-26.245205391857485,-5.47
XZ,280,-7.070823236396752,-26.04458915706555,-41.3201053239873,3.0228823439866344,-0.0011343336411535935,8.08447436557756e-05,-0.0002820814928520736,0.0013702626529599267,-25.91757085561319,-5.2
XZ,281,-6.732997555267463,-25.70676347593626,-41.33944929543459,2.898777937758565,-0.0012401411005956448,4.3562256346704945e-05,-0.00035084047341902853,0.0014529470280400729,-25.589639350268804,-4.92
XZ,282,-6.396432875712371,-25.370198796381167,-41.33689449054374,2.787498653554821,-0.0013529054539329955,-4.553567228024241e-07,-0.0004264486118674261,0.0015398859444037069,-25.26163741380583,-4.64
XZ,283,-6.061158174736313,-25.03492409540511,-41.312463046733335,2.687904993709613,-0.0014728473452077138,-5.189127390769559e-05,-0.0005094753491808914,0.0016312421931069336,-24.93377473699717,-4.36
XZ,284,-5.727203493792569,-24.700969414461365,-41.266775215082504,2.5988252464943744,-0.0016001758234681753,-0.00011147031608018582,-0.0006005273447222195,0.0017271768467494368,-24.606245653143517,-4.08
XZ,285,-5.394601426879753,-24.36836734754855,-41.2009987632161,2.519080117806748,-0.001735086446410652,-0.00017995968803811253,-0.0007002497172804354,0.0018278482273031006,-24.27923061499982,-3.8
XZ,286,-5.063388186271695,-24.03715410694049,-41.11676809151238,2.447506993891654,-0.0018777592842167364,-0.0002581695548103349,-0.0008093271657489406,0.0019334107761831132,-23.95289763341548,-3.52
XZ,287,-4.7336043243021955,-23.707370244970992,-41.016083129989276,2.382982303668781,-0.0020283568275539007,-0.0003469534254997296,-0.0009284849412985568,0.002044013826761611,-23.627403658375215,-3.24
XZ,288,-4.405295180254097,-23.379061100922893,-40.90119936529418,2.324440721085359,-0.002187021805610488,-0.00044720831523744275,-0.0010584896406938325,0.002159800280846581,-23.302895888339435,-2.96
XZ,289,-4.078511111569199,-23.052277032237996,-40.774519643600186,2.27089036608274,-0.0023538749221518867,-0.000559874653846936,-0.001200149788247737,0.0022809051921028893,-22.979512998128456,-2.68
XZ,290,-3.753307559048988,-22.727073479717784,-40.638496214589935,2.2214236311590736,-0.002529012519908613,-0.0006859359079817079,-0.0013543161718601166,0.0024074542609781803,-22.657386279157947,-2.4
XZ,291,-3.4297449869156473,-22.403510907584444,-40.495548562910756,2.175223691912324,-0.002712504186129476,-0.0008264178818600232,-0.0015218818966855675,0.0025395622474089557,-22.336640688709032,-2.11
XZ,292,-3.1078887307927943,-22.08165465146159,-40.34799962476111,2.131567095327815,-0.0029043903148368404,-0.000982387660331719,-0.0017037821182748698,0.002677331309408765,-22.01739580720591,-1.82
XZ,293,-2.787808779930515,-21.76157470059931,-40.19803051308856,2.0898230340110113,-0.0031046796441822756,-0.001154952156938186,-0.0019009934155893471,0.0028208492775723603,-21.699766704260725,-1.53
XZ,294,-2.4695795143269237,-21.44334543499572,-40.04765212095208,2.049450012101902,-0.0033133467902889476,-0.0013452562289345954,-0.002114532763157479,0.002970187877546313,-21.383864715615346,-1.24
XZ,295,-2.1532794127163406,-21.127045333385137,-39.89869096265132,2.009990611620385,-0.003530329802040509,-0.0015544803209990347,-0.002345456060891893,0.003125400914596643,-21.06979813413558,-0.95
XZ,296,-1.838990743591573,-20.81275666426037,-39.75278622852275,1.9710650061162296,-0.003755527764388567,-0.0017838375996296583,-0.002594856179779819,0.003286522436520649,-20.757672818756912,-0.66
XZ,297,-1.5267992483865882,-20.500565169055385,-39.611395094178164,1.9323637703817682,-0.003988798480844713,-0.00203457054109531,-0.0028638604818698636,0.0034535648932716052,-20.44759272579708,-0.37
XZ,298,-1.2167938235473876,-20.190559744216184,-39.47580366073534,1.8936404236553448,-0.0042299562688327625,-0.0023079469373268827,-0.003153627773771284,0.0036265173137533923,-20.13966036738679,-0.08
XZ,299,-0.909066206347461,-19.882832127016258,-39.347141364148186,1.8547040351330777,-0.004478769904429998,-0.002605255286382168,-0.0034653446543317294,0.003805343522259187,-19.833977201959804,0.21
XZ,300,-0.6037106678659718,-19.57747658853477,-39.22639717720045,1.8154121240715517,-0.004734960755643663,-0.0029277995371428775,-0.003800221219328128,0.003989980418922706,-19.530643961823465,0.5
XZ,301,-0.30082371544937203,-19.27458963611817,-39.11443637557887,1.7756640065181706,-0.004998201145660024,-0.003276893161765552,-0.004159486088964451,0.004180336350281272,-19.22976092282053,0.78
XZ,302,-0.0005038061536133398,-18.97426972682241,-39.01201701942673,1.735394677502916,-0.005268112989382744,-0.0036538525341498367,-0.004544380727771968,0.004376289597553654,-18.931428121017987,1.06
XZ,303,0.2971489279489852,-18.67661699271981,-38.91980560497737,1.6945692700421215,-0.00554426674794437,-0.0040599895983397865,-0.004956153031210059,0.004577687011468331,-18.63574552123072,1.34
XZ,304,0.5920329421624757,-18.38173297850632,-38.83839157089996,1.6531780982445856,-0.005826180746637541,-0.004496603817358584,-0.005396050158908057,0.0047843428233740595,-18.342813142023033,1.62
XZ,305,0.8840455291473575,-18.08972039152144,-38.76830051075327,1.6112322685821474,-0.006113320901773585,-0.004964973400494311,-0.005865310601105549,0.00499603766287323,-18.052731141637743,1.9
XZ,306,1.1730830566038648,-17.80068286406493,-38.710006058468124,1.5687598285180608,-0.0064051009012470045,-0.0054663458154937915,-0.0063651554724538425,0.005212517812282154,-17.765599869089645,2.18
XZ,307,1.4590411929305738,-17.514724727738223,-38.66394048978184,1.5258024130343837,-0.006700882881975944,-0.006001927601448543,-0.006896779035943743,0.0054334947277871375,-17.48151988443354,2.46
XZ,308,1.7418151212338877,-17.23195079943491,-38.6305041293536,1.4824123453986466,-0.006999978644830481,-0.006572873508318614,-0.007461338469301315,0.005658644856186453,-17.20059195198155,2.74
XZ,309,2.021299742126743,-16.952466178542053,-38.610073679298345,1.4386501473890811,-0.007301651444085288,-0.007180274999963749,-0.008059942896713182,0.0058876097745366035,-16.922917010005072,3.02
XZ,310,2.29738986578975,-16.676376054879047,-38.60300959669212,1.3945824151100177,-0.007605118383795141,-0.007825148169136332,-0.008693641720147931,0.006119996677830387,-16.648596120214684,3.3
XZ,311,2.5699803937809484,-16.403785526887848,-38.609662650143484,1.3502800187161341,-0.007909553447764039,-0.008508421125020824,-0.009363412296744937,0.006355379236989955,-16.377730400071513,3.52
XZ,312,2.8389664910794288,-16.134799429589368,-38.630379782426054,1.3058165872765488,-0.00821409118294959,-0.009230920926435628,-0.010070147021647846,0.00659329884595501,-16.110420940745364,3.74
XZ,313,3.104243748835005,-15.869522171833792,-38.665509399941755,1.2612672432778087,-0.008517831048234703,-0.009993360146577993,-0.010814639889125727,0.006833266272474242,-15.846768713303609,3.96
XZ,314,3.3657083382789033,-15.608057582389893,-38.715406202239755,1.2167075546283155,-0.008819842431552712,-0.010796323168013934,-0.011597572618702959,0.007074763722390967,-15.586874465486746,4.18
XZ,315,3.6232571562260407,-15.350508764442756,-38.7804356571138,1.172212675329651,-0.009119170328434763,-0.011640252319276132,-0.01241950044711723,0.0073172473217704,-15.330838611208863,4.4
XZ,316,3.8767879625749924,-15.096977958093804,-38.860978219748375,1.127856649119364,-0.009414841664273352,-0.012525433976724749,-0.013280837701037114,0.007560150015201671,-15.078761114709526,4.62
XZ,317,4.126199510185499,-14.847566410483298,-38.95743338850328,1.0837118533103112,-0.009705872231080187,-0.013451984767003489,-0.014181843279370185,0.00780288487208199,-14.830741371082084,4.84
XZ,318,4.371391667487325,-14.602374253181472,-39.070223685535645,1.0398485627313623,-0.009991274197436334,-0.014419838016249164,-0.015122606187411389,0.008044848785731947,-14.586878084711731,5.06
XZ,319,4.612265534150179,-14.361500386518617,-39.199798647848475,0.9963346160998925,-0.010270064137865624,-0.015428730601926576,-0.016103031277768846,0.008285426542911601,-14.347269146974323,5.28
XZ,320,4.848723550120857,-14.12504237054794,-39.34663891367496,0.9532351693413272,-0.010541271515239174,-0.016478190371518493,-0.017122825364645575,0.008523995233808243,-14.112011514376558,5.5
XZ,321,5.080669598313401,-13.893096322355396,-39.511260490591376,0.9106125223222383,-0.010803947537268429,-0.0175675242990422,-0.018181483888386314,0.008759928964993537,-13.881201088157464,5.67
XZ,322,5.30800910121892,-13.665756819449877,-39.6942192956208,0.8685260071998142,-0.011057174295941288,-0.018695807555253897,-0.01927827831588628,0.008992603830342769,-13.654932596222498,5.84
XZ,323,5.530649111685898,-13.443116808982898,-39.89611606413015,0.827031928131424,-0.011300074087174457,-0.019861873670209827,-0.020412244469227812,0.00922140308763226,-13.43329947814313,6.01
XZ,324,5.748498398107447,-13.22526752256135,-40.1176017339575,0.7861835434492325,-0.011531818797282186,-0.021064305967368274,-0.021582171979452332,0.009445722481649276,-13.216393773828274,6.18
XZ,325,5.9614675242404775,-13.012298396428319,-40.359383424452446,0.7460310826067279,-0.011751639233396576,-0.022301430446457136,-0.02278659506442314,0.009664975648339553,-13.004306016357564,6.35
XZ,326,6.169468923872106,-12.80429699679669,-40.6222311477011,0.7066217912622581,-0.011958834267009328,-0.02357131028774613,-0.024023784829022805,0.00987859952895553,-12.79712512936107,6.52
XZ,327,6.372416970540581,-12.601348950128216,-40.90698541210483,0.667999998794899,-0.012152779653608637,-0.024871742143025177,-0.025291743282249105,0.010086059718521216,-12.59493832923517,6.69
XZ,328,6.570228042512332,-12.403537878156465,-41.214565907972506,0.6302072033651973,-0.012332936387247948,-0.026200254368441915,-0.0265881992589133,0.010286855669376357,-12.397831032398614,6.86
XZ,329,6.762820583211752,-12.210945337457044,-41.54598150262583,0.5932821703482539,-0.01249885844700634,-0.02755410734133856,-0.027910606423493946,0.010480525668239862,-12.205886767717375,7.03
XZ,330,6.950115157296665,-12.023650763372132,-41.90234182099065,0.5572610405939226,-0.012650199792926722,-0.028930295987385904,-0.029256143520131814,0.010666651504293185,-12.019187094160221,7.2
XZ,331,7.132034502570166,-11.84173141809863,-42.28487074993687,0.5221774455152086,-0.01278672047228166,-0.030325554625701922,-0.03062171701577119,0.010844862746336049,-11.837811523688224,7.31
XZ,332,7.30850357791703,-11.665262342751767,-42.69492228495412,0.4880626264833888,-0.012908291703046575,-0.03173636421838821,-0.032003966263056634,0.011014840549195656,-11.6618374493316,7.42
XZ,333,7.479449607451935,-11.494316313216862,-43.13399924196814,0.4549455564229731,-0.013014899810311025,-0.03315896208719402,-0.03339927128592154,0.011176320913343394,-11.491340078363672,7.53
XZ,334,7.644802121064561,-11.328963799604235,-43.603775493230465,0.42285306186047167,-0.013106648903038911,-0.034589354134058246,-0.034803763263976994,0.011329097327106621,-11.326392370446355,7.64
XZ,335,7.804492991546667,-11.16927292912213,-44.106122565517005,0.3918099439919215,-0.013183762193016976,-0.036023329574371786,-0.03621333776213671,0.011473022727945403,-11.16706498059049,7.75
XZ,336,7.958456468483476,-11.01530945218532,-44.64314167712737,0.3618390976042443,-0.013246581874900553,-0.03745647816226735,-0.03762367071963791,0.011608010727944571,-11.013426206751365,7.86
XZ,337,8.10662920909127,-10.867136711577526,-45.217202610040644,0.33296162691619996,-0.0132955675057541,-0.03888420985647837,-0.03903023717820247,0.011734036058852376,-10.86554194185959,7.97
XZ,338,8.24895030618085,-10.724815614487946,-45.83099124767821,0.3051969576037859,-0.013331292844148404,-0.040301776843720695,-0.0404283326929274,0.011851134203547472,-10.72347563007354,8.08
XZ,339,8.385361313424124,-10.588404607244673,-46.487568205052085,0.2785629444436397,-0.013354441132371712,-0.041704297804599784,-0.041813097332147865,0.011959400193560007,-10.587288227029173,8.19
XZ,340,8.5158062680987,-10.457959652570096,-47.19044180801887,0.25307597415201055,-0.013365798830255193,-0.043086784275225956,-0.043179542134543905,0.01205898656599063,-10.457038163856161,8.3
XZ,341,8.640231711481785,-10.333534209187011,-47.94365985021677,0.22875106311719048,-0.013366247835067496,-0.044444168926518896,-0.04452257785377647,0.012150100487633665,-10.33278131472626,8.36
XZ,342,8.758586707061689,-10.215179213607108,-48.75192623701758,0.20560194982501023,-0.013356756248404525,-0.0457713355531278,-0.045837045783615554,0.012233000069021898,-10.214570967698503,8.42
XZ,343,8.87082285673011,-10.102943063938687,-49.62075107860822,0.18364118185975054,-0.01333836777746844,-0.047063150535495396,-0.04711775042049418,0.012307989906180953,-10.102457798628482,8.48
XZ,344,8.976894315114134,-9.996871605554663,-50.55664644257476,0.16288019743121526,-0.013312189884050406,-0.048314495512365725,-0.04835949368641811,0.012375415902786839,-9.99648984791259,8.54
XZ,345,9.07675780220191,-9.897008118466886,-51.56738551891151,0.14332940143186815,-0.013279380819352064,-0.04952030097745848,-0.049557110403836716,0.01243565943984499,-9.896712499843522,8.6
XZ,346,9.170372614409512,-9.803393306259284,-52.66235157185636,0.12499823606897792,-0.013241135705931412,-0.05067558049356871,-0.05070550468608125,0.012489130973599494,-9.80316846436135,8.66
XZ,347,9.257700634230808,-9.716065286437988,-53.853016824122264,0.10789524614471785,-0.013198671849016283,-0.051775465200440934,-0.05179968688293825,0.01253626315483393,-9.7158977609926,8.72
XZ,348,9.338706338605371,-9.635059582063425,-55.15361408602266,0.09202813907069787,-0.013153213477673066,-0.052815238279736415,-0.05283481070142924,0.012577503573728227,-9.634937704779565,8.78
XZ,349,9.413356806132528,-9.560409114536268,-56.58210255115257,0.07740383970183512,-0.013105976131389085,-0.05379036903165046,-0.05380621010736649,0.012613307243688143,-9.56032289401253,8.84
XZ,350,9.481621723251937,-9.49214419741686,-58.161597595914884,0.0640285400460725,-0.013058150919109602,-0.05469654621341555,-0.05470943560422676,0.012644128944834835,-9.49208519958911,8.9
XZ,351,9.543473389503871,-9.430292531164925,-59.9225613794865,0.051907743836456736,-0.013010888885329879,-0.05552971029030119,-0.05554028948262313,0.01267041555289906,-9.430253755836254,8.92
XZ,352,9.59888672197382,-9.374879198694977,-61.9062998892199,0.041046305794416676,-0.012965285721207132,-0.05628608425484221,-0.05629485963640018,0.012692598481944968,-9.374854952643105,8.94
XZ,353,9.647839259018035,-9.325926661650762,-64.17083313840058,0.03144846506103591,-0.012922367057682056,-0.05696220267994869,-0.05696955155024239,0.012711086369558281,-9.325912428765381,8.96
XZ,354,9.690311163358304,-9.283454757310492,-66.8013890542885,0.023117871434037034,-0.012883074572152958,-0.05755493868621862,-0.057561118078687114,0.012726258130761984,-9.283447066174384,8.98
XZ,355,9.726285224624831,-9.247480696043965,-69.93075605744093,0.016057600848570677,-0.012848253130404965,-0.05806152852302127,-0.05806668665741488,0.012738456502027276,-9.247476985337595,9.0
XZ,356,9.755746861418151,-9.218019059250645,-73.78337039835512,0.010270149989774848,-0.012818639171359723,-0.05847959348656236,-0.058483783614471166,0.012747982189366512,-9.21801754132988,9.02
XZ,357,9.778684122950956,-9.19508179771784,-78.78747507744079,0.0057573768148001065,-0.012794850523972891,-0.058807158925842526,-0.058810355281239055,0.012755088724719338,-9.195081320688645,9.04
XZ,358,9.79508769032258,-9.178678230346216,-85.94669017470926,0.0025202504935102777,-0.012777377823633522,-0.059042670118851906,-0.059044785640119425,0.012759978122909273,-9.178678138938444,9.06
XZ,359,9.8049508774687,-9.168815043200096,-99.03848037073541,0.0005576491395215859,-0.012766577670075423,-0.05918500483599912,-0.05918591028737479,0.01276279741754015,-9.16881503872484,9.08
