theta,gain
0,8.76985546343412
1,8.76723771628748
2,8.759311750825937
3,8.746081155198851
4,8.727551885637848
5,8.703732268358168
6,8.674633002194323
7,8.640267161958205
8,8.600650202503164
9,8.555799963474646
10,8.505736674722701
11,8.450482962347815
12,8.39006385534561
13,8.324506792810975
14,8.253841631655396
15,8.178100654785041
16,8.097318579678664
17,8.011532567296923
18,7.920782231244919
19,7.825109647099971
20,7.724559361805072
21,7.619178403017026
22,7.509016288284167
23,7.394125033914911
24,7.274559163382108
25,7.150375715091938
26,7.021634249327059
27,6.888396854155445
28,6.75072815007449
29,6.608695293138664
30,6.462367976295951
31,6.311818428633396
32,6.157121412207392
33,5.9983542161082175
34,5.835596647381148
35,5.668931018400034
36,5.4984421302612265
37,5.324217251739561
38,5.146346093321373
39,4.96492077580449
40,4.780035792931966
41,4.591787967504969
42,4.4002764004024515
43,4.205602411920582
44,4.00786947483536
45,3.807183138587132
46,3.6036509439875895
47,3.3973823278587547
48,3.1884885170304003
49,2.977082411148391
50,2.7632784537823887
51,2.547192491368225
52,2.328941619578681
53,2.108644016787475
54,1.8864187643757893
55,1.6623856537281778
56,1.4366649798779314
57,1.209377321889093
58,0.980643310204659
59,0.7505833813487477
60,0.519317520543308
61,0.2869649929886897
62,0.05364406475989769
63,-0.1805282855114565
64,-0.41543666276978586
65,-0.6509675578399405
66,-0.8870096540078176
67,-1.1234541357220365
68,-1.3601949969955363
69,-1.5971293468222858
70,-1.8341577086641165
71,-2.071184310815871
72,-2.3081173642317485
73,-2.544869324201303
74,-2.781357132114677
75,-3.01750243346754
76,-3.253231768242592
77,-3.4884767298870574
78,-3.7231740893031744
79,-3.9572658806015677
80,-4.1906994458541345
81,-4.423427436743044
82,-4.655407771847054
83,-4.886603549339865
84,-5.116982916101211
85,-5.346518895642417
86,-5.575189178798562
87,-5.78
88,-5.92
89,-6.06
90,-6.2
91,-6.33
92,-6.46
93,-6.59
94,-6.72
95,-6.85
96,-6.98
97,-7.11
98,-7.24
99,-7.37
100,-7.5
101,-7.62
102,-7.74
103,-7.86
104,-7.98
105,-8.1
106,-8.22
107,-8.34
108,-8.46
109,-8.58
110,-8.7
111,-8.91
112,-9.12
113,-9.33
114,-9.54
115,-9.75
116,-9.96
117,-10.17
118,-10.38
119,-10.59
120,-10.8
121,-11.0
122,-11.2
123,-11.4
124,-11.6
125,-11.8
126,-12.0
127,-12.2
128,-12.4
129,-12.6
130,-12.8
131,-12.87
132,-12.94
133,-13.01
134,-13.08
135,-13.15
136,-13.22
137,-13.29
138,-13.36
139,-13.43
140,-13.5
141,-13.7
142,-13.9
143,-14.1
144,-14.3
145,-14.5
146,-14.7
147,-14.9
148,-15.1
149,-15.3
150,-15.5
151,-15.7
152,-15.9
153,-16.1
154,-16.3
155,-16.5
156,-16.7
157,-16.9
158,-17.1
159,-17.3
160,-17.5
161,-17.65
162,-17.8
163,-17.95
164,-18.1
165,-18.25
166,-18.4
167,-18.55
168,-18.7
169,-18.85
170,-19.0
171,-18.9
172,-18.8
173,-18.7
174,-18.6
175,-18.5
176,-18.4
177,-18.3
178,-18.2
179,-18.1
180,-18.0
181,-18.1
182,-18.2
183,-18.3
184,-18.4
185,-18.5
186,-18.6
187,-18.7
188,-18.8
189,-18.9
190,-19.0
191,-18.85
192,-18.7
193,-18.55
194,-18.4
195,-18.25
196,-18.1
197,-17.95
198,-17.8
199,-17.65
200,-17.5
201,-17.3
202,-17.1
203,-16.9
204,-16.7
205,-16.5
206,-16.3
207,-16.1
208,-15.9
209,-15.7
210,-15.5
211,-15.3
212,-15.1
213,-14.9
214,-14.7
215,-14.5
216,-14.3
217,-14.1
218,-13.9
219,-13.7
220,-13.5
221,-13.43
222,-13.36
223,-13.29
224,-13.22
225,-13.15
226,-13.08
227,-13.01
228,-12.94
229,-12.87
230,-12.8
231,-12.6
232,-12.4
233,-12.2
234,-12.0
235,-11.8
236,-11.6
237,-11.4
238,-11.2
239,-11.0
240,-10.8
241,-10.59
242,-10.38
243,-10.17
244,-9.96
245,-9.75
246,-9.54
247,-9.33
248,-9.12
249,-8.91
250,-8.7
251,-8.58
252,-8.46
253,-8.34
254,-8.22
255,-8.1
256,-7.98
257,-7.86
258,-7.74
259,-7.62
260,-7.5
261,-7.37
262,-7.24
263,-7.11
264,-6.98
265,-6.85
266,-6.72
267,-6.59
268,-6.46
269,-6.33
270,-6.2
271,-6.06
272,-5.92
273,-5.78
274,-5.585716885232793
275,-5.356947102175946
276,-5.127310289591085
277,-4.896828190843401
278,-4.665527283809631
279,-4.433438990820498
280,-4.20059985065223
281,-3.967051648640577
282,-3.7328415025522834
283,-3.4980219032593793
284,-3.2626507104959317
285,-3.026791105016796
286,-2.7905114993279043
287,-2.5538854098202752
288,-2.3169912936287687
289,-2.079912353869686
290,-1.8427363171077684
291,-1.6055551869827949
292,-1.3684649779098104
293,-1.1315654326729447
294,-0.8949597275783852
295,-0.6587541686330982
296,-0.4230578819835338
297,-0.18798250159539398
298,0.046358143110180716
299,0.2798483372198386
300,0.5123707857177959
301,0.743806912395433
302,0.9740371506320096
303,1.202941224645984
304,1.4303984200511284
305,1.6562878427733785
306,1.8804886655910953
307,2.1028803617524114
308,2.3233429252991646
309,2.541757077886636
310,2.758004462031946
311,2.9719678208525435
312,3.1835311644689304
313,3.3925799233438507
314,3.5990010889145774
315,3.8026833419444084
316,4.003517169078268
317,4.201394968131799
318,4.396211142679296
319,4.587862186529158
320,4.776246758692416
321,4.961265749456434
322,5.142822338176325
323,5.320822043391411
324,5.495172765861585
325,5.665784825104103
326,5.832570989990893
327,5.995446503945127
328,6.154329105250721
329,6.309139042962654
330,6.459799088879144
331,6.606234546008157
332,6.7483732539341865
333,6.886145591462036
334,7.019484476888403
335,7.148325366224784
336,7.272606249669867
337,7.392267646605131
338,7.507252599363806
339,7.617506666001415
340,7.722977912275217
341,7.823616903020191
342,7.9193766930915075
343,8.01021281802591
344,8.096083284559233
345,8.176948561122849
346,8.252771568428283
347,8.323517670237838
348,8.389154664407114
349,8.449652774276005
350,8.504984640475287
351,8.55512531320761
352,8.60005224505425
353,8.63974528435237
354,8.6741866691808
355,8.703361021987611
356,8.727255344886977
357,8.74585901564832
358,8.75916378439698
359,8.767163771040739
