plane,theta,gain,cp_plus_db,cp_minus_db,axial_ratio_db,etheta_re,etheta_im,ephi_re,ephi_im,raw_realized_total_gain,assumed_template_gain,target_gain
YZ,0,10.607774815306156,8.714020587964942,-90.68635106057567,0.00018613400421391016,3.3419894391582505,1.630616949418723,1.6305969115537648,-3.3419123133846997,8.714020588463537,9.542425094393248,9.542425094393248
YZ,1,10.603733610356985,8.70997938301577,-69.29369990407417,0.0021860512559945373,3.3385522695519922,1.628629805643162,1.6291563901565167,-3.3393248905307984,8.70997945178852,9.53923742142941,9.53923742142941
YZ,2,10.591610729491498,8.697856502150284,-56.75252964443628,0.009275237450352256,3.3282621373414587,1.6226826232326663,1.6248429389979189,-3.331576303525876,8.697857740221522,9.529672459806026,9.529672459806026
YZ,3,10.571408334345822,8.677654107004608,-49.63225436230918,0.021103237801052922,3.311182853775554,1.6128179549975838,1.6176807795378714,-3.3187075213498267,8.677660516046997,9.513724376588964,9.513724376588964
YZ,4,10.543130005103057,8.649375777761843,-44.62359682524145,0.03768741533348022,3.2874200198850634,1.5991061592431068,1.6077100095261758,-3.3007863837103666,8.649396218003641,9.49138343440167,9.49138343440167
YZ,5,10.506780706621406,8.613026479280192,-40.75910200220651,0.05905267174818673,3.257119912067194,1.5816445652229134,1.5949862002973887,-3.277906944884022,8.613076663705359,9.462635967609382,9.462635967609382
YZ,6,10.46236674095204,8.568612513610827,-37.61637509912862,0.08523116146568793,3.220467945803149,1.560556324513382,1.5795798414888662,-3.2501885685396643,8.568717053087827,9.427464348803781,9.427464348803781
YZ,7,10.409895686194824,8.51614145885361,-34.972093848547566,0.11626232972665211,3.177686740825503,1.5359889675214216,1.5615756414763715,-3.217774786669195,8.516335972938716,9.385846945412904,9.385846945412904
YZ,8,10.349376321638509,8.455622094297295,-32.69359322056751,0.15219298952342092,3.12903381689448,1.508112689096266,1.5410716939010336,-3.1808319390483337,8.455955402586364,9.337758066208437,9.337758066208437
YZ,9,10.280818539141437,8.387064311800223,-30.695549718899642,0.19307741846066925,3.074798954604799,1.4771183914473598,1.5181785225267157,-3.1395476126274446,8.38760072083921,9.28316789742776,9.28316789742776
YZ,10,10.204233240733007,8.310479013391793,-28.9198156406939,0.23897747316462908,3.0153012602223286,1.4432155161960054,1.4930180182916655,-3.094128902852996,8.311300714287151,9.222042428170711,9.222042428170711
YZ,11,10.119632222455781,8.225877995114567,-27.324971324153932,0.2899627212524269,2.950885977362504,1.4066297003368358,1.465722283769571,-3.0448005210962337,8.227087587093795,9.154343364670588,9.154343364670588
YZ,12,10.027028044530589,8.133273817189375,-25.880463640897023,0.3461105914638455,2.8819210913096627,1.3676002931017768,1.4364324013100955,-2.9918027740879105,8.134996972428752,9.080028032974564,9.080028032974564
YZ,13,9.926433888013985,8.032679660672772,-24.56310767869777,0.4075065428109088,2.808793773893401,1.3263777721734542,1.40529714187316,-2.9353894424987845,8.035067945709324,8.999049269500318,8.999049269500318
YZ,14,9.817863398234998,7.924109170893784,-23.354892745059384,0.4742442537834432,2.731906718061166,1.2832210983777956,1.3724716320031438,-2.8758255865516134,7.927343039841849,8.911355298861746,8.911355298861746
YZ,15,9.7013305154517,7.807576288110486,-22.241549265285805,0.5464258328211272,2.651674411618552,1.238395047895628,1.338115996499445,-2.8133853068048564,7.811868262675129,8.816889598277225,8.816889598277225
YZ,16,9.57684929336432,7.683095066023107,-21.211580308231454,0.6241620514460414,2.5685193990658903,1.192167560201618,1.3023939941441764,-2.748349488017853,7.6886931169013994,8.715590747787523,8.715590747787523
YZ,17,9.444433706366832,7.550679479025618,-20.255587930001603,0.7075726016515174,2.482868579080772,1.144807138406092,1.2654716633569858,-2.6810035533136447,7.557870622664245,8.607392265416388,8.607392265416388
YZ,18,9.304097446721027,7.410343219379813,-19.365792811135872,0.7967863793675598,2.395149583036987,1.0965803364994506,1.2275159938825981,-2.6116352547284576,7.4194573431571476,8.492222426303972,8.492222426303972
YZ,19,9.155853713205582,7.262099485864368,-18.53568425684941,0.8919417960752591,2.3057872770830863,1.0477493652516023,1.18869363960479,-2.5405325247158785,7.273513413522718,8.370004064730239,8.370004064730239
YZ,20,8.999714993234557,7.105960765893343,-17.75976031337718,0.9931871209304093,2.215200426810703,0.9985698452821369,1.1491696863510006,-2.4679814113039082,7.120102573388348,8.24065435782113,8.24065435782113
YZ,21,8.835692840966447,6.941938613625234,-17.03333154639019,1.1006808560778847,2.1237985595215028,0.9492887321821485,1.1091064871396537,-2.394264117435613,6.959292203401198,8.104084589592617,8.104084589592617
YZ,22,8.663797654545649,6.770043427204435,-16.35237066793018,1.2145921482070792,2.0319790546521475,0.9001424346330951,1.0686625757653943,-2.319657162615124,6.791153366152951,7.960199893835389,7.960199893835389
YZ,23,8.4840384563412,6.590284228999987,-15.713395755584855,1.3351012398180184,1.9401244881480935,0.851355142327197,1.0279916679499819,-2.2444296823888368,6.615760851911618,7.808898974173476,7.808898974173476
YZ,24,8.296422680884698,6.402668453543484,-15.113378466745173,1.462399964143042,1.8486002515986317,0.8031373762497924,0.9872417575512291,-2.1688418784751455,6.43319322960547,7.6500737994412935,7.6500737994412935
YZ,25,8.100955976164794,6.2072017488235804,-14.549671111232627,1.5966922882171835,1.7577524618635303,0.7556847696312706,0.9465543135550741,-2.0931436295742585,6.24353290353,7.483609272312695,7.483609272312695
YZ,26,7.897642025018506,6.003887797677293,-14.019948131697383,1.7381949092142372,1.6679061718433366,0.709177083705585,0.9060635818141646,-2.017573270098859,6.046866176274724,7.309382868879369,7.309382868879369
YZ,27,7.6864823945687615,5.792728167227549,-13.522158716583688,1.8871379098854035,1.5793638880678538,0.6637774584050548,0.8658959937706181,-1.9423565413214345,5.8432833183890045,7.127264246610856,7.127264246610856
YZ,28,7.467476422995199,5.573722195653986,-13.054488102697599,2.0437654797615363,1.4924043959919389,0.6196318943565645,0.8261696827484741,-1.8677057167822881,5.632878645327928,6.9371148178301105,6.9371148178301105
YZ,29,7.240621154377219,5.346866927036006,-12.615325722039914,2.208336709735529,1.4072818893743606,0.5768689590806371,0.7869941068441886,-1.793818901288584,5.415750602234378,6.73878728550218,6.73878728550218
YZ,30,7.00591133390556,5.1121571065643465,-12.203238782320643,2.3811264687425897,1.3242253959465977,0.5355997071875102,0.7484697760065543,-1.7208795004991413,5.1920018571271696,6.532125137753437,6.532125137753437
YZ,31,6.763339477387813,4.869585250046599,-11.81695019058785,2.5624263725322685,1.2434384878079694,0.4959178016551534,0.7106880796029171,-1.6490558559590516,4.961739403069795,6.316962097108057,6.316962097108057
YZ,32,6.5128960306400305,4.619141803298817,-11.455319967524957,2.7525458560113854,1.1650992616604467,0.4578998209860452,0.6737312096236562,-1.5785010385534408,4.72507466989239,6.093121519939684,6.093121519939684
YZ,33,6.254569636006643,4.36081540866543,-11.117329478967743,2.951813362363855,1.0893605711501038,0.42160573519662886,0.6376721737017957,-1.509352791703342,4.482123646028887,5.860415741079596,5.860415741079596
YZ,34,5.988347524810267,4.094593297469054,-10.802067947019822,3.160577664174874,1.0163504912336758,0.3870795321923926,0.6025748913146717,-1.4417336142440498,4.233007011006908,5.618645357888184,5.618645357888184
YZ,35,5.714216055917514,3.8204618285763003,-10.508720807206027,3.379209334149231,0.9461729926456033,0.35434997512262756,0.5684943658990623,-1.3757509718101995,3.977850279092051,5.367598447370885,5.367598447370885
YZ,36,5.432161421700141,3.538407194358928,-10.236559558575074,3.608102385795502,0.8789088031980754,0.3234314707730874,0.5354769251439172,-1.3114976247017947,3.7167839545340486,5.107049709087949,5.107049709087949
YZ,37,5.142170543346966,3.248416316005753,-9.984932816579343,3.847676107723077,0.8146164317907216,0.2943250289203289,0.5035605214223516,-1.2490520596145562,3.4499436987901477,4.836759525651818,4.836759525651818
YZ,38,4.844232177586237,2.9504779502450242,-9.75325832836293,4.098377119072919,0.7533333306143106,0.26701929280381687,0.4727750841743436,-1.188479012275689,3.177470510005479,4.556472931505054,4.556472931505054
YZ,39,4.538338256246524,2.64458402890531,-9.541015750130722,4.36068167819881,0.6950771710714448,0.24149162143956004,0.443142916049293,-1.1298300679148368,2.899510914909762,4.265918479400185,4.265918479400185
YZ,40,4.22448547853735,2.330731251196136,-9.347740019099316,4.635098282189983,0.6398472093709456,0.2177092053548628,0.41467912474174506,-1.0731443266037417,2.616217173140133,3.964806992530293,3.964806992530293
YZ,41,3.902677173290591,2.0089229459493776,-9.173015180125233,4.922170601360355,0.5876257185372358,0.19563019842938592,0.38739208269687053,-1.0184491207919089,2.327747493817642,3.6528301885488954,3.6528301885488954
YZ,42,3.572925444498906,1.6791712171576922,-9.016468550966616,5.2224808006726375,0.5383794646660421,0.17520484983410958,0.3612839072042786,-0.9657607728285476,2.034266263985926,3.3296591597254617,3.3296591597254617
YZ,43,3.2352536081794856,1.3414993808382722,-8.877765131457693,5.536653309502411,0.49206120660529545,0.1563766215236786,0.33635095382523983,-0.9150853808679279,1.735944288264311,2.994942691155633,2.994942691155633
YZ,44,2.889698921775594,0.9959446944343809,-8.756602181555662,5.865359112549258,0.4486111997954008,0.13908327831420295,0.31258431659347086,-0.8664196222795493,1.43295903876531,2.648305396217485,2.648305396217485
YZ,45,2.536315598959807,0.642561371618594,-8.652703911895788,6.209320648538771,0.4079586867188053,0.12325793922515758,0.28997032897615277,-0.8197515645041915,1.1254949139840995,2.2893456452581322,2.2893456452581322
YZ,46,2.1751780928663123,0.28142386552509874,-8.565816248608705,6.569317420217628,0.37002335823679516,0.10883008044136896,0.26849106016505614,-0.7750614741851071,0.8137435049740951,1.917633259711554,1.917633259711554
YZ,47,1.8063846196262858,-0.08736960771492762,-8.49570165194302,6.946192439760911,0.3347167719886183,0.09572648192382696,0.24812480187404776,-0.7323226163389085,0.4979038666866147,1.5327069393690493,1.5327069393690493
YZ,48,1.4300608818873717,-0.4636933454538416,-8.442133985708246,7.340859659055395,0.3019437159520193,0.08387211133328396,0.2288465414343211,-0.6915020362916195,0.1781827918701541,1.1340713852013344,1.1340713852013344
YZ,49,1.0463639391835702,-0.8473902881576432,-8.404893451573882,7.7543125655977265,0.2716035071782936,0.07319094050132967,0.2106284175909282,-0.6525613180717174,-0.1452049156006781,0.721194073782554,0.721194073782554
YZ,50,0.6554861591365724,-1.238268068204641,-8.383761618485758,8.187634163531207,0.2435912175859581,0.06360669116687395,0.1934401560038543,-0.6154573139077549,-0.47203617165215395,0.2935016317634336,0.2935016317634336
YZ,51,0.2576591711656173,-1.636095056175596,-8.378516592445274,8.642008607656184,0.21779882049587465,0.05504350807314088,0.17724948203438198,-0.5801428404060653,-0.8020793514669066,-0.1496242503026064,-0.1496242503026064
YZ,52,-0.14684226658232813,-2.0405964939235415,-8.388928385047455,9.118734818731836,0.19411625329396695,0.04742655877718976,0.16202250894505132,-0.5465673378742291,-1.1350940423318083,-0.608851436520295,-0.608851436520295
YZ,53,-0.557696585221739,-2.4514508125629524,-8.414754549899065,9.619242484458429,0.1724323931953639,0.04068256065151843,0.14772410015428736,-0.5146774900946722,-1.4708308153337954,-1.0849025817412787,-1.0849025817412787
YZ,54,-0.9745320121267462,-2.8682862394679596,-8.455736163716061,10.145110946672089,0.15263594454217982,0.03474023654960836,0.13431820465917724,-0.48441780263478224,-1.809031021911488,-1.5785610866609616,-1.5785610866609616
YZ,55,-1.3969235734084529,-3.290677800749666,-8.511594233016396,10.698091597400552,0.1346162373843227,0.029530701462627332,0.1217681651694697,-0.455731138496365,-2.1494266217730744,-2.0906778934267436,-2.0906778934267436
YZ,56,-1.824390596589029,-3.7181448239302424,-8.582026607508201,11.280134562227557,0.11826393826376962,0.024987783214601347,0.11003699888015142,-0.4285592105565352,-2.491740049090237,-2.6221792679297824,-2.6221792679297824
YZ,57,-2.2563948119924775,-4.150149039333691,-8.666705477365607,11.89342064908405,0.10347167514361277,0.021048280833256102,0.09908765114887258,-0.40284303082997525,-2.8356841241484037,-3.174075745515287,-3.174075745515287
YZ,58,-2.6923391406486243,-4.586093367989838,-8.76527552368232,12.540399797452196,0.09013457929512295,0.017652164700641376,0.08888322263739248,-0.37852331708946413,-3.1809620177218823,-3.747472454937304,-3.747472454937304
YZ,59,-3.1315672414842344,-5.025321468825448,-8.877352779858688,13.223837594447811,0.07815074768173208,0.014742722942521845,0.07938717072490763,-0.3555408578177841,-3.5272672753054923,-4.343581083154934,-4.343581083154934
YZ,60,-3.5733638717541845,-5.467118099095398,-9.002524247135778,13.946871852707732,0.06742162996445522,0.012266658771038103,0.07056348620673296,-0.3338368368324324,-3.874283907911271,-4.9637338038769805,-4.9637338038769805
YZ,61,-4.016956092877301,-5.910710320218514,-9.140348290758691,14.713081798685621,0.057852344704965294,0.010174143667831329,0.06237684645720483,-0.3133531192264837,-4.221686555400687,-5.6093995694394785,-5.6093995694394785
YZ,62,-4.461515330114393,-6.355269557455606,-9.290355825261482,15.526573132634585,0.04935192967015464,0.008418831404735849,0.05479274636302549,-0.2940325005104827,-4.5691407271949185,-6.282203263818909,-6.282203263818909
YZ,63,-4.906160270256214,-6.7999144975974275,-9.452052279003864,16.392083130464215,0.04183353135225776,0.00695783797222581,0.04777760842629816,-0.2758189210231485,-4.916303123693692,-6.983948341399891,-6.983948341399891
YZ,64,-5.349960558271672,-7.243714785612886,-9.624920309988825,17.315111094639853,0.03521453892076782,0.00575169255712301,0.041298873497877336,-0.2586576478107836,-5.262822039771862,-7.716643741251296,-7.716643741251296
YZ,65,-5.791941233947913,-7.685695461289126,-9.80842322718879,18.302080831296056,0.029416667818498263,0.00476426483062289,0.03532507363534984,-0.24249542625871962,-5.608337849365973,-8.482536083659387,-8.482536083659387
YZ,66,-6.231087836038048,-8.124842063379262,-10.002009052944302,19.360543358347336,0.02436599810184148,0.003962674051937461,0.029825888588629244,-0.22728060380070952,-5.952483567400617,-9.28414844359282,-9.28414844359282
YZ,67,-6.666352099637555,-8.560106326978769,-10.205115138932847,20.49942945908997,0.019992972382053827,0.0033171859839036936,0.02477218740437225,-0.21296322803727308,-6.294885482242277,-10.12432738183298,-10.0
YZ,68,-7.096658192186537,-8.99041241952775,-10.41717321237617,21.729362245441838,0.016232357793255808,0.002801104559300179,0.020136056609816322,-0.1994951215681705,-6.635163848592708,-11.006300438000824,-10.0
YZ,69,-7.52090949450278,-9.414663721843993,-10.637614661916611,23.063037807275244,0.01302317565378669,0.0023906669823093966,0.015890816391811908,-0.18682993579090862,-6.972933627440595,-11.933747008268263,-10.0
YZ,70,-7.937996077856511,-9.831750305197724,-10.865875732597152,24.515673323917035,0.010308601081163599,0.0020649541136600245,0.012011026129927547,-0.17492318584275074,-7.307805256560442,-12.910886529934679,-10.0
YZ,71,-8.34680335028762,-10.240557577628834,-11.101401993592638,26.105498389154317,0.008035832033023023,0.0018058336393024807,0.008472480575944881,-0.16373226877092315,-7.639385432382476,-13.942589305127516,-10.0
YZ,72,-8.746223059318138,-10.639977286659352,-11.34365075743164,27.854211256892953,0.006155921390900438,0.001597963437350289,0.005252197899172253,-0.15321646690996946,-7.967277882139373,-15.034517316841917,-10.0
YZ,73,-9.135169438554103,-11.028923665895316,-11.592088571869876,29.787216449989195,0.004623552921093571,0.0014288992832954778,0.0023284007389416978,-0.14333693832885186,-8.291084104402767,-16.19330533722315,-10.0
YZ,74,-9.512606896806146,-11.40636112414736,-11.846177352034161,31.93331665302906,0.003396713719056989,0.0012893764361005657,-0.0003195086749370247,-0.1340566960879298,-8.61040405678798,-17.426797006601813,-10.0
YZ,75,-9.877603623512053,-11.771357850853267,-12.105334819103085,34.32362573284419,0.00243615550388848,0.0011738616988815928,-0.0027109783547860943,-0.12534057791919903,-8.92483677211487,-18.744357206031196,-10.0
YZ,76,-10.229441470885986,-12.1231956982272,-12.368839016526325,36.99136583070227,0.0017044253383585919,0.0010814541554303755,-0.004864340443328284,-0.11715520781521417,-9.233980888973367,-20.15729236655765,-10.0
YZ,77,-10.5678354726305,-12.461589699971714,-12.63562378559029,39.98449031488545,0.0011641254549229947,0.001016981868232768,-0.0067968483402157335,-0.10946895088516591,-9.537435089691959,-21.679426814628613,-10.0
YZ,78,-10.893311080510303,-12.787065307851517,-12.903917490659838,43.444280464032715,0.0007752961048815499,0.000991373499461016,-0.008524716327104427,-0.10225186271175651,-9.834798448307309,-23.327910280444353,-10.0
YZ,79,-11.207636885699968,-13.101391113041181,-13.170827748472957,47.96515893308339,0.0004933427839133986,0.0010192823615936774,-0.010063161026021296,-0.09547563432234002,-10.125670703214453,-25.124377606548382,-10.0
YZ,80,-11.513882806457769,-13.407637033798983,-13.432302869061868,56.95497535712402,0.0002713503601992825,0.0011130490699014402,-0.011426444096486311,-0.08911353377233724,-10.409652483555815,-27.09666276198237,-10.0
YZ,81,-11.815734045455363,-13.709488272796577,-13.68384057583189,56.615924889221425,6.838413055126687e-05,0.001277221384339602,-0.012627915643510063,-0.08314034523018708,-10.68634553457053,-29.28141901814666,-10.0
YZ,82,-12.116539061845119,-14.010293289186333,-13.921466817995427,45.82611356624727,-0.0001426811541777013,0.0015089338668810694,-0.013680057870732312,-0.07753230635083726,-10.95535300436789,-31.728288876687234,-10.0
YZ,83,-12.418879259796734,-14.312633487137948,-14.142198210394321,40.16597493493845,-0.00037434159146121896,0.0018021830619333816,-0.014594528570889045,-0.0722670446301739,-11.216279871842044,-34.506873115847526,-10.0
YZ,84,-12.72470068481085,-14.618454912152064,-14.343949191879819,36.02658098072048,-0.0006286887564491381,0.0021511006130543507,-0.015382204099027207,-0.06732351334573763,-11.468733611396956,-37.71910843312514,-10.0
YZ,85,-13.03562227732496,-14.929376504666173,-14.52527081064005,32.668553187896634,-0.0009020184803001079,0.002551029810265034,-0.016053221523012334,-0.06268192760994096,-11.712325203184143,-41.52303253346875,-10.0
YZ,86,-13.35319820290334,-15.246952430244553,-14.685145023378336,29.808164264830204,-0.001187941947993364,0.0029984572037301534,-0.016617019690926556,-0.058323700990560876,-11.946670605869205,-46.183406114965905,-10.0
YZ,87,-13.679100048397185,-15.572854275738399,-14.822869862358557,27.301235411957787,-0.0014791214427202584,0.003490662191804176,-0.017082378996169347,-0.05423138308953235,-12.171392810600551,-52.19656661359103,-10.0
YZ,88,-14.01524324438475,-15.908997471725964,-14.938011658820473,25.06166722586521,-0.0017681568850370169,0.00402540400857543,-0.017457459659068177,-0.050388598414796294,-12.386124587963925,-60.67681237864883,-10.0
YZ,89,-14.363882117359514,-16.257636344700728,-15.03039937221317,23.032750419164124,-0.002048012020414258,0.004600704832779106,-0.017749838378858854,-0.046779986830666594,-12.590512022624392,-75.1797836039552,-10.0
YZ,90,-14.727687381299377,-16.62144160864059,-15.100144838459883,21.17477159769298,-0.002312201402762302,0.005214712334271646,-0.01796654324250747,-0.04339114582919442,-12.784218901938253,,-10.0
YZ,91,-15.10981080373976,-17.003565031080974,-15.147678946173095,19.45881712114669,-0.0025548545231741833,0.005865614951067762,-0.018114086807586614,-0.04020857482861019,-12.966931984623546,,-10.0
YZ,92,-15.513934642892762,-17.407688870233976,-15.173796539460556,17.863334652137418,-0.002770717497921852,0.006551588977973091,-0.018198497305764002,-0.03721962167305624,-13.138367124369232,,-10.0
YZ,93,-15.94429658061293,-17.838050807954144,-15.17970332644488,16.372082774557388,-0.0029551241286209983,0.007270763580563401,-0.018225347941912592,-0.03441243148119537,-13.298276162932138,,-10.0
YZ,94,-16.405672488793975,-18.299426716135187,-15.167057215725768,14.972853488910678,-0.0031039535174471155,0.008021195108695249,-0.018199784291843584,-0.03177589796780763,-13.446454441325573,,-10.0
YZ,95,-16.903287477360838,-18.79704170470205,-15.137995061062874,13.656665613693356,-0.0032135837875965556,0.00880084556489056,-0.018126549829661897,-0.029299617342392007,-13.582748710910387,,-10.0
YZ,96,-17.442607527444537,-19.33636175478575,-15.095134495980844,12.417273251502081,-0.003280847356633303,0.009607562301953806,-0.018010009643930232,-0.026973844869725195,-13.707065164659504,,-10.0
YZ,97,-18.028935346790046,-19.922689574131258,-15.04154022071059,11.250909914604922,-0.003302990921459138,0.010439057432062188,-0.017854172430438194,-0.024789454159684907,-13.81937725914071,,-10.0
YZ,98,-18.666688478095498,-20.56044270543671,-14.980645693647672,10.156233772576444,-0.0032776419778426133,0.011292886331810232,-0.01766271087835215,-0.02273789923519447,-13.919732966481352,,-10.0
YZ,99,-19.358167510877056,-21.251921738218268,-14.916125498564394,9.134467581688298,-0.0032027828737899136,0.012166425214649473,-0.017438980595677403,-0.02081117940736557,-14.008261088244488,,-10.0
YZ,100,-20.101526537172195,-21.995280764513407,-14.851721019098642,8.189739591535004,-0.0030767328539846907,0.013056848128847309,-0.01718603774882146,-0.01900180696468838,-14.085176283353897,,-10.0
YZ,101,-20.88757310575882,-22.78132733310003,-14.79103176668065,7.3296150089545105,-0.002898138168802555,0.013961103994510974,-0.016906655618943604,-0.01730277765746847,-14.150782510800912,,-10.0
YZ,102,-21.695112839100986,-23.588867066442198,-14.737294775369897,6.565720642168884,-0.0026659700296045195,0.014875894458839177,-0.01660334030374566,-0.01570754392892724,-14.205474662493863,,-10.0
YZ,103,-22.485279060354593,-24.379033287695805,-14.693181805869543,5.914130002632381,-0.002379529955707781,0.015797653449828822,-0.016278345816230434,-0.014209990810016442,-14.249738256757045,,-10.0
YZ,104,-23.197494792686264,-25.091249020027476,-14.660645500308817,5.394722702479646,-0.002038461858403401,0.016722529361078823,-0.015933688850324448,-0.012804414355927723,-14.284147170490657,,-10.0
YZ,105,-23.753563141732663,-25.647317369073875,-14.640839323712726,5.028255073129038,-0.0016427700333185794,0.01764637081427541,-0.0155711634956509,-0.011485502458738889,-14.309359498125847,,-10.0
YZ,106,-24.077629866290586,-25.971384093631798,-14.63412300880786,4.830322311608574,-0.0011928420795963772,0.01856471692857297,-0.015192356188490254,-0.010248317823329228,-14.326111728182433,,-10.0
YZ,107,-24.128770039007414,-26.022524266348626,-14.64014891751862,4.803999707587693,-0.0006894756307060234,0.01947279298242566,-0.014798661181663487,-0.009088282843940278,-14.335211514452686,,-10.0
YZ,108,-23.92285289251362,-25.816607119854833,-14.658010202365912,4.93613899049484,-0.00013390766689198825,0.020365512287389483,-0.01439129680130466,-0.008001166068165394,-14.337529381814491,,-10.0
YZ,109,-23.522334780269702,-25.416089007610914,-14.686423002241787,5.200817372694457,0.00047215491623049026,0.021237485008230465,-0.01397132273230921,-0.006983069885816906,-14.333989742573443,,-10.0
YZ,110,-23.004632741596943,-24.898386968938155,-14.723913742357402,5.567273307448004,0.0011265048837750613,0.022083034561725737,-0.013539658536048662,-0.006030419034643332,-14.325561607422024,,-10.0
YZ,111,-22.436058566042032,-24.329812793383244,-14.768987775125428,6.00681821934004,0.0018264058373434317,0.022896222110061655,-0.01309710355376717,-0.005139949475737216,-14.313249357860645,,-10.0
YZ,112,-21.862442142421035,-23.756196369762247,-14.820264239053936,6.496143081464552,0.0025685664771285203,0.023670879535318542,-0.012644358287449748,-0.004308697161454855,-14.298083908803596,,-10.0
YZ,113,-21.311029859407334,-23.204784086748546,-14.876571062775506,7.017756783556907,0.0033491194451636115,0.02440065114066388,-0.01218204727815939,-0.0035339862002040866,-14.281114536985653,,-10.0
YZ,114,-20.795918888359488,-22.6896731157007,-14.937001333017964,7.5591180809232394,0.004163606227692792,0.025079044172657335,-0.011710743421562515,-0.0028134159175755066,-14.263401589051256,,-10.0
YZ,115,-20.323048458885683,-22.216802686226895,-15.000936861426633,8.111484938467267,0.00500696955160353,0.025699488098584845,-0.011230993573842335,-0.002144846323544812,-14.246010218791383,,-10.0
YZ,116,-19.893723243844942,-21.787477471186154,-15.06804682546776,8.668903365091394,0.005873554639180544,0.026255402403977137,-0.010743345210775378,-0.0015263815214815646,-14.230005240885863,,-10.0
YZ,117,-19.50682530944981,-21.40057953679102,-15.138269471520685,9.227434507581648,0.006757120585847174,0.026740272499516583,-0.010248373810924373,-0.0009563506364135381,-14.21644713234393,,-10.0
YZ,118,-19.160116042659297,-21.05387027000051,-15.211783831506231,9.784597587579904,0.007650862995842896,0.027147733144597102,-0.009746710542665902,-0.00043328589635698885,-14.206389164845001,,-10.0
YZ,119,-18.850968847433762,-20.744723074774974,-15.288976874084085,10.338977734279204,0.008547448849909585,0.027471658608551067,-0.00923906974569559,4.410243042971969e-05,-14.20087561218721,,-10.0
YZ,120,-18.57676370872383,-20.470517936065043,-15.370409931527359,10.889951401717104,0.009439064386523033,0.02770625860172138,-0.008726275611224087,0.00047695446022243576,-14.200940946737958,,-10.0
YZ,121,-18.33508694044258,-20.22884116778379,-15.45678685611146,11.437493113106513,0.010317476553794315,0.027846178819633374,-0.008209287380497006,0.0008662926127569805,-14.207609915852226,,-10.0
YZ,122,-18.123821382491855,-20.017575609833067,-15.548925258842976,11.982037599887905,0.011174108333552002,0.027886604757109513,-0.00768922229593511,0.0012130570675563223,-14.221898371684976,,-10.0
YZ,123,-17.941176722776092,-19.834930950117304,-15.647731371086643,12.524379126554145,0.01200012795376503,0.02782336726864464,-0.007167375448200769,0.0015181447131267214,-14.244814713067917,,-10.0
YZ,124,-17.78568852556214,-19.679442752903352,-15.75417850300518,13.065595009285254,0.012786551692692605,0.02765304818024621,-0.006645235557784984,0.0017824514615300928,-14.277361783075314,,-10.0
YZ,125,-17.65620223088747,-19.54995645822868,-15.869288692512795,13.606983565150816,0.013524359641731447,0.02737308410021759,-0.006124495599101001,0.0020069177259465507,-14.320539046907195,,-10.0
YZ,126,-17.55185124296974,-19.44560547031095,-15.994116885845228,14.150008431559488,0.014204623438543932,0.026981866436352482,-0.005607057000621182,0.0021925767934777166,-14.37534484737226,,-10.0
YZ,127,-17.472034085663424,-19.365788313004636,-16.129736814915525,14.696241670360681,0.01481864461401095,0.026478835508819364,-0.005095025910461491,0.0023406057678039926,-14.442778494086742,,-10.0
YZ,128,-17.416393197111287,-19.3101474244525,-16.277227596728288,15.247297454767176,0.015358101823330129,0.025864566556026876,-0.004590699666507751,0.002452378697742837,-14.523841880369595,,-10.0
YZ,129,-17.384796513422692,-19.278550740763905,-16.43765994658102,15.804746445799346,0.015815204862213834,0.02514084536865054,-0.004096541103308772,0.002529521426794303,-14.619540229128642,,-10.0
YZ,130,-17.377322097890733,-19.271076325231945,-16.612080751813096,16.369998160542913,0.016182853013840995,0.024310731258026543,-0.0036151375980981917,0.002573967549523611,-14.730881432576847,,-10.0
YZ,131,-17.394245411109893,-19.287999638451105,-16.801494594070626,16.94413476071368,0.016454794942527797,0.023378605071352872,-0.003149140725386229,0.0025880145529521867,-14.85887325192483,,-10.0
YZ,132,-17.43602816050901,-19.329782387850223,-17.00684065658048,17.527675162241955,0.016625787058683634,0.02235020000800969,-0.0027011809757421378,0.0025743785866006773,-15.004517356352991,,-10.0
YZ,133,-17.50330679250061,-19.39706101984182,-17.2289633678967,18.1202445770696,0.01669174703997895,0.021232613067247604,-0.002273750173957054,0.0025362450453199933,-15.168798769240937,,-10.0
YZ,134,-17.596877327896408,-19.49063155523762,-17.46857523236234,18.720125071281185,0.01664989902010674,0.02003429506217413,-0.001869042154743865,0.0024773097710579146,-15.352668703565687,,-10.0
YZ,135,-17.717671043872553,-19.611425271213765,-17.726210769696337,19.323674997699957,0.016498906863773328,0.018765017259100528,-0.0014887405141576241,0.0024018014516661817,-15.557017939354749,,-10.0
YZ,136,-17.86671207492664,-19.76046630226785,-18.00217156019174,19.92464294332721,0.01623899194946666,0.017435812828120834,-0.0011337423875864322,0.002314468851001392,-15.782636735269291,,-10.0
YZ,137,-18.0450430941192,-19.938797321460413,-18.296464147147553,20.51348468728547,0.015872031994726653,0.01605889139423339,-0.0008038124179471814,0.0022205064033631507,-16.030155666002447,,-10.0
YZ,138,-18.253599349945958,-20.14735357728717,-18.608734370956398,21.076934177662835,0.015401637695677336,0.014647525016725296,-0.0004971767822343848,0.002125379986003119,-16.29995962539212,,-10.0
YZ,139,-18.49300696301143,-20.386761190352644,-18.93820120570213,21.59825533429636,0.014833204324603493,0.013215903833425907,-0.000210099739352855,0.0020345078232806447,-16.59206446174023,,-10.0
YZ,140,-18.763284600060487,-20.6570388274017,-19.28358488476524,22.058675780568272,0.014173935942054275,0.011778959284541334,6.346401793536499e-05,0.0019527638515856856,-16.905942401307108,,-10.0
YZ,141,-19.063448255695754,-20.957202483036966,-19.642999994884093,22.440188506548864,0.01343284052645179,0.010352152118761533,0.0003319953338334989,0.001883821531005869,-17.24027905582911,,-10.0
YZ,142,-19.39106595552039,-21.2848201828616,-20.013739330211035,22.72890386726572,0.012620695069705883,0.008951221029706474,0.0006061591998800672,0.001829449489628822,-17.592642786309504,,-10.0
YZ,143,-19.741882491457986,-21.635636718799198,-20.391817305235396,22.916564614761505,0.011749980433937797,0.007591885372298514,0.0008981063887800922,0.0017889654545954461,-17.95904967885219,,-10.0
YZ,144,-20.10972297054107,-22.003477197882283,-20.77109891282789,22.99655932637268,0.010834786273736532,0.00628949133426907,0.0012204373822614727,0.001759065772429229,-18.33342066125406,,-10.0
YZ,145,-20.486978872442563,-22.380733099783775,-21.14184556664711,22.950956386422302,0.009890686051694545,0.005058584218112992,0.0015851038068356593,0.0017341211074131278,-18.706962042630476,,-10.0
YZ,146,-20.866048748388284,-22.759802975729496,-21.48862734683569,22.728258546930086,0.008934579890787945,0.003912378736288404,0.002002542382195395,0.0017068319898560713,-19.06757130517359,,-10.0
YZ,147,-21.241903952708014,-23.135658180049226,-21.788039035127063,22.22294182109286,0.007984496081102337,0.0028620827856506398,0.0024811954721982157,0.001669014306536148,-19.39948611414091,,-10.0
YZ,148,-21.614652651245507,-23.50840687858672,-22.00818778648115,21.29534783509733,0.00705932507212903,0.001916007194024572,0.003027391579224022,0.001612304718882323,-19.68353779223135,,-10.0
YZ,149,-21.987558641623064,-23.881312868964276,-22.114637424940696,19.88362311055076,0.006178422548486091,0.0010783682258986593,0.0036454570277129005,0.0015286826531209947,-19.898454152605602,,-10.0
YZ,150,-22.35378655291367,-24.247540780254884,-22.086239109134596,18.14723332326415,0.00536094510853894,0.0003476805694662472,0.004337925605864333,0.0014108055227547234,-20.02350626019805,,-10.0
YZ,151,-22.678050455839685,-24.571804683180897,-21.929223855337053,16.42295891727878,0.0046246621335884934,-0.0002852950462675722,0.0051057578900773224,0.0012522034107233292,-20.042246945685392,,-10.0
YZ,152,-22.904333192981944,-24.798087420323156,-21.66743195319874,14.977506258196518,0.003983861230651301,-0.0008398157898864785,0.005948529583719769,0.0010473861966781718,-19.946268415360414,,-10.0
YZ,153,-22.999135914063828,-24.89289014140504,-21.318226156715067,13.85358014797644,0.003446038081110051,-0.001346773097142174,0.006864579336877423,0.0007919032982619898,-19.73740745736296,,-10.0
YZ,154,-22.9805208164982,-24.87427504383941,-20.886073170911704,12.932095502027284,0.003007771013647334,-0.0018479731601095857,0.00785112135223947,0.0004823803125264223,-19.427305790464853,,-10.0
YZ,155,-22.903155315715868,-24.79690954305708,-20.373549758382794,12.066770942241192,0.0026516832493481846,-0.0023913967447825165,0.008904332744377949,0.00011654458518506196,-19.034552493155726,,-10.0
YZ,156,-22.82778000721948,-24.721534234560693,-19.79083323027443,11.167675116622178,0.0023473206655153385,-0.003022958213075948,0.010019425448952441,-0.00030675593754148214,-18.580772254210572,,-10.0
YZ,157,-22.802590484909167,-24.69634471225038,-19.156831770364718,10.215069547318778,0.002056843551566104,-0.0037784932376015113,0.011190710608740601,-0.0007875403713873768,-18.087156303382198,,-10.0
YZ,158,-22.85899572603716,-24.752749953378373,-18.494929220220474,9.23315521491729,0.0017427217091996357,-0.00467987892995513,0.01241166124803294,-0.001324690787117956,-17.57224796634698,,-10.0
YZ,159,-23.014621097161008,-24.90837532450222,-17.827819063446345,8.258715761845238,0.0013735720557745826,-0.0057357306008000725,0.013674977215249599,-0.0019159586984287132,-17.0510179222309,,-10.0
YZ,160,-23.277898329736278,-25.17165255707749,-17.1741054591134,7.322747192932594,0.0009266603193655233,-0.0069443609433058676,0.014972654938430424,-0.0025579844828948913,-16.53484946197119,,-10.0
YZ,161,-23.651909206683598,-25.54566343402481,-16.5471335096873,6.445076259563019,0.00038793349026834765,-0.008296819930533692,0.01629606345899928,-0.0032463317115094216,-16.03199968708109,,-10.0
YZ,162,-24.137107909316164,-26.030862136657376,-15.955334868021055,5.6355972907900025,-0.00024904025230029384,-0.009779147775970587,0.017636027407593173,-0.0039755378419475025,-15.54822011250197,,-10.0
YZ,163,-24.733168587212372,-26.626922814553584,-15.403243279749718,4.897299472342716,-0.0009843475874895256,-0.011373842594344336,0.018982916988795714,-0.004739182144363707,-15.087360121104785,,-10.0
YZ,164,-25.440250548859325,-27.334004776200537,-14.8926211794162,4.229000039633538,-0.0018128743841364444,-0.0130607995445606,0.02032674459253679,-0.005529971123081468,-14.651878432776753,,-10.0
YZ,165,-26.259900809794438,-28.15365503713565,-14.423431631738799,3.627281535812835,-0.0027252525388509322,-0.014817952835476395,0.021657267308773945,-0.00633984109813966,-14.243245437610998,,-10.0
YZ,166,-27.195757895785313,-29.089512123126525,-13.99457549053174,3.087717525628964,-0.0037086445851658104,-0.016621769280732883,0.0229640943614873,-0.007160077032824218,-13.862245780068378,,-10.0
YZ,167,-28.254193922143447,-30.14794814948466,-13.604404796652469,2.6055950809049633,-0.004747419549200726,-0.018447675810150242,0.02423679828016543,-0.007981446148785626,-13.509199520712688,,-10.0
YZ,168,-29.44502688631565,-31.33878111365686,-13.2510569206415,2.176315526780365,-0.0058237640815842024,-0.02027046228293277,0.02546502848001794,-0.008794344369556801,-13.184120761967804,,-10.0
YZ,169,-30.7824520301808,-32.67620625752201,-12.932658490372688,1.7956005375771988,-0.006918258263196253,-0.022064677925714163,0.026638625818579915,-0.00958895318630118,-12.88682994293919,,-10.0
YZ,170,-32.28639108052027,-34.18014530786148,-12.647440898669764,1.4595848955014048,-0.00801043274978099,-0.023805027343121156,0.027747736630850228,-0.010355404156240313,-12.617032568876507,,-10.0
YZ,171,-33.98456756453348,-35.87832179187469,-12.393798944048948,1.1648456270293372,-0.009079314432793827,-0.025466765513567788,0.028782924714145414,-0.011083947933478219,-12.374373971404447,,-10.0
YZ,172,-35.915843444521116,-37.80959767186233,-12.17031472661712,0.9083971201277702,-0.01010396117929937,-0.02702608778172758,0.029735279734579022,-0.01176512450202255,-12.158477117320496,,-10.0
YZ,173,-38.13583312237501,-40.02958734971622,-11.97576151998538,0.6876695207462709,-0.011063981793148442,-0.028460509154936125,0.030596520557091656,-0.012389931138236982,-11.968968513429461,,-10.0
YZ,174,-40.726891105048246,-42.62064533238946,-11.809097018900186,0.500480338209643,-0.011940034529049185,-0.029749226459010694,0.03135909205813846,-0.01294998457929319,-11.805495800946657,,-10.0
YZ,175,-43.81722178103927,-45.710976008380484,-11.669451749260116,0.34500483618062694,-0.012714295867126189,-0.030873456724705962,0.03201625406223962,-0.013437673917929124,-11.667739581661202,,-10.0
YZ,176,-47.62120287120353,-49.51495709854474,-11.556116075462695,0.21974824496453643,-0.01337089052741194,-0.031816745357936944,0.03256216114832194,-0.013846300881652158,-11.55542126641028,,-10.0
YZ,177,-52.53696387606132,-54.43071810340253,-11.468527762377379,0.12352137134895179,-0.013896273671815241,-0.03256523808523734,0.032991932196873554,-0.014170204383759395,-11.468308201832883,,-10.0
YZ,178,-59.43603290048434,-61.329787127825554,-11.406261151900052,0.05542037718337674,-0.014279556762968151,-0.03310791129680765,0.03330170869186156,-0.014404866548621257,-11.406216951163778,,-10.0
YZ,179,-70.86030298502514,-72.75405721236636,-11.36901848987806,0.014811275893762348,-0.014512769515746541,-0.033436756190975,0.03348870094948751,-0.014546997806545052,-11.369015332836629,,-10.0
YZ,180,-91.81530157069098,-93.7090557980322,-11.356623648568966,0.0013250208005329664,-0.014591051697202853,-0.033546913023894606,0.03355122161667555,-0.014594599113741757,-11.3566236233027,,-10.0
YZ,181,-70.85920680033807,-72.75296102767929,-11.369018341071776,0.014813144985201187,0.014512770121745032,0.0334367527594772,-0.033488705962838504,0.014546999867791977,-11.369015183233495,,-10.0
YZ,182,-59.43544293606996,-61.32919716341117,-11.406260857636779,0.055424139730983264,0.01427955797262433,0.03310790447051635,-0.03330171867621456,0.014404870644349024,-11.406216650898704,,-10.0
YZ,183,-52.53656419895455,-54.43031842629576,-11.468527329503678,0.12352704929249037,0.013896275480509009,0.03256522793701119,-0.03299194706800695,0.0141702104608555,-11.468307748774704,,-10.0
YZ,184,-47.62090076018479,-49.514654987526,-11.556115514623075,0.2197558749650745,0.01337089292837186,0.031816731995688345,-0.032562180781086816,0.01384630886148542,-11.55542065732913,,-10.0
YZ,185,-43.816978652307654,-45.710732879648866,-11.669451075356632,0.34501446918971523,0.012714298851645298,0.03087344028979137,-0.03201627829195757,0.013437683697570233,-11.667738812188219,,-10.0
YZ,186,-40.72668735788055,-42.62044158522176,-11.809096251722114,0.5004920405118527,0.01194003808678645,0.029749207124126133,-0.031359120682430804,0.012949996033117164,-11.805494865521167,,-10.0
YZ,187,-38.13565747190896,-40.02941169925017,-11.975760685019255,0.6876833756460833,0.011063985912561445,0.028460487121555255,-0.030596553338115697,0.012389944119860798,-11.968967405234345,,-10.0
YZ,188,-35.91568881443335,-37.809443041774564,-12.170313856044896,0.908413230245408,0.010103965848224278,0.027026063277130804,-0.029735316401633627,0.01176513884656365,-12.158475828207651,,-10.0
YZ,189,-33.984429235772296,-35.87818346311351,-12.393798077930887,1.1648641172986025,0.009079319639227564,0.025466738787544248,-0.028782964966612645,0.01108396346007709,-12.374372491811554,,-10.0
YZ,190,-32.28626575804237,-34.18001998538358,-12.647440086296168,1.4596059170547104,0.008010438482902482,0.023804998664367968,-0.027747780141424937,0.010355420670822587,-12.617030887743535,,-10.0
YZ,191,-30.782337331520182,-32.676091558861394,-12.932657791730872,1.7956242727376834,0.006918264514701069,0.022064647578053275,-0.026638672236738443,0.009588970484516311,-12.88682804763143,,-10.0
YZ,192,-29.444921042378986,-31.3386752697202,-13.251056407897755,2.176342195483947,0.005823770847404614,0.02027043056140603,-0.025465077435687718,0.008794362239862099,-13.184118638221785,,-10.0
YZ,193,-28.25409559265581,-30.14784981999702,-13.604404555470484,2.6056249489326873,0.004747426831701285,0.018447643017119656,-0.024236849387530283,0.007981464375614256,-13.509197152630229,,-10.0
YZ,194,-27.195666050052708,-29.08942027739392,-13.994575620938845,3.087750915110439,0.0037086523959302792,0.016621735722134243,-0.022964147222886856,0.00716009539979849,-13.862243150196338,,-10.0
YZ,195,-26.25981464607012,-28.15356887341133,-14.42343224811751,3.6273188384924793,0.0027252609021606684,0.014817918817399503,-0.021657321518648645,0.006339859391291302,-14.243242527169153,,-10.0
YZ,196,-25.440169436993983,-27.333923664335195,-14.892622409045309,4.229041733231722,0.0018128833412269757,0.013060765370422268,-0.02032679974135924,0.005529989134022041,-14.651875222129453,,-10.0
YZ,197,-24.73309202529542,-26.626846252636632,-15.403245259185978,4.897346139791565,0.0009843572015697812,0.011373808563033152,-0.018982972666951408,0.004739199673386414,-15.0873565906151,,-10.0
YZ,198,-24.137035488593284,-26.030789715934496,-15.955337736589716,5.6356496406452035,0.00024905061404758563,0.00977911418142666,-0.01763608320916529,0.0039755547010258295,-15.54821624397929,,-10.0
YZ,199,-23.65184058169701,-25.54559480903822,-16.54713739951112,6.445135142423723,-0.0003879222576257173,0.008296787063372054,-0.016296118985423606,0.003246347727169379,-16.031995466107354,,-10.0
YZ,200,-23.277833193069792,-25.171587420411004,-17.17411048162999,7.322813601813244,-0.0009266480575153803,0.006944329094876986,-0.014972709801993311,0.0025579994989585486,-16.53484488148086,,-10.0
YZ,201,-23.01455916103944,-24.908313388380652,-17.827825293371227,8.258790792860376,-0.0013735585756446836,0.005735700069111086,-0.013675031042407181,0.0019159725786304473,-17.05101298776021,,-10.0
YZ,202,-22.858936715998425,-24.752690943339637,-18.49493667972324,9.233239952324547,-0.0017427068093075876,0.004679850023848858,-0.01241171368255422,0.0013247034176081275,-17.57224270327029,,-10.0
YZ,203,-22.802534152866123,-24.696288380207335,-19.156840419357547,10.21516484464718,-0.0020568270585815595,0.0037784662692901655,-0.011190761314682855,0.0007875516631658592,-18.087150766036178,,-10.0
YZ,204,-22.827726171140117,-24.72148039848133,-19.790842972865345,11.16778132058175,-0.0023473024974416264,0.0030229334616980593,-0.010019474113516873,0.0003067658288702593,-18.580766535799057,,-10.0
YZ,205,-22.90310393151785,-24.796858158859063,-20.373560475382682,12.066887771885153,-0.0026516634779553865,0.0023913743776098916,-0.008904379080715149,-0.00011653612630528166,-19.034546733595253,,-10.0
YZ,206,-22.98047208209326,-24.874226309434473,-20.886084771363215,12.932222399990627,-0.0030077498769496055,0.0018479531317710494,-0.007851165102329048,-0.00048237328572901366,-19.42730017724472,,-10.0
YZ,207,-22.99909036152335,-24.892844588864563,-21.31823861147484,13.853717196504292,-0.003446015914312533,0.0013467550934803665,-0.006864620274691563,-0.000791897667910935,-19.737402213625174,,-10.0
YZ,208,-22.904291612263673,-24.798045839604885,-21.667445274250255,14.977655333790448,-0.003983838353544556,0.000839799271912661,-0.005948567518960717,-0.0010473818886001967,-19.94626377227773,,-10.0
YZ,209,-22.67801354153703,-24.571767768878242,-21.92923801099813,16.423124218729615,-0.004624638769605248,0.00028527936945219127,-0.005105792672913795,-0.0012522003085143189,-20.042243103877677,,-10.0
YZ,210,-22.353754622655636,-24.247508849996848,-22.086253847379123,18.147418956254295,-0.005360921367824484,-0.00034769603535809795,-0.004337957133256493,-0.0014108034637695971,-20.02350335343435,,-10.0
YZ,211,-21.9875317546973,-23.881285982038513,-22.114652120958553,19.883826153357095,-0.006178398453371352,-0.001078384023556004,-0.0036454852520243376,-0.0015286814245642436,-19.898452228639282,,-10.0
YZ,212,-21.614630699034386,-23.508384926375598,-22.008201661212375,21.29555423877917,-0.007059300592913318,-0.0019160237526208098,-0.0030274165198214973,-0.0016123040550156923,-19.683536817050403,,-10.0
YZ,213,-21.241886532310403,-23.135640759651615,-21.788051599862754,22.223134315014956,-0.007984471165110757,-0.0028621004233759487,-0.002481217230312242,-0.0016690138889377032,-19.399485993900825,,-10.0
YZ,214,-20.866035152204606,-22.75978937954582,-21.488638556098635,22.728427439628092,-0.0089345544811779,-0.0039123976747213315,-0.0020025611581159465,-0.00170683145381496,-19.067571913979403,,-10.0
YZ,215,-20.486968242185366,-22.380722469526578,-21.141855667441753,22.951101242217188,-0.009890660098026046,-0.0050586045991106955,-0.001585119916124119,-0.0017341200582764742,-18.70696324639986,,-10.0
YZ,216,-20.109714457318194,-22.003468684659406,-20.77110825416945,22.996684746305192,-0.010834759737180084,-0.0062895132354762176,-0.0012204512643691821,-0.0017590638147663008,-18.333422333500657,,-10.0
YZ,217,-19.74187535033968,-21.63562957768089,-20.391826222163637,22.91667637034567,-0.01174995328933238,-0.00759190882015789,-0.0008981185990932678,-0.001788962232920674,-17.95905170871091,,-10.0
YZ,218,-19.391059583808005,-21.284813811149217,-20.013748092396327,22.729006916688732,-0.012620667305881322,-0.008951246010001466,-0.0006061703782113602,-0.0018294447324951524,-17.592645081038732,,-10.0
YZ,219,-19.063442197869296,-20.95719642521051,-19.643008790884448,22.440286306151144,-0.01343281214563073,-0.01035217858508768,-0.000332006150844376,-0.001883815084695307,-17.240281540128123,,-10.0
YZ,220,-18.763278534056482,-20.657032761397694,-19.283593825191513,22.058770289246866,-0.014173906958790915,-0.011778987165134454,-6.347511222749787e-05,-0.0019527556912708887,-16.9059450151653,,-10.0
YZ,221,-18.49300067634468,-20.38675490368589,-18.938210336916185,21.598347356694468,-0.01483317476450864,-0.013215933036725521,0.00021008781529346986,-0.0020344980392406837,-16.59206715785191,,-10.0
YZ,222,-18.253592712317204,-20.147346939658416,-18.60874369322183,21.07702380625041,-0.015401607594059579,-0.014647555435955192,0.0004971635941800747,-0.0021253687532242966,-16.299962366669817,,-10.0
YZ,223,-18.04503603187054,-19.938790259211753,-18.29647363221344,20.513571683043562,-0.015872001395220037,-0.016058922911217112,0.0008037976580652214,-0.00222049394697094,-16.030158423411237,,-10.0
YZ,224,-17.86670455047452,-19.76045877781573,-18.002181165256232,19.92472698753903,-0.016238960902682655,-0.01743584531648235,0.0011337258649548945,-0.0023144554168157703,-15.782639486040793,,-10.0
YZ,225,-17.717663040876964,-19.611417268218176,-17.726220446891038,19.323755821283044,-0.016498875426002386,-0.01876505058697169,0.0014887221364007807,-0.0024017872855055405,-15.557020665558259,,-10.0
YZ,226,-17.59686884141165,-19.49062306875286,-17.468584934342836,18.72020250023855,-0.016649867252079766,-0.020034329094483508,0.0018690219076194028,-0.0024772951062589435,-15.352671390987895,,-10.0
YZ,227,-17.50329782281558,-19.39705205015679,-17.228973050639034,18.120318532864836,-0.016691715005700256,-0.02123264766765796,0.002273728102679945,-0.0025362300962646915,-15.168801406517446,,-10.0
YZ,228,-17.43601870946388,-19.329772936805092,-17.006850280418455,17.527745643711988,-0.0166257548243454,-0.022350235040552852,0.0027011571694726478,-0.0025743635459979353,-15.00451993429894,,-10.0
YZ,229,-17.394235479970213,-19.287989707311425,-16.801504123743463,16.94420182202519,-0.016454762575509492,-0.02337864040179448,0.003149115304971636,-0.00258799959119257,-14.858875763022553,,-10.0
YZ,230,-17.377311686160795,-19.271065913502007,-16.6120901560155,16.37006189153183,-0.016182820581802194,-0.02431076675499926,0.003615110706611014,-0.0025739528150496714,-14.730883870583662,,-10.0
YZ,231,-17.38478561821175,-19.278539845552963,-16.43766919730783,15.804806956641574,-0.015815172432285047,-0.02514088090457522,0.0040965128987829206,-0.002529507046894172,-14.619542588778508,,-10.0
YZ,232,-17.416381812822895,-19.310136040164107,-16.277236668570158,15.247354864924551,-0.015358069461403086,-0.02586460200785128,0.004590670316334522,-0.002452364779468179,-14.52384415714656,,-10.0
YZ,233,-17.4720222038786,-19.36577643121981,-16.129745684384513,14.696296101044053,-0.014818612384135402,-0.026478870758594276,0.00509499558700943,-0.0023405923988859666,-14.44278068405404,,-10.0
YZ,234,-17.551838852460726,-19.445593079801938,-15.994125530764464,14.15006000082392,-0.014204591402427474,-0.026981901371664858,0.0056070258777582704,-0.0021925640432013467,-14.375346947044799,,-10.0
YZ,235,-17.65618931773963,-19.549943545080843,-15.86929709148292,13.607032384852118,-0.013524327858343909,-0.027373118614499738,0.006124463849382902,-0.002006905645984813,-14.320541053158301,,-10.0
YZ,236,-17.7856750734163,-19.679429300757512,-15.754186634948223,13.065641183279077,-0.012786520217972459,-0.027653082172981108,0.006645203350145973,-0.0017824400867604698,-14.277363693070145,,-10.0
YZ,237,-17.94116271323369,-19.834916940574903,-15.647739214866403,12.524422749676427,-0.012000096840424933,-0.027823400645483335,0.007167342946032215,-0.0015181340624491136,-14.244816524218429,,-10.0
YZ,238,-18.12380679576503,-20.017561023106243,-15.548932792960775,11.982078757364402,-0.01117407763097541,-0.027886637429913565,0.0076891896554724766,-0.0012130471447384043,-14.221900081622671,,-10.0
YZ,239,-18.33507175637769,-20.228825983718902,-15.45679405847933,11.437531880131235,-0.010317446308020693,-0.027846210706466295,0.008209254749459851,-0.0008662834073205378,-14.207611522414611,,-10.0
YZ,240,-18.57674790841008,-20.470502135751293,-15.370416779325796,10.889987842975557,-0.009439034640308432,-0.027706289626791895,0.008726243127673844,-0.0004769459483846539,-14.20094244796742,,-10.0
YZ,241,-18.850952415721515,-20.744706643062727,-15.288983343716191,10.339011903223177,-0.008547419642857622,-0.027471688702128346,0.009239037537087142,-4.409457610273288e-05,-14.200877006339303,,-10.0
YZ,242,-19.16009897210062,-21.053853199441832,-15.21178989866735,9.784629525253033,-0.007650834364592306,-0.0271477622429086,0.009746678725074991,0.00043329314050465415,-14.206390450404779,,-10.0
YZ,243,-19.50680760646481,-21.400561833806023,-15.138275111408683,9.22746424076802,-0.006757092564308466,-0.026740300544636688,0.010248342488441158,0.000956357327839069,-14.216448308048708,,-10.0
YZ,244,-19.893704938367975,-21.787459165709187,-15.068052013165145,8.668930903513306,-0.005873527258804664,-0.02625542934371524,0.01074331447505647,0.0015263877266002096,-14.230006305753061,,-10.0
YZ,245,-20.323029619405357,-22.21678384674657,-15.000941572489957,8.11151027071519,-0.005006942841675571,-0.025699513886382554,0.0112309635038128,0.0021448521165256806,-14.246011172149728,,-10.0
YZ,246,-20.795899645152957,-22.68965387249417,-14.937005544308452,7.5591411687853105,-0.004163580215635562,-0.025079068767497822,0.011710714083264209,0.002813421379109074,-14.263402430573947,,-10.0
YZ,247,-21.311010439611902,-23.204764666953114,-14.876574753557417,7.017777554585226,-0.003349094156838558,-0.02440067450699694,0.012182018724740042,0.0035339914162634367,-14.281115266723658,,-10.0
YZ,248,-21.862422920319062,-23.756177147660274,-14.82026739236771,6.496161420266801,-0.0025685419371226067,-0.02367090164300815,0.012644330559282694,0.004308702222060882,-14.29808452721721,,-10.0
YZ,249,-22.436040127313273,-24.329794354654485,-14.768990379408384,6.006833959906932,-0.0018263820692308306,-0.022896242934349983,0.013097076678692577,0.005139954473749259,-14.313249865848105,,-10.0
YZ,250,-23.004615943856727,-24.89837017119794,-14.723915793230562,5.5672862329607415,-0.0011264819103417962,-0.02208305408322035,0.013539632529730077,0.0060304240645883325,-14.325562006342023,,-10.0
YZ,251,-23.522320753688835,-25.416074981030047,-14.686424504317516,5.200827236375146,-0.0004721327596525512,-0.021237503212905486,0.013971297598687827,0.00698307504277485,-14.33399003426099,,-10.0
YZ,252,-23.92284287204245,-25.816597099383664,-14.658011170855097,4.936145577073288,0.00013392898492526717,-0.020365529166606822,0.014391272533140603,0.008001171446721892,-14.337529568587062,,-10.0
YZ,253,-24.12876493811973,-26.022519165460942,-14.640149379359542,4.804002943501061,0.000689496088930973,-0.019472808532961815,0.014798637761146708,0.009088288537220322,-14.335211599106488,,-10.0
YZ,254,-24.077629737590648,-25.97138396493186,-14.634123003017763,4.830322383538083,0.0011928616571828183,-0.018564731152651684,0.015192333587905681,0.010248323922117305,-14.326111713977234,,-10.0
YZ,255,-23.75356698666858,-25.647321214009793,-14.64083890071006,5.028252462093448,0.0016427887099496566,-0.017646383719604145,0.015571141678087312,0.011485509050696188,-14.309359388756489,,-10.0
YZ,256,-23.197500994358453,-25.091255221699665,-14.660644720086749,5.394718081871415,0.002038479614430246,-0.016722540960872206,0.015933667770400714,0.01280442152490434,-14.284146970047967,,-10.0
YZ,257,-22.485286063375035,-24.379040290716247,-14.693180735092515,5.914124070544627,0.002379546772380405,-0.015797663762821886,0.0162783254208323,0.014209998635462993,-14.249737969676657,,-10.0
YZ,258,-21.695119553000147,-23.58887378034136,-14.737293483687004,6.565713997714294,0.002665985889377517,-0.014875903509280326,0.01660332053275423,0.015707552485398676,-14.20547429349567,,-10.0
YZ,259,-20.887578942543183,-22.781333169884395,-14.791030322722422,7.3296081095115895,0.0028981530557132813,-0.01396111181212771,0.01690663640594694,0.01730278701422166,-14.150782064820485,,-10.0
YZ,260,-20.101531274816868,-21.99528550215808,-14.851719486694892,8.189732763906573,0.003076746754100677,-0.01305685474878082,0.017186019021793925,0.019001817185360762,-14.085175765469147,,-10.0
YZ,261,-19.3581711424244,-21.251925369765612,-14.916123933662204,9.134461052374775,0.0032027957757199696,-0.01216643067734908,0.017438962277620058,0.020811190549731868,-14.008260503600397,,-10.0
YZ,262,-18.66669110294274,-20.56044533028395,-14.980644142242912,10.156227698049625,0.003277653873307214,-0.011292890682888442,0.017662692887883993,0.022737911350983728,-13.919732320216182,,-10.0
YZ,263,-18.028937105468824,-19.922691332810036,-15.041538717894515,11.25090440543569,0.0033030018059137,-0.010439060722100778,0.017854154682337264,0.024789467294460212,-13.81937655631608,,-10.0
YZ,264,-17.442608566707605,-19.336362794048817,-15.095133066007115,12.417268390088145,0.0032808572299387515,-0.009607564586262506,0.018009992049618565,0.026973859062804244,-13.707064410197658,,-10.0
YZ,265,-16.90328793344108,-18.797042160782294,-15.137993718208772,13.656661467099342,0.003213592654733727,-0.008800846903212771,0.018126532297631594,0.029299632626804926,-13.582747909540684,,-10.0
YZ,266,-16.405672480724295,-18.299426708065507,-15.167055965667256,14.972850118476021,0.003103961389269683,-0.008021195564857335,0.01819976672802461,0.03177591437027542,-13.446453597542366,,-10.0
YZ,267,-15.944296208784843,-17.838050436126057,-15.179702167874662,16.372080243651638,0.0029551310226497594,-0.007270763222068333,0.018225330249983636,0.03441244902212839,-13.298275280963665,,-10.0
YZ,268,-15.513933990143455,-17.40768821748467,-15.173795465733386,17.863333033185032,0.0027707234391801997,-0.00655158787553168,0.018198479387408185,0.03721964036655478,-13.138366208158931,,-10.0
YZ,269,-15.109809937497927,-17.00356416483914,-15.147677946827844,19.45881650291299,0.002554859545074741,-0.005865613178065332,0.018114068562694634,0.04020859468246269,-12.96693103782263,,-10.0
YZ,270,-14.727686356022842,-16.621440583364055,-15.100143900532139,21.174772093872857,0.0023122055480591535,-0.005214709966165838,0.017966524569336086,0.0433911668448673,-12.78421792790823,,-10.0
YZ,271,-14.363880976888995,-16.25763520423021,-15.030398481304807,23.032752179601722,0.0020480153422410517,-0.004600701946419409,0.017749819174138967,0.04678000900327714,-12.590511024448986,-75.1797836039552,-10.0
YZ,272,-14.015242024051803,-15.908996251393017,-14.938010799923314,25.06167045234156,0.0017681594480650198,-0.004025400681454815,0.017457439818080425,0.050388621733061634,-12.386123568467385,-60.67681237864883,-10.0
YZ,273,-13.67909877683544,-15.572853004176654,-14.822869020454972,27.30124038183599,0.001479123324466043,-0.003490658501249119,0.017082358412780854,0.054231407535693464,-12.171391772371368,-52.19656661359103,-10.0
YZ,274,-13.353196903566785,-15.246951130907998,-14.685144183850692,29.80817136880863,0.0011879432402902483,-0.002998453226092746,0.016616998257603526,0.05832372654027566,-11.946669551286726,-46.183406114965905,-10.0
YZ,275,-13.035620969730955,-14.929375197072169,-14.52526995953648,32.66856299621612,0.0009020192908421348,-0.002551025620265418,0.016053199130805447,0.06268195423214604,-11.712324134446664,-41.52303253346875,-10.0
YZ,276,-12.72469938550234,-14.618453612843554,-14.343948316113085,36.02659438017758,0.0006286892099820235,-0.002151096283625429,0.015382180637539374,0.06732354100246916,-11.468732530549833,-37.71910843312514,-10.0
YZ,277,-12.418877982928802,-14.312632210270015,-14.142197298034212,40.16599351017117,0.00037434182921133646,-0.0018021786652214463,0.014594503928232435,0.07226707327636148,-11.216278780803762,-34.506873115847526,-10.0
YZ,278,-12.116537819096726,-14.01029204643794,-13.92146585901487,45.82614131402397,0.0001426813276483961,-0.0015089294771659643,0.013680031933474333,0.07753233593404923,-10.955351904954341,-31.728288876687234,-10.0
YZ,279,-11.815732844635171,-13.709487071976385,-13.683839563984229,56.615988887100386,-6.838387991028237e-05,-0.0012772170819232754,0.012627888296617443,0.0831403756903472,-10.686344428515596,-29.28141901814666,-10.0
YZ,280,-11.5138816482184,-13.407635875559613,-13.43230180551535,56.954942011852495,-0.0002713499464792979,-0.0011130449378637347,0.011426415223272784,0.08911356504140443,-10.40965137252842,-27.09666276198237,-10.0
YZ,281,-11.207635759745658,-13.101389987086872,-13.170826645848674,47.96515601474133,-0.0004933422406974982,-0.001019278457783327,0.010063130508097793,0.09547566632395336,-10.125669588831908,-25.124377606548382,-10.0
YZ,282,-10.893309966196657,-12.787064193537871,-12.90391637259835,43.44428074261011,-0.0007752956165171149,-0.0009913698041924001,0.008524684044345652,0.10225189536084658,-9.83479733214495,-23.327910280444353,-10.0
YZ,283,-10.5678343462832,-12.461588573624415,-12.6356226795388,39.9844893020073,-0.0011641253106168482,-0.0010169782587772503,0.00679681417073729,0.10946898408753937,-9.537433973289263,-21.679426814628613,-10.0
YZ,284,-10.229440313478586,-12.1231945408198,-12.368837946120463,36.991362754758995,-0.0017044258562667418,-0.0010814504413947479,0.004864304263486492,0.11715524146711549,-9.23397977383683,-20.15729236655765,-10.0
YZ,285,-9.877602423100681,-11.771356650441895,-12.105333801756835,34.323620972961194,-0.0024361569916097454,-0.0011738576769809597,0.0027109400392007358,0.12534061190684997,-8.924835659718317,-18.744357206031196,-10.0
YZ,286,-9.512605647269112,-11.406359874610326,-11.84617640019805,31.933310776274983,-0.0033967164712877364,-0.001289371922478701,0.0003194680965424296,0.13405673028705295,-8.610402948570691,-17.426797006601813,-10.0
YZ,287,-9.135168137661283,-11.028922365002497,-11.5920876949386,29.787209915663375,-0.004623557229409551,-0.0014288941226098977,-0.0023284437088116343,0.14333697260419181,-8.291083001765799,-16.19330533722315,-10.0
YZ,288,-8.746221707303606,-10.63997593464482,-11.343649963133142,27.854204380176256,-0.006155927552720478,-0.001597957501275871,-0.00525224339066891,0.15321650111480564,-7.967276786440907,-15.034517316841917,-10.0
YZ,289,-8.346801948974953,-10.240556176316167,-11.101401288812077,26.105491372665107,-0.008035840357343161,-0.0018058268224757275,-0.008472528720544397,0.16373230274659534,-7.639384344932333,-13.942589305127516,-10.0
YZ,290,-7.937994630143983,-9.831748857485197,-10.86587512383225,24.515666293999395,-0.010308611891807876,-0.0020649463300253692,-0.01201107706023171,0.17492321941818914,-7.307804178614599,-12.910886529934679,-10.0
YZ,291,-7.520908004050881,-9.414662231392095,-10.637614155522744,23.063030841140836,-0.013023189291139494,-0.0023906581625158735,-0.015890870241297723,0.18682996878220356,-6.972932560195437,-11.933747008268263,-10.0
YZ,292,-7.096656663215251,-8.990410890556465,-10.41717281469655,21.729355389197483,-0.016232374615107705,-0.0028010946490677193,-0.020136113512543827,0.1994951537781695,-6.6351627931799,-11.006300438000824,-10.0
YZ,293,-6.6663505367831934,-8.560104764124407,-10.20511485636513,20.499422739233406,-0.0199929927639094,-0.0033171749431251075,-0.0247722474946334,0.21296325925522114,-6.294884439724321,-10.12432738183298,-10.0
YZ,294,-6.231086244243146,-8.12484047158436,-10.002008891970867,19.36053678901554,-0.02436602243686532,-0.003962661854301329,-0.029825952000546947,0.2272806338019538,-5.9524825387670806,-9.28414844359282,-9.28414844359282
YZ,295,-5.791939618370392,-7.685693845711606,-9.808423194385824,18.302074418840075,-0.02941669651718757,-0.004764251463596695,-0.03532514050241844,0.24249545480448456,-5.608336835530658,-8.482536083659387,-8.482536083659387
YZ,296,-5.349958924206021,-7.243713151547234,-9.624920412022494,17.315104840531482,-0.035214572410386315,-0.005751678022176792,-0.041298943952442685,0.2586576746480359,-5.262821041570865,-7.716643741251296,-7.716643741251296
YZ,297,-4.90615862306276,-6.799912850403973,-9.4520525226187,16.392077033157012,-0.04183357007604478,-0.0069578222852170945,-0.04777768259898164,0.27581894588455613,-4.916302141884492,-6.983948341399891,-6.983948341399891
YZ,298,-4.4615136751546505,-6.355267902495863,-9.290356217263922,15.526567188765055,-0.0493519740863066,-0.008418814596388206,-0.05479282438208399,0.2940325231144982,-4.569139762456291,-6.282203263818909,-6.282203263818909
YZ,299,-4.016954435454576,-5.9107086627957885,-9.14034883799837,14.713076003852512,-0.0578523952853822,-0.0101741257842639,-0.06237692844782764,0.3133531392775454,-4.221685608333629,-5.6093995694394785,-5.6093995694394785
YZ,300,-3.5733622170588553,-5.467116444400069,-9.002524956485574,13.946866201980097,-0.06742168719323813,-0.012266639874303872,-0.07056357229028327,0.33383685402133173,-3.8742829790404802,-4.9637338038769805,-4.9637338038769805
YZ,301,-3.131565594543869,-5.025319821885082,-8.8773536581958,13.223832082694642,-0.0781508120534247,-0.014742703111124139,-0.07938726101809393,0.355540871822176,-3.5272663650817435,-4.343581083154934,-4.343581083154934
YZ,302,-2.6923375062829265,-4.58609173362414,-8.7652765778703,12.540394419556666,-0.09013465131267748,-0.017652144029999463,-0.08888331725139004,0.3785233275745941,-3.180961126524633,-3.747472454937304,-3.747472454937304
YZ,303,-2.256393194773691,-4.150147422114904,-8.666706714240108,11.89341540007862,-0.10347175531607601,-0.021048259436088627,-0.0990877501883829,0.40284303744954975,-2.835683252289345,-3.174075745515287,-3.174075745515287
YZ,304,-1.8243890008075998,-3.718143228148813,-8.582028033865619,11.280129437378486,-0.1182640271036754,-0.02498776122121013,-0.11003710244240518,0.4285592129538486,-2.491739196816803,-2.6221792679297824,-2.6221792679297824
YZ,305,-1.3969220030445584,-3.2906762303857717,-8.511595855607183,10.698086592257358,-0.13461633540478435,-0.02953067902104519,-0.12176827334318266,0.4557311363056316,-2.1494257892724127,-2.0906778934267436,-2.0906778934267436
YZ,306,-0.9745304708276685,-2.868284698168882,-8.455737989243154,10.145106057093578,-0.15263605225368007,-0.03474021382560032,-0.134318317523458,0.4844177954827109,-1.8090302093145594,-1.5785610866609616,-1.5785610866609616
YZ,307,-0.5576950762852215,-2.451449303626435,-8.414756585021827,9.6192377066232,-0.1724325111022418,-0.04068253782840064,-0.14772421777751296,0.5146774776022902,-1.4708300227195623,-1.0849025817412787,-1.0849025817412787
YZ,308,-0.14684079294579444,-2.040595020287008,-8.388930636391587,9.118730149138287,-0.19411638189060368,-0.04742653605545384,-0.16202263138369175,0.5465673196589678,-1.1350932697314646,-0.608851436520295,-0.608851436520295
YZ,309,0.25766060693006443,-1.636093620411149,-8.378519066618974,8.642004043115701,-0.21779896026258574,-0.05504348566986044,-0.1772496093318118,0.5801428160841069,-0.8020785988680783,-0.1496242503026064,-0.1496242503026064
YZ,310,0.6554875548217933,-1.23826667251942,-8.38376432210191,8.187629701157128,-0.24359136898460576,-0.0636066693148647,-0.19344028818914766,0.6154572830966586,-0.4720354390029657,0.2935016317634336,0.2935016317634336
YZ,311,1.0463652929420117,-0.8473889343992016,-8.40489639127893,7.754308202791154,-0.27160367064763546,-0.07319091944806844,-0.21062855467763508,0.6525612803933033,-0.14520420281376303,0.721194073782554,0.721194073782554
YZ,312,1.4300621922211625,-0.4636920351200508,-8.442137168217018,7.340855393489811,-0.3019438919028137,-0.08387209133954707,-0.22884668341924877,0.6915019913751255,0.17818348491381988,1.1340713852013344,1.1340713852013344
YZ,313,1.8063858853734773,-0.08736834196773591,-8.495705084079502,6.946188269366013,-0.3347169607985152,-0.09572646326205907,-0.24812494873606325,0.7323225638244175,0.4979045401341238,1.5327069393690493,1.5327069393690493
YZ,314,2.1751793131838224,0.28142508584260917,-8.5658199373534,6.569313343162399,-0.37002356024505456,-0.10883006339375963,-0.2684912118639013,0.7750614137271896,0.8137441589971071,1.917633259711554,1.917633259711554
YZ,315,2.536316773303683,0.6425625459624696,-8.652707864438224,6.209316663215332,-0.4079589022208638,-0.12325792408143384,-0.28997048545129617,0.8197514957758166,1.1254955487756435,2.2893456452581322,2.2893456452581322
YZ,316,2.8897000498793135,0.9959458225381004,-8.756606405352835,5.865355217556862,-0.44861142903734574,-0.13908326536912605,-0.31258447776302595,0.866419544976184,1.432959654536775,2.648305396217485,2.648305396217485
YZ,317,3.235254690030871,1.3415004626896574,-8.877769634298595,5.5366495036317795,-0.4920614497782961,-0.15637661107427117,-0.33635111958492636,0.9150852947118177,1.7359448852426396,2.994942691155633,2.994942691155633
YZ,318,3.5729264803162417,1.6791722529750286,-9.016473341042666,5.222477082890993,-0.5383797219007922,-0.17520484217661275,-0.36128407742648216,0.9657606775731379,2.034266842411034,3.3296591597254617,3.3296591597254617
YZ,319,3.9026781634983516,2.0089239361571383,-9.173020266106619,4.922166970797427,-0.5876259898984428,-0.19563019385595978,-0.3873922572297702,1.0184490162263755,2.327748053939967,3.6528301885488954,3.6528301885488954
YZ,320,4.2244864237423485,2.3307321964011347,-9.347745410218465,4.635094738124325,-0.6398474948519983,-0.21770920415007833,-0.4146793034085717,1.0731442125576127,2.616217715218609,3.964806992530293,3.964806992530293
YZ,321,4.538339157214313,2.6445849298730995,-9.541021456273594,4.360678220044909,-0.6950774705892443,-0.24149162387668388,-0.4431430986476874,1.1298299442625508,2.899511439209659,4.265918479400185,4.265918479400185
YZ,322,4.844233035218675,2.950478807877462,-9.753264360167401,4.098373746369583,-0.7533336440043965,-0.2670192991409494,-0.47277527047588486,1.1884788789412226,3.1774710167967744,4.556472931505054,4.556472931505054
YZ,323,5.142171358660669,3.248417131319456,-9.984939185545597,3.8476728201214856,-0.8146167588027499,-0.2943250393964268,-0.5035607111721719,1.2490519165758127,3.4499441883457287,4.836759525651818,4.836759525651818
YZ,324,5.432162195806487,3.5384079684652736,-10.236566277185437,3.6080991830488687,-0.8789091434917309,-0.3234314856039305,-0.5354771180605562,1.3114974719949406,3.7167844271283954,5.107049709087949,5.107049709087949
YZ,325,5.714216790003874,3.8204625626626605,-10.508727889059317,3.379206216102716,-0.9461733457869934,-0.3543499944967704,-0.5684945616744171,1.3757508095336917,3.977850734999815,5.367598447370885,5.367598447370885
YZ,326,5.988348220122882,4.094593992781668,-10.802075406981464,3.1605746307561806,-1.0163508566923285,-0.387079556267179,-0.6025750896141868,1.4417334425623802,4.23300745050177,5.618645357888184,5.618645357888184
YZ,327,6.254570293834973,4.36081606649376,-11.1173373333396,2.9518104135742935,-1.089360948296615,-0.42160576409431816,-0.6376723741648177,1.5093526108503659,4.482124069382457,5.860415741079596,5.860415741079596
YZ,328,6.512896652302718,4.619142424961505,-11.455328234237472,2.7525429919178017,-1.1650996497648543,-0.4578998547901294,-0.6737314118639961,1.5785008488353025,4.725075077373316,6.093121519939684,6.093121519939684
YZ,329,6.763340064220074,4.869585836878861,-11.816958889421095,2.5624235932591715,-1.243438886038935,-0.49591784040692677,-0.7106882832096173,1.6490556577565252,4.9617397949429085,6.316962097108057,6.316962097108057
YZ,330,7.005911887248036,5.112157659906822,-12.20324793515811,2.3811237744651748,-1.3242258033714172,-0.5355997508829663,-0.748469980544871,1.7208792942694098,5.192002233652734,6.532125137753437,6.532125137753437
YZ,331,7.240621675566219,5.346867448225005,-12.615335353164294,2.2083341006729036,-1.4072823049599235,-0.576869007667768,-0.7869943118567774,1.7938186875663462,5.415750963667486,6.73878728550218,6.73878728550218
YZ,332,7.467476913354087,5.573722686012874,-13.05449823913682,2.0437629561705055,-1.4924048186065944,-0.6196319477331098,-0.8261698877568093,1.8677054961800617,5.632878991917822,6.9371148178301105,6.9371148178301105
YZ,333,7.686482855400733,5.792728628059519,-13.522169388518767,1.8871354720546751,-1.579364316484344,-0.663777516416808,-0.8658961982765847,1.9423563145291978,5.843283650378703,7.127264246610856,7.127264246610856
YZ,334,7.897642457600201,6.003888230258988,-14.01995937294705,1.7381925574590418,-1.6679066047426763,-0.7091771461452678,-0.9060637853018917,2.017573037882725,6.04686649390048,7.309382868879369,7.309382868879369
YZ,335,8.100956381741083,6.20720215439987,-14.549682959832912,1.5966900228743328,-1.7577528978399852,-0.7556848362380708,-0.9465545154929615,2.0931433927743752,6.243533207021007,7.483609272312695,7.483609272312695
YZ,336,8.296423060664125,6.402668833322911,-15.113390965649272,1.4623977855662207,-1.848600689165668,-0.8031374467095774,-0.987241957394137,2.1688416380025775,6.433193519183415,7.6500737994412935,7.6500737994412935
YZ,337,8.484038811492415,6.590284584151202,-15.713408953512442,1.3350991483736703,-1.9401249257454047,-0.8513552162734777,-1.0279918651416406,2.2444294392216495,6.615761127790502,7.808898974173476,7.808898974173476
YZ,338,8.663797986194364,6.770043758853151,-16.352384620410735,1.214590144270341,-2.0319794906536512,-0.9001425116487232,-1.0686627697409472,2.319656917793428,6.791153628538769,7.960199893835389,7.960199893835389
YZ,339,8.835693150193105,6.941938922851892,-17.03334631705318,1.1006789400289698,-2.123798992244328,-0.949288811801795,-1.1091066773283453,2.3942638720557774,6.959292452491787,8.104084589592617,8.104084589592617
YZ,340,8.999715281072444,7.10596105373123,-17.759775975563524,0.9931852931513879,-2.215200854525035,-0.9985699269955349,-1.1491698721790387,2.467981166511842,7.12010280937319,8.24065435782113,8.24065435782113
YZ,341,9.155853980639394,7.262099753298181,-18.535700895650375,0.8919400569467278,-2.30578769802289,-1.047749448507554,-1.188693820498264,2.5405322816994067,7.273513636582765,8.370004064730239,8.370004064730239
YZ,342,9.304097694685822,7.4103434673446085,-19.36581052599377,0.7967847292660739,-2.395149995411417,-1.0965804207105534,-1.227516169270512,2.6116350147089884,7.419457553464689,8.492222426303972,8.492222426303972
YZ,343,9.444433935747362,7.550679708406149,-20.255606838079053,0.7075710409469477,-2.482868981086325,-1.1448072229541495,-1.2654718326743744,2.6810033175370855,7.55787082038284,8.607392265416388,8.607392265416388
YZ,344,9.576849504994565,7.683095277653351,-21.21160054883593,0.6241605804990912,-2.5685197888990565,-1.1921676444437124,-1.3023941568352264,2.748349257744838,7.688693302185782,8.715590747787523,8.715590747787523
YZ,345,9.701330710114592,7.807576482773379,-22.24157100576673,0.5464244519813901,-2.6516747874888407,-1.2383951311707118,-1.3381161520206637,2.813385083300455,7.811868435671078,8.816889598277225,8.816889598277225
YZ,346,9.817863576662479,7.924109349321265,-23.354916188820084,0.4742429633872855,-2.7319070782045753,-1.283221180013806,-1.3724717798265187,2.8758253710746473,7.927343200686233,8.911355298861746,8.911355298861746
YZ,347,9.926434050886984,8.03267982354577,-24.563133076290356,0.40750534317982695,-2.8087941165858656,-1.3263778514947722,-1.4052972814892497,2.9353892362907437,8.035068094529942,8.999049269500318,8.999049269500318
YZ,348,10.027028192479293,8.133273965138079,-25.88049130574983,0.3461094829029676,-2.8819214148806203,-1.367600369436995,-1.4364325322310882,2.9918025783617916,8.134997109344361,9.080028032974564,9.080028032974564
YZ,349,10.119632356059926,8.225878128718712,-27.325001655467492,0.2899617040491068,-2.9508862802083455,-1.4066297730266903,-1.4657224055322848,3.044800337025293,8.227087712214097,9.154343364670588,9.154343364670588
YZ,350,10.204233360522162,8.310479133180948,-28.919849157815452,0.23897654758729558,-3.015301540819472,-1.443215584601332,-1.4930181304603471,3.0941287315595867,8.31130082771271,9.222042428170711,9.222042428170711
YZ,351,10.280818645595435,8.387064418254221,-30.695587114853335,0.19307658475807124,-3.0747992115223854,-1.477118454956985,-1.5181786246958082,3.139547455172176,8.387600822661486,9.28316789742776,9.28316789742776
YZ,352,10.349376415187791,8.455622187846577,-32.69363544919576,0.15219224792378253,-3.129034048806493,-1.5081127471347207,-1.5410717856976914,3.180831796419553,8.455955492887682,9.337758066208437,9.337758066208437
YZ,353,10.409895767220867,8.516141539879653,-34.972142274198774,0.11626168043772594,-3.177686946522118,-1.5359890195562647,-1.5615757225628428,3.217774659773118,8.516336051792274,9.385846945412904,9.385846945412904
YZ,354,10.462366809787667,8.568612582446454,-37.61643177195915,0.08523060467529256,-3.220468124201183,-1.5605563700621126,-1.5795799115646556,3.250188458191077,8.568717120557643,9.427464348803781,9.427464348803781
YZ,355,10.506780763551227,8.613026536210013,-40.75917021136745,0.05905220762644088,-3.257120062219658,-1.581644603859308,-1.5949862591012032,3.2779068517979812,8.613076719846351,9.462635967609382,9.462635967609382
YZ,356,10.543130050363715,8.6493758230225,-44.62368235317563,0.037687044038553774,-3.287420140989504,-1.5991061906028479,-1.6077100568376004,3.300786308494646,8.649396262861552,9.49138343440167,9.49138343440167
YZ,357,10.571408368126269,8.677654140785055,-49.63236887658717,0.021102959496644792,-3.3111829451811343,-1.6128179787831427,-1.61768081517882,3.318707464498599,8.677660549658405,9.513724376588964,9.513724376588964
YZ,358,10.59161075193326,8.697856524592046,-56.75270294392263,0.009275052370139385,-3.328262198554892,-1.6226826392172984,-1.624842962833789,3.3315762654144447,8.697857762613875,9.529672459806026,9.529672459806026
YZ,359,10.603733621554309,8.709979394213095,-69.29406181333543,0.0021859601703113963,-3.3385523002419304,-1.6286298136739608,-1.629156402097075,3.339324871411612,8.709979462980113,9.53923742142941,9.53923742142941
