plane,theta,gain,cp_plus_db,cp_minus_db,axial_ratio_db,etheta_re,etheta_im,ephi_re,ephi_im,realized_gain_dbi,gain_dbi,dominant_cp_gain_dbi
XZ,0,1.885882822983742,-70.55282242739375,1.885882575290705,0.004148671622797306,-0.7284005151827183,0.2549565562911092,-0.2552262711687515,-0.72865187346717,1.885882822983742,3.565416053539913,-68.87328919683758
XZ,1,1.8856880354056906,-67.32476266978136,1.8856875145237908,0.00601619370321924,-0.728240156998065,0.2550318676589383,-0.2553528343178667,-0.7286677084260289,1.8856880354056906,3.5652212659618616,-65.64522943922519
XZ,2,1.8851204344769814,-61.375738100477435,1.885118384738,0.011934426295188785,-0.7277650577102093,0.2552602925266949,-0.25573270690496597,-0.728714408918218,1.8851204344769814,3.564653665033152,-59.69620486992126
XZ,3,1.884179734422451,-56.06540815025188,1.8841727709498526,0.021997103015955647,-0.7269760416332389,0.2556410086220888,-0.2563656285464452,-0.7287907800552977,1.884179734422451,3.5637129649786217,-54.38587491969571
XZ,4,1.8828654418462683,-51.760489534544625,1.8828466724738253,0.03611420990331728,-0.7258744766647979,0.2561726489838696,-0.25725116075268467,-0.728894833329449,1.8828654418462683,3.562398672402439,-50.08095630398846
XZ,5,1.8811768361344954,-48.23286422816476,1.8811345320481316,0.0542182848309071,-0.7244622691749217,0.25685330713925986,-0.25838868021350675,-0.7290237909153162,1.8811768361344954,3.560710066690666,-46.55333099760858
XZ,6,1.8791129422037383,-45.27327124068384,1.8790292759975862,0.07624863365726073,-0.7227418568769297,0.257680544292894,-0.2597773694614224,-0.7291740917464232,1.8791129422037383,3.558646172759909,-43.593738010127666
XZ,7,1.8766724957784668,-42.73654382627964,1.8765223648447573,0.1021400338852993,-0.7207161997040001,0.258651398471121,-0.26141620497664053,-0.7293413994190298,1.8766724957784668,3.5562057263346376,-41.05701059572347
XZ,8,1.8738539014317512,-40.52388353425901,1.873603853613199,0.1318190776782412,-0.7183887687226076,0.25976239555055686,-0.26330394281628794,-0.7295206119896593,1.8738539014317512,3.5533871319879218,-38.84435030370284
XZ,9,1.8706551836776937,-38.56652341314789,1.8702624609029128,0.16520306511343058,-0.7157635331221909,0.2610095620852754,-0.26543910186904873,-0.7297058737451989,1.8706551836776937,3.5501884142338644,-36.88699018259172
XZ,10,1.8670739314567586,-36.81517966860854,1.8664856456571561,0.20219976612228846,-0.7128449453290197,0.26238843983377835,-0.26781994485563,-0.7298905890354371,1.8670739314567586,3.546607162012929,-35.135646438052376
XZ,11,1.8631072364085568,-35.233526739420185,1.86225969038559,0.2427075228991042,-0.709637924301763,0.26389410187421863,-0.27044445721431265,-0.7300674382676047,1.8631072364085568,3.542640466964728,-33.55399350886401
XZ,12,1.8587516253798944,-33.79411054883879,1.8575697894631364,0.28661551132620317,-0.7061478370763855,0.2655211701852797,-0.27331032403049316,-0.7302283961701297,1.8587516253798944,3.538284855936065,-32.11457731828261
XZ,13,1.8540029876688084,-32.47572170932435,1.852400140990701,0.3338040923763486,-0.7023804786387122,0.26726383456057584,-0.2764149051887265,-0.7303647524386935,1.8540029876688084,3.533536218224979,-30.796188478768176
XZ,14,1.848856497557259,-31.261658856373025,1.8467340405864099,0.38414522450375693,-0.6983420502145492,0.2691158727160256,-0.27975520894525285,-0.7304671348813321,1.848856497557259,3.5283897281134298,-29.582125625816854
XZ,15,1.843306532735566,-30.138549011346967,1.8405539753782532,0.43750292358375403,-0.6940391360791747,0.27107067144351393,-0.28332786413869643,-0.7305255351804999,1.843306532735566,3.5228397632917368,-28.459015780790796
XZ,16,1.8373465892710334,-29.095526139571774,1.8338417163964285,0.49373376344595427,-0.6894786790003861,0.27312124865978366,-0.28712909127634423,-0.7305293373889769,1.8373465892710334,3.516879819827204,-27.415992909015603
XZ,17,1.830969193819239,-28.123646122461437,1.8265784075189617,0.5526874128902112,-0.6846679544420329,0.2752602761972478,-0.29115467275253626,-0.7304673492725505,1.830969193819239,3.5105024243754097,-26.444112891905267
XZ,18,1.8241658138191994,-27.215461576371204,1.8187446491120653,0.6142072063597743,-0.6796145436674234,0.2774801031834509,-0.29539992247463404,-0.7303278366059053,1.8241658138191994,3.50369904437537,-25.535928345815034
XZ,19,1.8169267664534596,-26.364707158407043,1.8103205745322248,0.6781307460069748,-0.6743263058946903,0.27977277985831506,-0.2998596551904418,-0.7300985605188299,1.8169267664534596,3.49645999700963,-24.685173927850872
XZ,20,1.8092411271876154,-25.5660627887443,1.8012859177204057,0.7442905330964872,-0.6688113496680193,0.2821300816832667,-0.30452815582835946,-0.7297668179774668,1.8092411271876154,3.488774357743786,-23.88652955818813
XZ,21,1.8010966387323615,-24.814972831369637,1.7916200702243472,0.8125146267188909,-0.6630780036198268,0.28454353360355256,-0.30939914917800526,-0.7293194854702827,1.8010966387323615,3.4806298692885322,-23.135439600813466
XZ,22,1.7924796212938054,-24.107506135668316,1.7813021261334925,0.8826273277069169,-0.657134786809274,0.28700443433511513,-0.3144657702542542,-0.7287430659503275,1.7924796212938054,3.472012851849976,-22.427972905112146
XZ,23,1.7833748849908857,-23.44024636956027,1.7703109135994712,0.9544498855111933,-0.6509903788308343,0.28950388055946047,-0.31972053570114484,-0.7280237390642756,1.7833748849908857,3.4629081155470565,-21.7607131390041
XZ,24,1.7737656453270836,-22.81020512188865,1.7586250118466884,1.0278012256099074,-0.6446535898940117,0.2920327909248141,-0.32515531660393177,-0.7271474146750809,1.7737656453270836,3.453298875883254,-21.13067189133248
XZ,25,1.763633442599036,-22.21475233852571,1.7462227528419352,1.102498694827883,-0.6381333310796391,0.2945819297683327,-0.33076131308698437,-0.7260997896584086,1.763633442599036,3.443166673155207,-20.53521910796954
XZ,26,1.7529580661148398,-21.651560109432925,1.733082207092091,1.1783588217167285,-0.6314385849811275,0.297141930492858,-0.33652903108255466,-0.7248664079240243,1.7529580661148398,3.4324912966710106,-19.972026878876754
XZ,27,1.7417174840712255,-21.118556850560218,1.7191811533606538,1.2551980889190093,-0.6245783769384942,0.2997033185517807,-0.3424482616595032,-0.7234327235816063,1.7417174840712255,3.421250714627396,-19.439023620004047
XZ,28,1.7298877799083077,-20.613889660179296,1.7044970324367594,1.3328337142065432,-0.6175617470701604,0.30225653401687586,-0.34850806330269984,-0.7217841671368773,1.7298877799083077,3.409421010464478,-18.934356429623126
XZ,29,1.7174430959166163,-20.135893163305564,1.6890068854389884,1.4110844366513196,-0.6103977233011816,0.30479195372578904,-0.35469674753133246,-0.7199062145680928,1.7174430959166163,3.396976326472787,-18.456359932749393
XZ,30,1.704355584819888,-19.68306355019262,1.672687277488076,1.4897713041642624,-0.603095295577455,0.3072999130282034,-0.36100186823905017,-0.7177844590957096,1.704355584819888,3.383888815376059,-18.00353031963645
XZ,31,1.6905953699925407,-19.254036806322258,1.6555142079208554,1.568718458428536,-0.5956633914427372,0.3097707271711049,-0.3674102151288457,-0.7154046854192706,1.6905953699925407,3.3701286005487114,-17.574503575766087
XZ,32,1.6761305148995014,-18.847570350073735,1.6374630085394157,1.647753913064366,-0.5881108531396961,0.3121947123846127,-0.37390781160227077,-0.7127529461560519,1.6761305148995014,3.355663745455672,-17.168037119517564
XZ,33,1.6609270022630134,-18.46252746008392,1.6185082316790882,1.7267103206959131,-0.580446416377447,0.3145622067486323,-0.3804799174440853,-0.7098156401757569,1.6609270022630134,3.340460232819184,-16.78299422952775
XZ,34,1.6449487233718352,-18.097864001145727,1.598623530132568,1.8054257244586176,-0.5726786908863833,0.31686359093750166,-0.3871110366212326,-0.7065795924854844,1.6449487233718352,3.324481953928006,-16.418330770589556
XZ,35,1.6281574778501253,-17.75261705540837,1.5777815311745491,1.8837442893823708,-0.5648161428570141,0.3190893089537209,-0.3937849304877052,-0.7030321352792409,1.6281574778501253,3.3076907084062963,-16.073083824852198
XZ,36,1.6105129841005181,-17.42589514182,1.555953707087948,1.9615170090274134,-0.5568670793332596,0.3212298889722105,-0.400484636655262,-0.699161189727619,1.6105129841005181,3.290046214656689,-15.74636191126383
XZ,37,1.5919729005268677,-17.116869766559343,1.533110244692775,2.038602382726327,-0.5488396346028057,0.3232759644229577,-0.4071924937532912,-0.6949553480457423,1.5919729005268677,3.2715061310830382,-15.437336536003173
XZ,38,1.57249285753069,-16.82476809447853,1.5092199164208473,2.1148670588126635,-0.5407417585979436,0.3252182954419006,-0.41389017226051716,-0.6904039553422999,1.57249285753069,3.2520260880868608,-15.145234863922358
XZ,39,1.552026500161873,-16.548866569307894,1.484249955463346,2.1901864392798394,-0.5325812072910899,0.3270477908169348,-0.42055871154539853,-0.6854971907199081,1.552026500161873,3.2315597307180437,-14.869333338751723
XZ,40,1.5305255411900442,-16.28848534066292,1.4581659374433074,2.2644452414301552,-0.5243655350395546,0.328755530547971,-0.42717856320284,-0.6802261470675793,1.5305255411900442,3.210058771746215,-14.608952110106749
XZ,41,1.5079398242498483,-16.04298338048301,1.4309316709365323,2.3375380122193046,-0.5161020888058425,0.33033278912687386,-0.433729640720956,-0.6745829089602686,1.5079398242498483,3.187473054806019,-14.363450149926841
XZ,42,1.4842173966043395,-15.81175419157432,1.4025090989864089,2.409369591199127,-0.5077980041526909,0.3317710596247263,-0.44019137545470055,-0.6685606280596845,1.4842173966043395,3.1637506271605105,-14.132220961018149
XZ,43,1.459304590963773,-15.594222027488772,1.3728582135354641,2.4798555181804205,-0.4994602028872598,0.3330620786506897,-0.4465427788228239,-0.6621535953939299,1.459304590963773,3.1388378215199437,-13.914688796932602
XZ,44,1.4331461156977454,-15.389838556703454,1.3419369844386375,2.548922381993604,-0.49109539220694304,0.3341978522187874,-0.45276251058182837,-0.6553573098831782,1.4331461156977454,3.112679346253916,-13.710305326147283
XZ,45,1.4056851526847587,-15.19807991559042,1.3097013044362544,2.6165081069987837,-0.48271006518063747,0.3351706825269541,-0.45882895296571335,-0.6481685424738293,1.4056851526847587,3.0852183832409295,-13.518546685034249
XZ,46,1.3768634619580709,-15.018444104401889,1.2761049511581928,2.682562174287906,-0.47431050238457984,0.335973195617223,-0.46472029041420304,-0.6405853952454791,1.3768634619580709,3.056396692514242,-13.338910873845718
XZ,47,1.3466214922301811,-14.850448688779444,1.241099566912815,2.7470457748232575,-0.4659027745013136,0.3365983698477133,-0.47041459454545875,-0.6326073548638832,1.3466214922301811,3.0261547227863517,-13.170915458223273
XZ,48,1.3148984963111652,-14.693628776407277,1.2046346566932726,2.8099318920572336,-0.4574927456844733,0.3370395650670599,-0.47588991396270114,-0.6242353397690079,1.3148984963111652,2.9944317268673357,-13.014095545851106
XZ,49,1.281632650379674,-14.547535244537247,1.16665760451813,2.8712053118806153,-0.44908607749070756,0.3372905523411303,-0.4811243684189041,-0.6154717405108193,1.281632650379674,2.9611658809358445,-12.868002013981076
XZ,50,1.2467611760186528,-14.411733199386894,1.1271137079188502,2.9308625580408467,-0.4406882331833683,0.33734554404120476,-0.48609624680031394,-0.60632045267651,1.2467611760186528,2.9262944065748235,-12.732199968830724
XZ,51,1.210220463892677,-14.285800652962006,1.085946230101961,2.988911751452746,-0.43230448222075585,0.3371992240634722,-0.49078410832901787,-0.5967869018916322,1.210220463892677,2.8897536944488476,-12.606267422405836
XZ,52,1.171946197918508,-14.169327406733462,1.0430964690514233,3.0453723921000453,-0.42393990475378646,0.33684677791279605,-0.49516688632824774,-0.5868780604240127,1.171946197918508,2.8514794284746787,-12.489794176177291
XZ,53,1.131873478765895,-14.061914134879036,0.9985038426028658,3.1002750624890134,-0.4155993959742773,0.3362839223501587,-0.4992239938422635,-0.5766024549731242,1.131873478765895,2.811406709322066,-12.382380904322865
XZ,54,1.0899369455211974,-13.963171662505369,0.9521059883185506,3.1536610518706967,-0.40728767017487233,0.3355069342742164,-0.5029354303565294,-0.5659701652884672,1.0899369455211974,2.769470176077368,-12.283638431949198
XZ,55,1.0460708943513994,-13.872720436377932,0.9038388768211556,3.2055819007113264,-0.3990092644040459,0.3345126784836775,-0.5062818888245252,-0.5549928133283215,1.0460708943513994,2.72560412490757,-12.193187205821761
XZ,56,1.0002093930195426,-13.790190187260428,0.8536369371077399,3.2560988651488216,-0.39076854162477076,0.33329863394974063,-0.5092448621752306,-0.5436835427437775,1.0002093930195426,2.6797426235757134,-12.110656956704258
XZ,57,0.952286390125756,-13.715219783917437,0.8014331922625038,3.3052823014620376,-0.3825696933117354,0.3318629182171885,-0.5118067484517556,-0.5320569885524796,0.952286390125756,2.631819620681927,-12.035686553361266
XZ,58,0.9022358179766153,-13.647457279212713,0.7471594039152328,3.3532109708876447,-0.37441674144931336,0.3302043095492745,-0.5139509537162824,-0.5201292369502706,0.9022358179766153,2.581769048532786,-11.967924048656542
XZ,59,0.8499916880228173,-13.586560148489006,0.6907462237531599,3.399971265470803,-0.36631353991985766,0.3283222664359485,-0.5156619918510261,-0.5079177752967117,0.8499916880228173,2.5295249185789883,-11.907026917932836
XZ,60,0.7954881778473916,-13.532195719541452,0.632123350382112,3.445656356040185,-0.35826377529856146,0.32621694409691876,-0.5169255803891856,-0.4954414324009416,0.7954881778473916,2.4750214084035624,-11.852662488985281
XZ,61,0.738659708734132,-13.484041792016184,0.5712196898472749,3.4903652638577594,-0.35027096709645783,0.3238892076309357,-0.5177287315241141,-0.48272030932637033,0.738659708734132,2.4181929392903028,-11.804508561460013
XZ,62,0.6794410128984454,-13.441787441969488,0.5079635181610007,3.5342018580281174,-0.34233846751643443,0.3213406414898986,-0.5180598374697707,-0.46977570102543525,0.6794410128984454,2.3589742434546164,-11.762254211413318
XZ,63,0.6177671895189107,-13.405134004690034,0.44228264424205854,3.577273781349535,-0.33446946080797607,0.3185735549908569,-0.5179087493804011,-0.4566300092073476,0.6177671895189107,2.2973004200750813,-11.725600774133863
XZ,64,0.553573748767139,-13.373796225751626,0.3741045717433505,3.61969130796338,-0.32666696232393694,0.31559098361974747,-0.5172668490824874,-0.4433066469317637,0.553573748767139,2.23310697932331,-11.694262995195455
XZ,65,0.4867966430962944,-13.347503566767188,0.3033566583317953,3.6615661368852983,-0.31893381739709764,0.3123966859274428,-0.5161271129267875,-0.42982993550778015,0.4867966430962944,2.166329873652465,-11.667970336211017
XZ,66,0.417372285113077,-13.326001648557249,0.22996627107949727,3.703010126281712,-0.3112727001646498,0.3089951358701967,-0.5144841671323999,-0.41622499435965776,0.417372285113077,2.0969055156692478,-11.646468418001078
XZ,67,0.34523755142559065,-13.309053810626157,0.1538609367289935,3.744133974153256,-0.30368611247568394,0.305391510501996,-0.5123343340671844,-0.40251762459705703,0.34523755142559065,2.0247707819817613,-11.629520580069986
XZ,68,0.2703297719285124,-13.29644276213134,0.07496848570222336,3.7850458518843366,-0.296176383019375,0.30159167298471956,-0.5096756689893148,-0.3887341870966686,0.2703297719285124,1.9498630024846832,-11.61690953157517
XZ,69,0.19258670405892064,-13.287972296174598,-0.006782811167119819,3.825849997871006,-0.2887456668106515,0.2976021509420735,-0.5065079868614532,-0.37490147596362067,0.19258670405892064,1.8721199346150914,-11.608439065618427
XZ,70,0.1119464916287907,-13.283469036450999,-0.09146411409069778,3.8666452791182375,-0.2813959451652333,0.29343011024382554,-0.5028328789415573,-0.36104658829314884,0.1119464916287907,1.7914797221849614,-11.603935805894828
XZ,71,0.02834760791756133,-13.282784183313419,-0.17914589477647314,3.9075237292489295,-0.2741290262878155,0.2890833243671419,-0.498653718951093,-0.3471967911955861,0.02834760791756133,1.707880838473732,-11.603250952757248
XZ,72,-0.05827121721458833,-13.285795225343506,-0.2698978265770644,3.9485690717604833,-0.26694654658569117,0.2845701395400624,-0.49397565872095783,-0.33337938707956366,-0.05827121721458833,1.6212620133415825,-11.606261994787335
XZ,73,-0.14797108634888295,-13.292407582757592,-0.3637886849401981,3.9898552375543983,-0.25984997280608757,0.279899435927928,-0.488805613316754,-0.3196215782092149,-0.14797108634888295,1.5315621442072878,-11.612874352201422
XZ,74,-0.24081303973723778,-13.30255615054186,-0.4608862586766468,4.031444885725815,-0.2528406050789628,0.275080585175316,-0.4831522357462011,-0.30595033156058005,-0.24081303973723778,1.438720190818933,-11.62302291998569
XZ,75,-0.33685817671944185,-13.316206712179945,-0.5612572724772479,4.073387936309373,-0.2459195809288502,0.2701234046632745,-0.4770258814514398,-0.2923922450003044,-0.33685817671944185,1.342675053836729,-11.636673481623774
XZ,76,-0.4361677932151976,-13.333357199196932,-0.6649673210384315,4.115720123134057,-0.23908788029966443,0.265038108883186,-0.47043856288585434,-0.2789734157960183,-0.4361677932151976,1.243365437340973,-11.653823968640761
XZ,77,-0.5388035350753564,-13.354038777408292,-0.7720808150911345,4.158461574154296,-0.23234633161602083,0.2598352583641066,-0.46340389456800535,-0.26571931244288627,-0.5388035350753564,1.1407296954808144,-11.67450554685212
XZ,78,-0.6448275669699209,-13.378316747577443,-0.8826609395784191,4.201615425625795,-0.225695618883806,0.254525706619046,-0.45593702909221334,-0.252654650754847,-0.6448275669699209,1.0347056635862497,-11.698783517021273
XZ,79,-0.7543027563718887,-13.40629125589432,-0.9967696241885007,4.245166475341321,-0.2191362898121857,0.24912054559722646,-0.44805458465592446,-0.23980327512302144,-0.7543027563718887,0.9252304741842821,-11.72675802533815
XZ,80,-0.8672928720699425,-13.438097818019614,-1.1144675264297565,4.289079878896292,-0.21266876491907258,0.24363105014349296,-0.43977456473623616,-0.2271880457881289,-0.8672928720699425,0.8122403584862282,-11.758564587463443
XZ,81,-0.983862796503162,-13.473907669036153,-1.2358140274324665,4.333299891719435,-0.20629334756298556,0.23806862197269069,-0.4311162706117315,-0.214830732909359,-0.983862796503162,0.6956704340530088,-11.794374438479982
XZ,82,-1.104078751057024,-13.513927960183365,-1.3608672406837474,4.377748658477784,-0.20001023482642757,0.23244473366603224,-0.42210020747951765,-0.20275191814063248,-1.104078751057024,0.5754544794991467,-11.834394729627194
XZ,83,-1.2280085332881385,-13.558401831352782,-1.4896840339531046,4.422325050586945,-0.193819529159532,0.22677087318848352,-0.4127479849612274,-0.1909709043469075,-1.2280085332881385,0.45152469726803224,-11.878868600796611
XZ,84,-1.355721764852751,-13.60760839568371,-1.6223200647536984,4.466903552063205,-0.18772125067821407,0.22105848941117162,-0.4030822128246885,-0.17950563401004888,-1.355721764852751,0.3238114657034197,-11.92807516512754
XZ,85,-1.4872901486946306,-13.661862678935503,-1.758829829816559,4.511333194001739,-0.18171534999843264,0.21531893910153488,-0.39312639277019024,-0.16837261678677334,-1.4872901486946306,0.19224308186154015,-11.982329448379332
XZ,86,-1.6227877337976913,-13.721515561378048,-1.8992667292460197,4.555436538739993,-0.17580172147746514,0.20956343581661752,-0.3829048071416381,-0.15758686659172097,-1.6227877337976913,0.05674549675847951,-12.041982330821877
XZ,87,-1.7622911855184102,-13.786953773549989,-2.0436831462884806,4.599008716463445,-0.16998021672441022,0.20380300110249208,-0.3724424054236901,-0.1471618484880778,-1.7622911855184102,-0.08275795496223948,-12.107420542993818
XZ,88,-1.9058800591762424,-13.858599999230766,-2.192130544005056,4.641816519859073,-0.1642506582354447,0.19804841836589065,-0.3617646893762182,-0.13710943557777064,-1.9058800591762424,-0.2263468286200716,-12.179066768674595
XZ,89,-2.0536370741805987,-13.936913139161188,-2.3446595806150814,4.683597566713195,-0.1586128530044399,0.19231018974364802,-0.3508975976385668,-0.1274398759941694,-2.0536370741805987,-0.37410384362442795,-12.257379908605017
XZ,90,-2.2056483855028235,-14.022388787261207,-2.5013202459090254,4.724059546401183,-0.1530666059564724,0.18659849625225344,-0.3398673906075722,-0.1181617700136923,-2.2056483855028235,-0.5261151549466527,-12.342855556705036
XZ,91,-2.3620038487363555,-14.11555996696296,-2.6621620219541278,4.762879574479183,-0.14761173305010086,0.1809231614546647,-0.32870053635722957,-0.10928205721981556,-2.3620038487363555,-0.6824706181801847,-12.43602673640679
XZ,92,-2.5227972743084868,-14.216998168287411,-2.827234072389561,4.799703690607315,-0.1422480738941612,0.17529361883537053,-0.3174235983244842,-0.10080601357460155,-2.5227972743084868,-0.843264043752316,-12.53746493773124
XZ,93,-2.68812666558514,-14.327314715552152,-2.996585465998776,4.834146549551158,-0.13697550372580897,0.1697188830284599,-0.30606312543603337,-0.09273725817954094,-2.68812666558514,-1.0085934350289691,-12.647781484995981
XZ,94,-2.8580944346080077,-14.447162479651968,-3.1702654420396907,4.865791374026878,-0.1317939445983477,0.16420752499775873,-0.29464554529676057,-0.0850777694404814,-2.8580944346080077,-1.178561204051837,-12.767629249095798
XZ,95,-3.0328075879785854,-14.577237925468916,-3.348323727116269,4.894190263004213,-0.12670337563025746,0.15876765122408895,-0.28319706100204917,-0.07782791029047362,-3.0328075879785854,-1.3532743574224146,-12.897704694912745
XZ,96,-3.2123778739016413,-14.718283450599994,-3.530810916326513,4.918864981625717,-0.12170384216991573,0.1534068869126989,-0.27174355207541134,-0.07098646207023906,-3.2123778739016413,-1.5328446433454705,-13.038750220043823
XZ,97,-3.3969218795506837,-14.871089920877553,-3.717778935187812,4.939308401665677,-0.11679546373424113,0.14813236319479006,-0.26031047997046464,-0.06455066661886172,-3.3969218795506837,-1.717388648994513,-13.191556690321383
XZ,98,-3.5865610656400793,-15.0364992329098,-3.909281603636848,4.954986817962626,-0.11197844058330104,0.14295070826115547,-0.24892279851324517,-0.05851627608704844,-3.5865610656400793,-1.9070278350839085,-13.35696600235363
XZ,99,-3.781421722270032,-15.215406621663368,-4.105375329479113,4.965343441420616,-0.10725305879691863,0.13786804233385488,-0.23760486959869898,-0.05287760995194774,-3.781421722270032,-2.1018884917138614,-13.535873391107197
XZ,100,-3.98163482663026,-15.408762263199113,-4.3061199663431795,4.9698034698268705,-0.10261969372335136,0.13288997635357094,-0.22638038439408373,-0.04762761868594418,-3.98163482663026,-2.302101596074089,-13.729229032642943
XZ,101,-4.187335778838633,-15.61757147065659,-4.5115798808426675,4.967781273488527,-0.09807881167400265,0.1280216142361773,-0.2152722902434907,-0.04275795351164781,-4.187335778838633,-2.507802548282462,-13.938038240100418
XZ,102,-4.398663986858157,-15.842892402625157,-4.721825285694111,4.958690417002502,-0.09363096974217473,0.1232675585320437,-0.20430272341183625,-0.038259041661280156,-4.398663986858157,-2.719130756301986,-14.163359172068986
XZ,103,-4.6157622648356185,-16.085829632525915,-4.93693391045346,4.941957490204609,-0.08927681362770969,0.11863191930547702,-0.1934929477545608,-0.03412016655037068,-4.6157622648356185,-2.9362290342794477,-14.406296401969744
XZ,104,-4.838776001045667,-16.34752106873768,-5.156993099800516,4.91704106668568,-0.08501707335333003,0.1141183260391714,-0.18286329935082304,-0.030329552272846047,-4.838776001045667,-3.159242770489496,-14.66798783818151
XZ,105,-5.067852041541147,-16.62911442415598,-5.3821024513353795,4.883457583139044,-0.08085255676271547,0.10972994235924896,-0.17243313709395644,-0.026874451826823038,-5.067852041541147,-3.388318810984976,-14.949581193599808
XZ,106,-5.303137223181102,-16.931727501262944,-5.6123771308888735,4.8408165851185085,-0.0767841406947519,0.10546948336964437,-0.16222079919319388,-0.023741238487448926,-5.303137223181102,-3.623603992624931,-15.252194270706774
XZ,107,-5.544776474416324,-17.256383689692733,-5.847952033190239,4.78886867527997,-0.07281275973352276,0.10133923537955557,-0.15224356550541895,-0.02091549975484173,-5.544776474416324,-3.865243243860153,-15.576850459136562
XZ,108,-5.792910383467227,-17.603909878421995,-6.08898698837406,4.727570698185258,-0.06893939243971771,0.09734107780348511,-0.14251762558477188,-0.018382133321484227,-5.792910383467227,-4.113377152911056,-15.924376647865824
XZ,109,-6.047672110656075,-17.974778016604496,-6.335673247785227,4.657174261455737,-0.06516504497649052,0.09347650700889776,-0.13305805231125178,-0.01612544452451411,-6.047672110656075,-4.368138880099904,-16.295244786048325
XZ,110,-6.309183493914342,-18.368863477652745,-6.58824151093226,4.57834562768423,-0.06149073205244961,0.08974666188059886,-0.12387878093664478,-0.014129244774775345,-6.309183493914342,-4.6296502633581715,-16.689330247096574
XZ,111,-6.577550163126976,-18.785083459832894,-6.846971770326507,4.492327137096715,-0.05791745511683587,0.08615235086208656,-0.11499259336678276,-0.012376950486854454,-6.577550163126976,-4.898016932570806,-17.105550229276723
XZ,112,-6.852855439306225,-19.220869011390313,-7.112205237102231,4.4011520184531125,-0.054446177758496174,0.08269408022100648,-0.1064111074829035,-0.010851682074242898,-6.852855439306225,-5.173322208750054,-17.541335780834142
XZ,113,-7.135152748160777,-19.671421578440313,-7.384358543012894,4.307924139772505,-0.051077798282343385,0.07937208326681686,-0.09814477129070304,-0.009536362623004519,-7.135152748160777,-5.455619517604606,-17.991888347884142
XZ,114,-7.424456224473374,-20.128725530625523,-7.663940255108194,4.217168537925501,-0.047813119466541355,0.07618635022237236,-0.09020286167314048,-0.008413815919097732,-7.424456224473374,-5.7449229939172035,-18.449192300069353
XZ,115,-7.7207291248128564,-20.580364747478086,-7.951569430737326,4.13524114980265,-0.04465281554333106,0.07313665841595501,-0.08259348751029849,-0.007466863583215626,-7.7207291248128564,-6.041195894256686,-18.900831516921915
XZ,116,-8.023869604100012,-21.008375216952935,-8.247995401380766,4.070747812355777,-0.041597396499022825,0.07022260241519435,-0.07532359691522925,-0.0066784211691612114,-8.023869604100012,-6.344336373543841,-19.328841986396764
XZ,117,-8.333693351752846,-21.388698424139395,-8.554117097280157,4.034855902241751,-0.03864716985826127,0.06744362366872686,-0.06839898831549689,-0.006031593217220709,-8.333693351752846,-6.654160121196675,-19.709165193583225
XZ,118,-8.649912535168518,-21.692210600880454,-8.870998884248898,4.041297772079212,-0.035802200208270005,0.06479903915566038,-0.06182432508175236,-0.005509767436988224,-8.649912535168518,-6.970379304612347,-20.012677370324283
XZ,119,-8.972110478307224,-21.88842248292862,-9.199877956602844,4.105821446397256,-0.03306226683527077,0.06228806846843238,-0.05560315335940959,-0.005096708446412755,-8.972110478307224,-7.292577247751053,-20.208889252372447
XZ,120,-9.299711536806734,-21.95209457100756,-9.542155752330894,4.244954368930676,-0.030426819992399743,0.05990985867484553,-0.049737922684997986,-0.004776651848210241,-9.299711536806734,-7.620178306250564,-20.27256134045139
XZ,121,-9.631945757344507,-21.87092163301656,-9.899362728313607,4.474286193053295,-0.02789493650023363,0.057663506225693495,-0.04423000884301338,-0.004534399931500783,-9.631945757344507,-7.952412526788336,-20.19138840246039
XZ,122,-9.967808184093357,-21.65049062020345,-10.273082580610872,4.806890212634384,-0.02546527560008888,0.055548075104085104,-0.03907973820433937,-0.004355421022928806,-9.967808184093357,-8.288274953537186,-19.97095738964728
XZ,123,-10.30601317559138,-21.313422618968765,-10.664819572680136,5.252593877707955,-0.023136036235827863,0.053562610363610395,-0.034286412415256394,-0.0042259555979720755,-10.30601317559138,-8.626479945035209,-19.633889388412594
XZ,124,-10.644944917203745,-20.893192600032286,-11.075792688770685,5.818377551481136,-0.02090491722643905,0.05170614619042946,-0.02984833165384471,-0.004133133886310656,-10.644944917203745,-8.965411686647574,-19.213659369476115
XZ,125,-10.982606563759605,-20.426201971566403,-11.506645144336996,6.509580569250123,-0.018769082096083464,0.04997770766803546,-0.025762813511389326,-0.00406511215378797,-10.982606563759605,-9.303073333203434,-18.746668741010232
XZ,126,-11.31657221405411,-19.94555416365909,-11.957069774443925,7.33133158057572,-0.016725130628410086,0.048376305543174986,-0.02202620246855707,-0.004011238554747646,-11.31657221405411,-9.63703898349794,-18.26602093310292
XZ,127,-11.643948224742577,-19.477783139358287,-12.425371423637388,8.289769374117288,-0.01476907947385079,0.046900923506415795,-0.0186338611281268,-0.003962265053438915,-11.643948224742577,-9.964414994186406,-17.798249908802116
XZ,128,-11.961353078291012,-19.04198068511061,-12.90801569330153,9.392896374803728,-0.012896354317159879,0.04555049782509974,-0.015580127352885121,-0.00391063022275528,-11.961353078291012,-10.281819847734841,-17.362447454554438
XZ,129,-12.264927708676602,-18.650246496945822,-13.399244986491412,10.651082767626379,-0.01110179615258602,0.04432388960316612,-0.012858208495400699,-0.003850849465934432,-12.264927708676602,-10.585394478120431,-16.97071326638965
XZ,130,-12.55039003152729,-18.30864090347033,-13.890871117035852,12.077294420799978,-0.00937968405666848,0.043219850478215506,-0.010459960158390992,-0.003780063914726752,-12.55039003152729,-10.870856800971119,-16.62910767291416
XZ,131,-12.813147139541597,-18.018212795988518,-14.37237302300238,13.687166115633042,-0.007723776439861608,0.0422369831661548,-0.008375454835737227,-0.003698811891098231,-12.813147139541597,-11.133613908985426,-16.338679565432347
XZ,132,-13.04847464825674,-17.775922177333268,-14.831436253655673,15.499324119043811,-0.0061273720624602296,0.041373698868869636,-0.006592177330257872,-0.003612078801942322,-13.04847464825674,-11.368941417700569,-16.096388946777097
XZ,133,-13.2517637270898,-17.575358165410847,-15.25506586122006,17.537470442675062,-0.004583391115554553,0.04062817409087584,-0.005093595176402209,-0.0035306019198584407,-13.2517637270898,-11.57223049653363,-15.895824934854677
XZ,134,-13.418822375843895,-17.407155133872937,-15.631364948683029,19.839233820550323,-0.0030844754380770062,0.03999830977561844,-0.003856814281260753,-0.0034721518220782264,-13.418822375843895,-11.739289145287724,-15.727621903316766
XZ,135,-13.546200732727156,-17.259069258550696,-15.951920231676217,22.48675520895539,-0.0016231055635041588,0.03948169578514014,-0.002849283928147393,-0.0034619709922384845,-13.546200732727156,-11.866667502170985,-15.579536027994525
XZ,136,-13.631495494354686,-17.11596494863596,-16.214338211622735,25.704144859184677,-0.00019173090937201767,0.0390755835473574,-0.002025494124824364,-0.003530908756727888,-13.631495494354686,-11.951962263798515,-15.436431718079788
XZ,137,-13.67358222573505,-16.96047559780745,-16.42385465968176,30.20629589202798,0.0012170917857040697,0.038776869167341035,-0.0013262888671144687,-0.003710088491039433,-13.67358222573505,-11.99404899517888,-15.280942367251278
XZ,138,-13.672731368452675,-16.775232575538737,-16.592746894659804,39.572629691777195,0.0026105575354640823,0.03858208848316271,-0.0006838608389311178,-0.004023458574111135,-13.672731368452675,-11.993198137896504,-15.095699344982567
XZ,139,-13.63058437913367,-16.546437510740997,-16.737430860545153,39.17687110455394,0.003995475827036164,0.03848742453931413,-3.197173368407745e-05,-0.0044826106264211135,-13.63058437913367,-11.951051148577498,-14.866904280184826
XZ,140,-13.549994923593037,-16.26696559399052,-16.87488043075526,29.123575783346745,0.005378142953200299,0.03848872688752135,0.0006840279611120002,-0.005087117548149748,-13.549994923593037,-11.870461693036866,-14.587432363434349
XZ,141,-13.434766868658276,-15.937280818282375,-17.02018345549921,24.11633843179579,0.006764229209699135,0.038581541154896155,0.0015025234609634594,-0.005828860916627785,-13.434766868658276,-11.755233638102105,-14.257747587726204
XZ,142,-13.289337239936147,-15.564124030690698,-17.185633604374473,20.623670266606183,0.008158685065272522,0.038761146573232756,0.0024464914974513716,-0.006696609447623191,-13.289337239936147,-11.609804009379976,-13.884590800134527
XZ,143,-13.118454567095217,-15.158102940522815,-17.38072887730401,17.90677379852154,0.009565668991094758,0.03902259872647746,0.003526977287101125,-0.007678845551025328,-13.118454567095217,-11.438921336539046,-13.478569709966644
XZ,144,-12.926893233630008,-14.73127222975026,-17.61245669661625,15.684600305428148,0.010988498128801798,0.03936077467314831,0.004746738341357462,-0.008764910602749556,-12.926893233630008,-11.247360003073837,-13.05173899919409
XZ,145,-12.719228372853912,-14.295272491181144,-17.88560499743012,13.816647301894417,0.012429621560322934,0.039770417806619364,0.006103075591882322,-0.009945202680634964,-12.719228372853912,-11.039695142297742,-12.615739260624974
XZ,146,-12.499679596983114,-13.860172032110354,-18.20306400597196,12.21966383401285,0.013890614756314234,0.04024618025567809,0.007589773946453827,-0.011210998953503214,-12.499679596983114,-10.820146366426943,-12.180638801554183
XZ,147,-12.272019435594526,-13.433931034744546,-18.566142782039062,10.838476098291515,0.015372192904948446,0.040782661205638115,0.009198364704376039,-0.012554193583297058,-12.272019435594526,-10.592486205038355,-11.754397804188375
XZ,148,-12.039535163601103,-13.0223231059471,-18.974911325221292,9.63370332199452,0.01687424028338039,0.04137444014117463,0.010918935257369066,-0.013967063478994032,-12.039535163601103,-10.360001933044932,-11.34278987539093
XZ,149,-11.805030130653345,-12.629141639749575,-19.428555229342702,8.575808677073232,0.018395852606842133,0.04201610459619383,0.012740652278675473,-0.01544209132014494,-11.805030130653345,-10.125496900097174,-10.949608409193404
XZ,150,-11.570851297535027,-12.256547060607312,-19.925717625789346,7.641872014988065,0.019935389320030215,0.0427022724886287,0.014652106706532374,-0.01697184403049397,-11.570851297535027,-9.891318066978856,-10.577013830051142
XZ,151,-11.338931932271883,-11.905451894025685,-20.464804112464154,6.81367035652391,0.021490533012499202,0.04342760949034501,0.01664154774466296,-0.018548896058485524,-11.338931932271883,-9.659398701715713,-10.225918663469514
XZ,152,-11.110841183538467,-11.575880212172482,-21.044235147548747,6.0764500542500475,0.02305835347406593,0.04418684212852229,0.01869704694498876,-0.02016578627884624,-11.110841183538467,-9.431307952982296,-9.896346981616311
XZ,153,-10.887834851815468,-11.26726978250799,-21.662641152039036,5.418096130506966,0.02463537429664549,0.04497476744554391,0.020806617469974545,-0.021814999228623608,-10.887834851815468,-9.208301621259297,-9.587736551951819
XZ,154,-10.670903809604841,-10.97870728814179,-22.319004490301317,4.828545869483548,0.026217640328093726,0.04578626007972887,0.022958304011817462,-0.02348896360198138,-10.670903809604841,-8.99137057904867,-9.299174057585619
XZ,155,-10.460818108756659,-10.70910013091857,-23.012758091429628,4.29936118943775,0.02780078465893156,0.046616277593092226,0.025140253042569016,-0.025180062803964214,-10.460818108756659,-8.781284878200488,-9.029566900362399
XZ,156,-10.25816590776859,-10.457294676850747,-23.743852892450793,3.823408866755795,0.029380094155015336,0.04745986478817214,0.027340769537949318,-0.02688065379502593,-10.25816590776859,-8.578632677212418,-8.777761446294576
XZ,157,-10.0633870546557,-10.22215267633644,-24.512806464173593,3.3946165904227588,0.030950572829452735,0.04831215764408021,0.029548364141251695,-0.028583091502894026,-10.0633870546557,-8.383853824099528,-8.54261944578027
XZ,158,-9.876801576304622,-10.00259694015127,-25.320744194629512,3.0077838066520464,0.03250700257417478,0.04916838737840742,0.031751793372692086,-0.030279756827083497,-9.876801576304622,-8.197268345748451,-8.323063709595099
XZ,159,-9.698633543113115,-9.797635561588443,-26.169443138300327,2.6584330292617677,0.0340440009491696,0.05002388501817382,0.033940094625098914,-0.03196308679544889,-9.698633543113115,-8.019100312556944,-8.118102331032272
XZ,160,-9.529030867703597,-9.606371895550966,-27.061387711702345,2.3426915815072307,0.035556075861565395,0.05087408674741596,0.0361026171291814,-0.03362560581435637,-9.529030867703597,-7.849497637147426,-7.926838664994795
XZ,161,-9.368081608615485,-9.428005581844138,-27.99984624377247,2.0571965760424,0.0370376770647905,0.05171454019578165,0.03822904970620365,-0.035259957229800715,-9.368081608615485,-7.6885483780593145,-7.748472351287967
XZ,162,-9.215827318192556,-9.261828313911813,-28.988978303583075,1.799017877190422,0.03848324447705435,0.05254091174392736,0.04030944588284664,-0.036858934617886044,-9.215827318192556,-7.536294087636385,-7.582295083355643
XZ,163,-9.072273920501786,-9.107216838291318,-30.033985113484366,1.5655951433076867,0.03988725336489424,0.05334899484789931,0.04233424677896569,-0.038415512371722735,-9.072273920501786,-7.392740689945615,-7.427683607735148
XZ,164,-8.937400543712316,-8.963624785215789,-31.141319822140648,1.354686011844954,0.04124425646708702,0.054134719325556975,0.04429430206656163,-0.03992287526303373,-8.937400543712316,-7.2578673131561455,-7.284091554659618
XZ,165,-8.811166669889833,-8.830574312899328,-32.318982040298806,1.164323189164354,0.04254892315148204,0.054894161502168755,0.0461808892202387,-0.041374446741222495,-8.811166669889833,-7.131633439333662,-7.151041082343157
XZ,166,-8.69351790790579,-8.707648131686351,-33.576933818901246,0.9927787217912859,0.043796075705726634,0.05562355507799119,0.04798573122440025,-0.04276391579745875,-8.69351790790579,-7.013984677349619,-7.028114901130181
XZ,167,-8.584390644087057,-8.594482203099528,-34.92769591777322,0.8385341094589671,0.044980722865318956,0.05631930255640025,0.049701012863154155,-0.04408526227159326,-8.584390644087057,-6.904857413530886,-6.914948972543357
XZ,168,-8.483715780947724,-8.49075923859105,-36.387221074167094,0.7002552099571673,0.04609809068090468,0.05697798705536108,0.05131939569040715,-0.045332780518958934,-8.483715780947724,-6.804182550391554,-6.811226008034879
XZ,169,-8.391421736688404,-8.396203020606189,-37.97620993897181,0.5767711073137001,0.047143650822645385,0.05759638431626556,0.05283403175666194,-0.0465011013847444,-8.391421736688404,-6.711888506132233,-6.716669790050018
XZ,170,-8.307436846552323,-8.310573510963065,-39.72216763378407,0.4670562870471505,0.04811314641397525,0.0581714747212491,0.05423857615337324,-0.047585212457586595,-8.307436846552323,-6.627903615996152,-6.631040280406895
XZ,171,-8.231691280877511,-8.233662682364184,-41.662769260056216,0.37021560003921106,0.04900261548060447,0.05870045513185222,0.05552719842384047,-0.048580476592470855,-8.231691280877511,-6.55215805032134,-6.554129451808013
XZ,172,-8.16411857301211,-8.165290997191155,-43.85170022126783,0.2854716150654871,0.04980841209387922,0.059180750367491965,0.05669459288043333,-0.049482648707043775,-8.16411857301211,-6.48458534245594,-6.485757766634984
XZ,173,-8.104656832448189,-8.10530445645367,-46.369594369706405,0.2121540844965247,0.05052722528060363,0.059610024150884955,0.057735987860715404,-0.0502878908656726,-8.104656832448189,-6.425123601892018,-6.425771225897499
XZ,174,-8.053249703918915,-8.053572146281093,-49.346733096239205,0.14969145300343312,0.05115609576448176,0.05998618935865432,0.0586471539492911,-0.05099278567267759,-8.053249703918915,-6.3737164733627445,-6.374038915724922
XZ,175,-8.009847121224576,-8.009984216807105,-53.01752416939392,0.09760495711822005,0.051692430597376854,0.06030741742846042,0.059424411187451426,-0.05159434800051859,-8.009847121224576,-6.330313890668405,-6.330450986250934
XZ,176,-7.9744058947085215,-7.974450236978181,-57.88409199170321,0.055509036994134606,0.052134015731728954,0.06057214678860945,0.06006463528881261,-0.05209003508083846,-7.9744058947085215,-6.294872664152351,-6.29491700642201
XZ,177,-7.946890163183335,-7.946897877735738,-65.45162979917312,0.023153036888495307,0.052479026578615015,0.06077909019195688,0.06056526287577471,-0.052477754986295144,-7.946890163183335,-6.267356932627164,-6.267364647179567
XZ,178,-7.927271734350075,-7.927271884650789,-82.53550449367683,0.003231712195834551,0.05272603658914629,0.060927240852762174,0.06092429574876626,-0.052755873529613154,-7.927271734350075,-6.247738503793904,-6.2477386540946185
XZ,179,-7.915530332071143,-7.915533309210026,-69.5553839851011,0.014383079073579805,0.05287402389006333,0.06101587730268125,0.06114030419767525,-0.05292321960328898,-7.915530332071143,-6.235997101514973,-6.236000078653856
XZ,180,-7.911653763989088,-7.911658975502553,-67.11986084208331,0.019029806969989384,0.05292237599762979,0.061044566900265065,0.061212429362538026,-0.05297908897935173,-7.911653763989088,-6.2321205334329175,-6.232125744946382
XZ,181,-7.915638018721861,-7.915641166101003,-69.31399208417892,0.014788593164861278,-0.052870892626993744,-0.06101316794683053,-0.06114038464845516,0.05292324658363009,-7.915638018721861,-6.23610478816569,-6.236107935544832
XZ,182,-7.927487298010641,-7.9274875175756945,-80.88969832913081,0.003906013764443248,-0.05271978660744349,-0.06092183038043181,-0.060924456197628256,0.05275592725343328,-7.927487298010641,-6.2479540674544705,-6.247954287019524
XZ,183,-7.947213985584249,-7.947221122480982,-65.78996653885861,0.022269336089456047,-0.052469682907000145,-0.060770995038616854,-0.06056550241950567,0.05247783498167982,-7.947213985584249,-6.267680755028079,-6.267687891924811
XZ,184,-7.974838550968579,-7.9748808409692105,-58.090325892614736,0.05420925761262266,-0.05212161576300488,-0.06056139149972491,-0.06006495257805464,0.05209014064443045,-7.974838550968579,-6.2953053204124085,-6.29534761041304
XZ,185,-8.010389382856157,-8.010521831592984,-53.167820512517366,0.09593648086551464,-0.05167702390839433,-0.06029403453144608,-0.05942480443323949,0.051594478202913165,-8.010389382856157,-6.330856152299987,-6.330988601036813
XZ,186,-8.053902542794942,-8.054216317512125,-49.46572307415468,0.14766563069728375,-0.051137743876565306,-0.059970219194191585,-0.058647620931757106,0.05099293936557149,-8.053902542794942,-6.3743693122387715,-6.3746830869559545
XZ,187,-8.105421425688192,-8.106054611381179,-46.468270194777226,0.20977543605479204,-0.050506001360839624,-0.05959151466536674,-0.05773652593994145,0.05028806669074513,-8.105421425688192,-6.425888195132021,-6.426521380825008
XZ,188,-8.164996308726538,-8.166146429771642,-43.93597896642541,0.2827424537404398,-0.049784400597723606,-0.05915975686874704,-0.05669519900943046,0.0494828451065049,-8.164996308726538,-6.485463078170367,-6.486613199215471
XZ,189,-8.232683764679592,-8.234622536135369,-41.73623005685669,0.36713735878723885,-0.048975911736346286,-0.05867704001074427,-0.05552786916364582,0.04858069182124937,-8.232683764679592,-6.5531505341234215,-6.555089305579198
XZ,190,-8.308545908712075,-8.31163676000098,-39.78715325351044,0.46363004784409034,-0.04808385614960382,-0.058145707142113714,-0.05423930769022196,0.047585444597064486,-8.308545908712075,-6.629012678155904,-6.632103529444809
XZ,191,-8.392649439750434,-8.397368449080439,-38.03434348384787,0.5729978743767612,-0.04711188963569892,-0.057568339879536204,-0.05283481992122725,0.04650134835798104,-8.392649439750434,-6.713116209194263,-6.717835218524268
XZ,192,-8.485064427567119,-8.492025419744424,-36.43967611472404,0.6961360883579453,-0.04606398345185435,-0.056947747436103764,-0.05132023597906542,0.04533304010730615,-8.485064427567119,-6.805531197010948,-6.812492189188253
XZ,193,-8.58586278474624,-8.595847478918236,-34.97534961727561,0.8340704491348179,-0.04494440311498855,-0.056286955122775796,-0.049701900461257574,0.04408553213260732,-8.58586278474624,-6.906329554190069,-6.916314248362065
XZ,194,-8.695116348054109,-8.709110595144821,-33.62045932766209,0.9879722537665161,-0.043757684897147,-0.05558919249398426,-0.04798666103152216,0.0427641934839779,-8.695116348054109,-7.015583117497938,-7.029577364588651
XZ,195,-8.812894475886923,-8.832131795512291,-32.35890709028383,1.1591761684645479,-0.04250860993646,-0.05485788131915704,-0.04618185587736359,0.04137472972148167,-8.812894475886923,-7.133361245330752,-7.15259856495612
XZ,196,-8.939261046745505,-8.965274853777267,-31.178065427160316,1.349201376791741,-0.041202175877566985,-0.054096623567498656,-0.044295299985202125,0.0399231609416627,-8.939261046745505,-7.259727816189335,-7.285741623221096
XZ,197,-9.074270717372432,-9.108956806198453,-30.06789201264145,1.5597766992322593,-0.03984356594896454,-0.053309189595035125,-0.04233527017218807,0.03841579811144606,-9.074270717372432,-7.394737486816261,-7.429423575642282
XZ,198,-9.217964267507083,-9.263655274431228,-29.020325564613234,1.7928705125127484,-0.03843811537917491,-0.052499506719948005,-0.04031048879820027,0.03685921776172339,-9.217964267507083,-7.538431036950913,-7.584122043875057
XZ,199,-9.37036282045391,-9.429916473134268,-28.028864695294196,2.050726519534659,-0.03699127504950049,-0.051671648363324434,-0.038230106060563956,0.03526023512353139,-9.37036282045391,-7.690829589897739,-7.750383242578097
XZ,200,-9.531460684242894,-9.608363610199092,-27.088269881358524,2.335906711230578,-0.03550857227958918,-0.050829823916576596,-0.03610368074554207,0.03362587582897837,-9.531460684242894,-7.851927453686724,-7.928830379642921
XZ,201,-9.70121650692817,-9.79970511673898,-26.194350789097406,2.6513432461653648,-0.03399556864448907,-0.04997836947230223,-0.0339411592713881,0.031963346349317974,-9.70121650692817,-8.021683276371999,-8.12017188618281
XZ,202,-9.879542382119006,-10.004741727650515,-25.3438141960873,3.000401489382212,-0.032457814730356596,-0.04912173952090744,-0.031752852802724114,0.03028000340736195,-9.879542382119006,-8.200009151562835,-8.325208497094344
XZ,203,-10.066290479140545,-10.224370814992472,-24.53415551256043,3.386957152860706,-0.030900801753302173,-0.04826449966907852,-0.029549412138014538,0.028583322685870105,-10.066290479140545,-8.386757248584374,-8.544837584436301
XZ,204,-10.261236710567776,-10.459585489614653,-23.763581451300958,3.8154914468118015,-0.029329909995592884,-0.047411320376749236,-0.027341799959516234,0.02688086726478295,-10.261236710567776,-8.581703480011605,-8.780052259058483
XZ,205,-10.46406089624414,-10.711464766396158,-23.03095382739725,4.291209507651198,-0.0277503540602604,-0.04656697163531257,-0.02514125987108279,0.02518025636876471,-10.46406089624414,-8.78452766568797,-9.031931535839988
XZ,206,-10.674322851005357,-10.981149495129712,-22.335745409246726,4.820189310554974,-0.026167125014537246,-0.04573631842079198,-0.02295928140619631,0.023489135207586963,-10.674322851005357,-8.994789620449186,-9.301616264573541
XZ,207,-10.891433835354578,-11.269796823819249,-21.67799858091506,5.409571122570789,-0.024584929591267627,-0.04492431665209485,-0.02080755982331758,0.02181514696760017,-10.891433835354578,-9.211900604798407,-9.590263593263078
XZ,208,-11.114622898492744,-11.578503864726224,-21.058276647209617,6.067801853806765,-0.023008126752365448,-0.044136009268464435,-0.018697948948101995,0.020165908394649074,-11.114622898492744,-9.435089667936573,-9.898970634170054
XZ,209,-11.342897861617125,-11.908189421426734,-20.4775963355849,6.804955399083217,-0.021440662097092847,-0.043376521916469936,-0.016642404457820656,0.01854899094284701,-11.342897861617125,-9.663364631060954,-10.228656190870563
XZ,210,-11.575001106111033,-12.259421961103653,-19.937329047086084,7.633161076742676,-0.019886000826301604,-0.04265105761317407,-0.014652913642594094,0.016971910212246685,-11.575001106111033,-9.895467875554862,-10.579888730547482
XZ,211,-11.809361036552966,-12.632183873652782,-19.439058573731067,8.567191238841508,-0.01834706025550018,-0.041964889640262,-0.01274140550221381,0.015442127443213435,-11.809361036552966,-10.129827805996795,-10.95265064309661
XZ,212,-12.044041187521426,-13.025568414037183,-18.984385416151476,9.625293790349536,-0.016826143203443146,-0.04132335184019311,-0.010919631506753336,0.01396706826688749,-12.044041187521426,-10.364507956965255,-11.346035183481012
XZ,213,-12.276690536299002,-13.437418914717345,-18.57467345407537,10.830423046402897,-0.015324873959753297,-0.04073182545019058,-0.009199001547185337,0.012554165787257042,-12.276690536299002,-10.597157305742831,-11.757885684161174
XZ,214,-12.504500723135356,-13.863942005945539,-18.210743711981525,12.212164475388771,-0.013844138935566477,-0.040195721646688644,-0.007590349983616781,0.011210937282020784,-12.504500723135356,-10.824967492579185,-12.184408775389368
XZ,215,-12.724178494069214,-14.299358543134506,-17.892530831350676,13.809971773066433,-0.012384034492224213,-0.03972045910570661,-0.00610359073290294,0.009945105710433812,-12.724178494069214,-11.044645263513043,-12.619825312578335
XZ,216,-12.931944456430477,-14.735695772205371,-17.618726766722755,15.67913619350758,-0.010943824776923537,-0.0393114361336062,-0.0047471941815028,0.008764776678026758,-12.931944456430477,-11.252411225874306,-13.0561625416492
XZ,217,-13.123571490200545,-15.162865354110464,-17.386437277314982,17.903117773412895,-0.009521912609446502,-0.0389739972982819,-0.0035273776242487325,0.007678672693378245,-13.123571490200545,-11.444038259644374,-13.483332123554293
XZ,218,-13.294476747089954,-15.569200581331135,-17.190864564820863,20.622847968854945,-0.008115826490069675,-0.03871339498674651,-0.002446843020055677,0.006696395331226054,-13.294476747089954,-11.614943516533783,-13.889667350774964
XZ,219,-13.439878577298174,-15.942618265350365,-17.025005516501338,24.12046260573169,-0.0067222265657447934,-0.0385347469021462,-0.0015028365888295426,0.005828603018462137,-13.439878577298174,-11.760345346742003,-14.263085034794194
XZ,220,-13.555022480037769,-16.27248561113944,-16.87934160431257,29.138705402126618,-0.005336931844750141,-0.03844299113586629,-0.0006843176653076196,0.005086813646599623,-13.555022480037769,-11.875489249481598,-14.59295238058327
XZ,221,-13.635467694547094,-16.55204668838174,-16.741555809143875,39.244628269143846,-0.003954970066368794,-0.03844284102813699,3.1685633814946205e-05,0.004482259801344263,-13.635467694547094,-11.955934463990923,-14.872513457825569
XZ,222,-13.677409721095783,-16.78083716814507,-16.596537306040744,39.486711716098014,-0.0025706504371140362,-0.03853874246753735,0.0006835547975435825,0.0040230625399380725,-13.677409721095783,-11.997876490539612,-15.101303937588899
XZ,223,-13.677997942285753,-16.965996158493024,-16.427294185075418,30.17269830554815,-0.001177658021808974,-0.03873483648087107,0.001325938885905406,0.0037096523677908728,-13.677997942285753,-11.998464711729582,-15.286462927936853
XZ,224,-13.635597729256215,-17.121344706329005,-16.21740270254985,25.68190920584698,0.00023083293394509597,-0.03903492985740588,0.00202508040571277,0.0035304399986473833,-13.635597729256215,-11.956064498700044,-15.441811475772834
XZ,225,-13.549948767599426,-17.264272712776926,-15.954591437824572,22.470008329033185,0.0016620308945109242,-0.03944247610624497,0.0028487942962464423,0.003461476450465841,-13.549948767599426,-11.870415537043256,-15.584739482220755
XZ,226,-13.422187915686806,-17.412158564259375,-15.633642637135143,19.826004168183303,0.0031233894243283813,-0.03996056829119127,0.0038562444280603064,0.00347163488135482,-13.422187915686806,-11.742654685130635,-15.732625333703204
XZ,227,-13.254731872550492,-17.58013667797853,-15.256973303506927,17.52685623664024,0.004622466064398112,-0.040591944310993444,0.005092946545475842,0.003530061472968683,-13.254731872550492,-11.575198641994321,-15.900603447422359
XZ,228,-13.05104350618902,-17.78043656846637,-14.833017824594085,15.49084053457198,0.0061667838436038,-0.04133900412600398,0.006591454696807852,0.0036115099169815312,-13.05104350618902,-11.371510275632849,-16.1009033379102
XZ,229,-12.815326299111128,-18.022397011462164,-14.373686419672879,13.68052619184914,0.00776370118083902,-0.042203837424660745,0.008374664684980096,0.003698207065850171,-12.815326299111128,-11.135793068554957,-16.342863780905994
XZ,230,-12.552198300216226,-18.312389841488404,-13.891977861848074,12.072318547773346,0.009420295058897807,-0.04318825941079953,0.010459109884403014,0.0037794141628685026,-12.552198300216226,-10.872665069660055,-16.632856610932233
XZ,231,-12.26639054300376,-18.653404215532014,-13.40020207783491,10.647656052610731,0.011143261132871056,-0.04429385187105289,0.012857306093114178,0.0038501450355172494,-12.26639054300376,-10.58685731244759,-16.973870984975843
XZ,232,-11.96250008026439,-19.044329943782415,-12.908869925690487,9.390945884232128,0.012938833049495878,-0.04552200648974143,0.015579181335934425,0.003909861011091947,-11.96250008026439,-10.282966849708219,-17.364796713226244
XZ,233,-11.64481095615714,-19.479038558063305,-12.426156747707429,8.289249457796862,0.01481272187454273,-0.0468739674993164,0.018632880528568305,0.0039614208301747954,-11.64481095615714,-9.96527772560097,-17.799505327507134
XZ,234,-11.317182454910844,-19.945363561288193,-11.957807290994984,7.3322114109851,0.016770075297484643,-0.04835087112581129,0.022025196855428798,0.004010309078842045,-11.317182454910844,-9.637649224354673,-18.265830330732022
XZ,235,-10.98299503934677,-20.424163829644485,-11.507344922379223,6.511830492072214,0.018815455302359913,-0.0499537798240387,0.02576179300470693,0.00406408723687508,-10.98299503934677,-9.3034618087906,-18.744630599088314
XZ,236,-10.645140452180112,-20.888900651828763,-11.076456509182009,5.821952406100166,0.020952832304015637,-0.05168370990517903,0.029847306927268676,0.0041320034313072195,-10.645140452180112,-8.96560722162394,-19.209367421272592
XZ,237,-10.306042200346104,-21.30654644167274,-10.665443836126832,5.257413618834787,0.023185593346469045,-0.05354165176018116,0.03428539468684157,0.0042247096277947555,-10.306042200346104,-8.626508969789933,-19.62701321111657
XZ,238,-9.967694509936695,-21.640885901446374,-10.273660868774995,4.812821744641789,0.025516561808690934,-0.05552858241758667,0.03907873921665003,0.004354049706498403,-9.967694509936695,-8.288161279380525,-19.961352670890204
XZ,239,-9.631710543036213,-21.858733362317807,-9.899887768296132,4.481134271689459,0.02794802610821426,-0.05764547060938063,0.044229040834229516,0.004532893610206549,-9.631710543036213,-7.952177312480043,-20.179200131761636
XZ,240,-9.299373381794885,-21.937791210164058,-9.542620738811095,4.252469863420471,0.030481775075308016,-0.059893274840412306,0.04973699835245461,0.004775001063957,-9.299373381794885,-7.619840151238714,-20.258257979607887
XZ,241,-8.97168559269035,-21.872718313618968,-9.200277311469303,4.113728414137106,0.03311913793494595,-0.062272935169547954,0.055602285816759786,0.005094903971360951,-8.97168559269035,-7.292152362134178,-20.193185083062797
XZ,242,-8.649414949976999,-21.675902507451955,-8.871328587177898,4.049329739056953,0.03586102713539625,-0.06478535952812267,0.06182352781067906,0.005507800304649556,-8.649414949976999,-6.969881719420828,-19.996369276895784
XZ,243,-8.333135144432383,-21.372500181018907,-8.554374725532224,4.0427863875139085,0.03870798256738195,-0.06743140544303733,0.068398275112764,0.006029454754349142,-8.333135144432383,-6.653601913876212,-19.692966950462736
XZ,244,-8.023261122816848,-20.99281934135764,-8.248179995987247,4.078405520736709,0.04166021600432937,-0.07021185801821218,0.07532298183568248,0.006676103027842014,-8.023261122816848,-6.343727892260677,-19.31328611080147
XZ,245,-7.720079201603131,-20.565784285239022,-7.951681276344372,4.142510077101452,0.044717654849408255,-0.07312740497800597,0.08259298480641115,0.007464357772534307,-7.720079201603131,-6.04054597104696,-18.88625105468285
XZ,246,-7.423772371750744,-20.115286671031388,-7.663980632012025,4.223979054805636,0.04787998449355057,-0.07617860950515086,0.09020248573159606,0.008411114835832267,-7.423772371750744,-5.744239141194573,-18.435753440475217
XZ,247,-7.134441336114097,-19.659172816765604,-7.384329486727401,4.314241266512391,0.051146688769739025,-0.07936588152589764,0.09814453656651922,0.009533459080806413,-7.134441336114097,-5.4549081055579265,-17.979639586209434
XZ,248,-6.852121853660659,-19.209786037178702,-7.1121093240779185,4.406964636506533,0.05451708813521922,-0.08268944801503608,0.10641102843158402,0.0108485693308615,-6.852121853660659,-5.172588623104488,-17.53025280662253
XZ,249,-6.5767989439224195,-18.775102461866712,-6.846811937425086,4.497639544115665,0.05799037532915805,-0.08614932281893263,0.11499268437495831,0.012373622268976488,-6.5767989439224195,-4.897265713366249,-17.09556923131054
XZ,250,-6.30841845661652,-18.35990300631653,-6.588020909616423,4.583171504815379,0.06156564834323379,-0.0897452764289863,0.12387905625169716,0.014125695300144526,-6.30841845661652,-4.6288852260603495,-16.680369775760358
XZ,251,-6.046896451235636,-17.966752110144782,-6.335395130387483,4.661532603252362,0.06524194061170828,-0.09347680608246947,0.13305852597041024,0.01612166852102999,-6.046896451235636,-4.367363220679465,-16.28721887958861
XZ,252,-5.792126769184663,-17.596735312725862,-6.0886546221806395,4.731483171759784,0.06901824837970898,-0.0973431065228152,0.14251831134415432,0.01837812604304625,-5.792126769184663,-4.112593538628492,-15.917202082169691
XZ,253,-5.543987122019608,-17.249983571300323,-5.8475686376274805,4.792357958278864,0.07289355524777776,-0.10134304171643715,0.1522444767695436,0.020911256993754852,-5.543987122019608,-3.8644538914634374,-15.570450340744152
XZ,254,-5.302343966119746,-16.926032712829567,-5.611945833300405,4.84390534987592,0.0768668539199684,-0.10547511779696102,0.16222194894542455,0.023736756583262495,-5.302343966119746,-3.622810735563575,-15.246499482273396
XZ,255,-5.067056387657198,-16.624063875663172,-5.381626257346782,4.886167897566215,0.08093716520464549,-0.10973745748894691,0.17243453782838644,0.02686972767153758,-5.067056387657198,-3.387523157101027,-14.944530645107001
XZ,256,-4.837979182046052,-16.343061328328442,-5.1564748748865155,4.919394059598268,0.08510355433351227,-0.11412777625020949,0.18286496300610597,0.030324583312449433,-4.837979182046052,-3.158445951489881,-14.663528097772272
XZ,257,-4.614965278694716,-16.081914269668612,-4.936376369938101,4.943973182253386,0.08936514467662493,-0.11864336036319263,0.1934948856501355,0.03411495078275483,-4.614965278694716,-2.935432048138545,-14.402381039112441
XZ,258,-4.397867634151592,-15.839481229434298,-4.721230990972344,4.960387653956571,0.09372112894065569,-0.12328104720004397,0.20430494618702874,0.038253577630598265,-4.397867634151592,-2.7183344035954216,-14.159947998878128
XZ,259,-4.186540693875017,-15.614629780382316,-4.510951240091024,4.96917772175283,0.09817077794494174,-0.12803720788165757,0.2152748077999184,0.04275224029924991,-4.186540693875017,-2.507007463318846,-13.935096549826145
XZ,260,-3.9808415041253338,-15.406260114826555,-4.3054592383821415,4.9709156489181,0.10271344707598642,-0.13290773254690996,0.22638320584181534,0.04762165589805205,-3.9808415041253338,-2.301308273569163,-13.726726884270384
XZ,261,-3.78063054020369,-15.213318191442013,-4.1046846297713735,4.966186777565673,0.10734858052593242,-0.1378880184432757,0.23760800320653594,0.052871397704284756,-3.78063054020369,-2.1010973096475194,-13.533784960885843
XZ,262,-3.5857723048419716,-15.034802238357107,-3.908562911656752,4.955575708962991,0.11207571342520703,-0.14297296104336435,0.24892625166350196,0.058509814986663126,-3.5857723048419716,-1.9062390742858009,-13.355269007800937
XZ,263,-3.3961357404822707,-14.869765114950193,-3.717034102596515,4.939656286937238,0.11689447198336508,-0.1481569483825575,0.2603142591185679,0.06454395774343571,-3.3961357404822707,-1.7166025099261,-13.190231884394022
XZ,264,-3.2115944910328844,-14.717314180066897,-3.5300416755386985,4.918984413691614,0.12180457175640018,-0.15343385880052693,0.27174766271461737,0.0709795069451693,-3.2115944910328844,-1.5320612604767136,-13.037780949510726
XZ,265,-3.032027042099321,-14.576609746193371,-3.347531699960534,4.894092978193413,0.12680581416244446,-0.15879706225329163,0.2832015076335174,0.07782071086407798,-3.032027042099321,-1.3524938115431504,-12.8970765156372
XZ,266,-2.857316763364463,-14.446862821394557,-3.169452148303138,4.865488361050401,0.1318980813718303,-0.16423942534244795,0.29465033140519137,0.08507032805766557,-2.857316763364463,-1.1777835328082924,-12.767329590838386
XZ,267,-2.687351872489587,-14.327332589433295,-2.9957523317122337,4.833648115190955,0.13708132970140266,-0.16975332018411643,0.3060682534710304,0.09272957755429467,-2.687351872489587,-1.007818641933416,-12.647799358877124
XZ,268,-2.5220253364339866,-14.217323910849977,-2.826382437758542,4.799019522092261,0.14235558164699122,-0.1753306372119002,0.31742906968773726,0.1007980967616936,-2.5220253364339866,-0.8424921058778159,-12.537790680293806
XZ,269,-2.3612347232783586,-14.11618501565018,-2.661293148877583,4.762018798328678,0.14772091669186743,-0.18096280197595643,0.3287063513956181,0.10927390758605224,-2.3612347232783586,-0.6817014927221878,-12.436651785094009
XZ,270,-2.204882015363505,-14.02330548299308,-2.5004353250537035,4.723030783629008,0.15317746103297364,-0.1866407959644674,0.33987354861212454,0.11815339120912485,-2.204882015363505,-0.5253487848073344,-12.34377225243691
XZ,271,-2.0528733927095177,-13.938114552473209,-2.3437597380325697,4.6824089843555345,0.15872537637026152,-0.19235518143454072,0.3509040968493163,0.12743127192361917,-2.0528733927095177,-0.373340162153347,-12.258581321917038
XZ,272,-1.9051189941828772,-13.860079777141785,-2.1912168472922593,4.640475878822759,0.1643648479076991,-0.19809613019761288,0.3617715269928295,0.13710061037298,-1.9051189941828772,-0.22558576362670646,-12.180546546585614
XZ,273,-1.7615326626556498,-13.788706004923112,-2.0427566103009784,4.597523415709764,0.17009607171736615,-0.2038534562603562,0.37244957762171566,0.147152806480887,-1.7615326626556498,-0.08199943209947902,-12.109172774366941
XZ,274,-1.6220316794025023,-13.723534659033426,-1.8983283213808033,4.553813655833002,0.1759192416197562,-0.20961665217634814,0.3829123090942361,0.15757761228852504,-1.6220316794025023,0.057501551153668506,-12.044001428477255
XZ,275,-1.4865364921598492,-13.664143277179924,-1.7578804748836068,4.509579522056788,0.18183453573457972,-0.21537492891754695,0.39313421867507625,0.1683631548445787,-1.4865364921598492,0.1929967383963216,-11.984610046623754
XZ,276,-1.3549704405945173,-13.610145262232894,-1.6213606494586768,4.465025633143382,0.18784210285608555,-0.22111725902834883,0.4030903559360689,0.17949596921437055,-1.3549704405945173,0.32456278996165344,-11.930612031676723
XZ,277,-1.2272594823653085,-13.561189792856872,-1.4887154110146337,4.420329205605874,0.19394204880530785,-0.22683242277986074,0.41275643762635733,0.19096104159175095,-1.2272594823653085,0.4522737481908623,-11.881656562300702
XZ,278,-1.1033319224905793,-13.516961840718189,-1.3598902326079185,4.375641013685476,0.20013442290866368,-0.2325090569986955,0.42210896117961677,0.20274186241073364,-1.1033319224905793,0.5762013080655914,-11.837428610162018
XZ,279,-0.9831181483383423,-13.477182241016791,-1.2348294299676281,4.331086401865379,0.20641920474730716,-0.23813570620403196,0.43112531600683085,0.21482048926485145,-0.9831181483383423,0.6964150822178284,-11.79764901046062
XZ,280,-0.8665503722177704,-13.441607765022548,-1.1134761117230927,4.286766347187428,0.21279629131499272,-0.24370087564981247,0.4397838917135896,0.22717761935174388,-0.8665503722177704,0.8129828583384003,-11.762074534466377
XZ,281,-0.7535623832623037,-13.410031146858278,-0.9957721436649454,4.2427585703368855,0.2192654847135742,-0.24919308583642072,0.44806418238154105,0.2397926710699043,-0.7535623832623037,0.925970847293867,-11.730497916302108
XZ,282,-0.6440893100442604,-13.382281021799379,-0.8816581265606296,4.199118695235754,0.2258264805044864,-0.25460092802893597,0.45594688606509537,0.252643874305048,-0.6440893100442604,1.0354439205119104,-11.702747791243208
XZ,283,-0.5380673951424965,-13.358221739670928,-0.7710733871777775,4.155881456932239,0.23247885682202873,-0.25991312029768643,0.46341399867661554,0.26570836885649163,-0.5380673951424965,1.1414658354136744,-11.678688509114757
XZ,284,-0.43543378269271216,-13.337753024261815,-0.6639559822569602,4.1130619570810465,0.23922206433958013,-0.2651185635817353,0.4704489014663825,0.27896231037090763,-0.43543378269271216,1.2440994478634586,-11.658219793705644
XZ,285,-0.33612631977784935,-13.320809457785842,-0.5602427152247359,4.070656965420282,0.24605541716376408,-0.27020639726808393,0.4770364413473583,0.29238098307244986,-0.33612631977784935,1.3434069107783215,-11.641276227229671
XZ,286,-0.24008337236292612,-13.307359777942274,-0.4598691654611537,4.028646264529697,0.2529780847135617,-0.2751660537783739,0.48316300336872003,0.3059389185068117,-0.24008337236292612,1.4394498581932447,-11.627826547386103
XZ,287,-0.14724365633997186,-13.297405983756798,-0.36276972993404294,3.9869940339064507,0.25998908462231934,-0.2799873116616494,0.48881657470561635,0.31961001945224543,-0.14724365633997186,1.5322895742161988,-11.617872753200627
XZ,288,-0.057546084120782465,-13.29098225472075,-0.268877676991004,3.9456502681510197,0.26708727668051785,-0.284660346705795,0.4939867996052294,0.3333676880951594,-0.057546084120782465,1.6219871464353883,-11.61144902416458
XZ,289,0.02907037290063371,-13.288153695497073,-0.17812521206341114,3.904552222890309,0.2742713578165291,-0.2891757806018506,0.4986650248094299,0.3471849575216493,0.02907037290063371,1.7086036034568044,-11.608620464940902
XZ,290,0.11266680580273686,-13.289014925297733,-0.09044355498535517,3.863625881063577,0.2815398580918409,-0.2935247267240722,0.5028443350615792,0.36103462554050403,0.11266680580273686,1.7922000363589077,-11.609481694741563
XZ,291,0.19330447339575085,-13.293688536732786,-0.00576302856805266,3.8227874314069736,0.2888911376667001,-0.297698832624021,0.5065195783978372,0.3748893898282591,0.19330447339575085,1.8728377039519217,-11.614155306176615
XZ,292,0.27104489126823295,-13.302323453333054,0.07598684200391595,3.781944750417904,0.29632338467274316,-0.30169031887867503,0.5096873810202021,0.3887219833731939,0.27104489126823295,1.9505781218244036,-11.622790222776883
XZ,293,0.345949904692843,-13.315093217929777,0.15487721946955113,3.7409988787936332,0.3038346139106518,-0.30549201397961806,0.5123461516485623,0.4025053091930013,0.345949904692843,2.0254831352490137,-11.635559987373606
XZ,294,0.418081745549608,-13.332194245672035,0.23097983508833952,3.6998454832920276,0.3114226662746579,-0.3090973850022929,0.5144960753502078,0.41621257331049516,0.418081745549608,2.0976149761057785,-11.652661015115864
XZ,295,0.48750307350536326,-13.35384407571966,0.3043668602396301,3.6583762951506675,0.31908520879146574,-0.31250056384996083,0.5161390969463923,0.42981741499221704,0.48750307350536326,2.167036304061534,-11.67431084516349
XZ,296,0.5542770017681962,-13.380279654687058,0.37511076983083863,3.6164805165950833,0.3268197351498234,-0.3156963689254104,0.5172788941953473,0.44329403328714595,0.5542770017681962,2.233810232324367,-11.700746424130887
XZ,297,0.6184671078101707,-13.41175568294692,0.4432841984260435,3.574046187517446,0.3346235665887325,-0.31868032214358955,0.517920841047676,0.45661730894478497,0.6184671078101707,2.298000338366341,-11.732222452390749
XZ,298,0.6801374295264734,-13.448543052106048,0.508959790116388,3.5309615050877277,0.3424938530074728,-0.32144866125908006,0.5180719613627454,0.469762920844433,0.6801374295264734,2.359670660082644,-11.769009821549878
XZ,299,0.7393524473693243,-13.490927398608715,0.5722100432618901,3.4871160898132576,0.3504275741596357,-0.3239983475423324,0.5177408735612337,0.4827074561286631,0.7393524473693243,2.418885677925495,-11.811394168052544
XZ,300,0.7961770530654269,-13.539207794698765,0.6331071513422227,3.442402192365584,0.3584215407960449,-0.32632706889704627,0.5169377267697257,0.4954285133032919,0.7961770530654269,2.4757102836215976,-11.859674564142594
XZ,301,0.8506765055915778,-13.593695594148318,0.6917228412562073,3.39671583629151,0.3664723956282484,-0.32843323856650175,0.5156741290852261,0.5079047976424411,0.8506765055915778,2.5302097361477487,-11.914162363592148
XZ,302,0.9029163751489906,-13.654713446383173,0.7481282105062592,3.3499578925108793,0.3745766139947953,-0.3303159896282341,0.5139630686519931,0.5201162083192686,0.9029163751489906,2.582449605705161,-11.975180215827002
XZ,303,0.9529624759386817,-13.722594489123852,0.8023935647897208,3.3020350822338527,0.3827305041268046,-0.33197516552316775,0.5118188282975974,0.5320439167695471,0.9529624759386817,2.6324957064948524,-12.04306125856768
XZ,304,1.00088078859969,-13.797681726516126,0.8545882575919267,3.2528609056058992,0.3909302069270389,-0.33341130690616705,0.5092568945202723,0.5436704358850762,1.00088078859969,2.6804140191558607,-12.118148495959955
XZ,305,1.0467373732284277,-13.880327597069185,0.904780533432681,3.2023564939925517,0.39917169519748263,-0.3346256351394351,0.5062938616546285,0.5549796797258375,1.0467373732284277,2.7262706037845987,-12.200794366513014
XZ,306,1.090598273949189,-13.970893733619578,0.9530373764546323,3.150451384349398,0.40745077227369997,-0.33562003277748065,0.5029473320674026,0.5659570135323511,1.090598273949189,2.77013150450536,-12.291360503063407
XZ,307,1.1325294160535335,-14.06975091603738,0.9994243660561365,3.097084214588865,0.41576307004956425,-0.3363970214121955,0.49923581324937966,0.5765892939118142,1.1325294160535335,2.8120626466097045,-12.39021768548121
XZ,308,1.17259649676914,-14.17727921651992,1.0440055412604925,3.0422033392566625,0.4241040464027628,-0.3369597372587622,0.49517861267377494,0.5868648991621059,1.17259649676914,2.852129727325311,-12.49774598596375
XZ,309,1.2108648707545546,-14.293868337051638,1.086843275472291,2.985767365189225,0.4324689820586035,-0.33731190486727375,0.4907957312859343,0.596773749785433,1.2108648707545546,2.8903981013107254,-12.614335106495467
XZ,310,1.2473994314462673,-14.419918138992696,1.1279981632017972,2.92774560712816,0.4408529769571818,-0.33745780934179237,0.48610775647387805,0.6063073193273253,1.2473994314462673,2.926932662002438,-12.740384908436525
XZ,311,1.2822644894066701,-14.555839365706039,1.1675289202343655,2.8681184635589156,0.44925094621520895,-0.3374022674377523,0.4811357553457026,0.6154586357559796,1.2822644894066701,2.961797719962841,-12.876306135149868
XZ,312,1.3155236488350797,-14.70205456070445,1.2054922985853946,2.8068777132999627,0.45765761579885406,-0.33715059789126295,0.4759011691074497,0.6242222736706666,1.3155236488350797,2.9950568793912504,-13.02252133014828
XZ,313,1.3472396834097167,-14.85899918591458,1.2419430174114376,2.7440267336314546,0.46606751804654584,-0.33670859131015246,0.47042570929581623,0.63259433769576,1.3472396834097167,3.026772913965887,-13.17946595535841
XZ,314,1.3774744126225325,-15.027122947371348,1.276933710843981,2.6795806410054523,0.47447498720038805,-0.33608247992757195,0.4647312565737539,0.6405724374775182,1.3774744126225325,3.057007643178703,-13.347589716815177
XZ,315,1.4062885797560383,-15.20689133892713,1.3105148934802218,2.6135663556473125,0.482874155121181,-0.33527890748552147,0.4588397627453941,0.6481556547550467,1.4062885797560383,3.085821810312209,-13.52735810837096
XZ,316,1.4337417326246218,-15.39878741847046,1.3427349440022454,2.546022591626,0.49125894737426845,-0.3343048994787492,0.45277315658998907,0.6553445030227583,1.4337417326246218,3.1132749631807926,-13.71925418791429
XZ,317,1.4598921081679797,-15.603313835691948,1.3736401071113968,2.4769997742577337,0.49962307988139065,-0.33316783395009203,0.44655325405409546,0.6621408803407568,1.4598921081679797,3.13942533872415,-13.923780605135777
XZ,318,1.4847965219381567,-15.82099513573077,1.4032745136612785,2.4065598869980236,0.5079600563372072,-0.331875412987758,0.4402016732779544,0.6685480158805036,1.4847965219381567,3.1643297524943277,-14.1414619051746
XZ,319,1.508510263464344,-16.05238036916323,1.4316802185566386,2.3347762502784026,0.5162631665877453,-0.33043563503412304,0.433739754866467,0.6745704108166657,1.508510263464344,3.1880434940205147,-14.37284713860706
XZ,320,1.5310869984133681,-16.29804604592473,1.4588972556655637,2.261733235044658,0.5245254861621649,-0.32885676807578035,0.42718848774888807,0.6802137741919898,1.5310869984133681,3.210620228969539,-14.618512815368558
XZ,321,1.5525786783863653,-16.558599479064856,1.4849637086738352,2.1875259140552323,0.5327398771386642,-0.32714732374608885,0.420568440904465,0.6854849543908388,1.5525786783863653,3.232111908942536,-14.879066248508686
XZ,322,1.573035459107871,-16.834682574010134,1.5099157965053291,2.1122596542863086,0.540898990510741,-0.32531603233626377,0.41389970116520997,0.6903918668589819,1.573035459107871,3.2525686896640416,-15.155149343453964
XZ,323,1.5925056276689307,-17.126976130561037,1.5337879716445673,2.0360496540672552,0.548995270201236,-0.32337181867881154,0.407201817242168,0.69494341870244,1.5925056276689307,3.2720388582251014,-15.447442900004866
XZ,324,1.6110355393871076,-17.436204738647024,1.5566130294410088,1.9590204288209847,0.5570209588498463,-0.32132377883934415,0.4004937500586799,0.6991494307877829,1.6110355393871076,3.2905687699432784,-15.756671508090854
XZ,325,1.6286695647388627,-17.76314236546908,1.578422226251404,1.8813052495066875,0.5649681054748378,-0.3191811575294556,0.3937938294138109,0.7030205579497247,1.6286695647388627,3.3082027952950335,-16.08360913491291
XZ,326,1.6454500467110786,-18.108618751791962,1.5992454040995523,1.8030455380555792,0.572828575082778,-0.3169533261350275,0.3871197169421414,0.7065682078909957,1.6454500467110786,3.3249832772672496,-16.42908552123579
XZ,327,1.6614172688053603,-18.47352675981632,1.6191111194038474,1.72439022424022,0.5805940602716454,-0.31464976124121313,0.3804883752824417,0.709804459333751,1.6614172688053603,3.340950499361531,-16.79399352926015
XZ,328,1.6766094338142121,-18.858830845493223,1.6380467732484572,1.6454950685289242,0.588256094843264,-0.31228002352723905,0.37391604331814177,0.7127419799522021,1.6766094338142121,3.356142664370383,-17.179297614937052
XZ,329,1.6910626533755957,-19.265576866011067,1.6560787406582587,1.5665219555440977,0.5958060694116267,-0.3098537369014291,0.3674182173070902,0.7153939445837231,1.6910626533755957,3.3705958839317667,-17.586043635454896
XZ,330,1.704810948199721,-19.69490348067015,1.6732324963787637,1.487638162768827,0.6032352489645326,-0.30738056774847566,0.3610096376771659,0.7177739541802338,1.704810948199721,3.3843441787558914,-18.01537025011398
XZ,331,1.7178862587541386,-20.148055463436233,1.689532734763513,1.4090156091215078,0.6105347923081982,-0.30487020416774346,0.35470428122782943,0.7198959559242468,1.7178862587541386,3.3974194893103093,-18.468522232880062
XZ,332,1.7303184660895108,-20.626399321976194,1.7050034815268562,1.330830087962394,0.6176957732981235,-0.30233233509142554,0.34851535844600084,0.7217741648952898,1.7303184660895108,3.4098516966456813,-18.946866091420024
XZ,333,1.742135422391252,-21.131441716356992,1.7196681953279902,1.2532604889922325,0.6247092037355093,-0.29977662918543646,0.3424553156174494,0.7234229876325399,1.742135422391252,3.4216686529474227,-19.45190848580082
XZ,334,1.7533629907514472,-21.664851298049953,1.733549857403899,1.1764880133699038,0.63156605778671,-0.2972127134527381,0.3365358413924233,0.7248569478991729,1.7533629907514472,3.432896221307618,-19.985318067493782
XZ,335,1.7640250935748267,-22.22848475652666,1.7466710477606449,1.100695386211701,0.6382572977647178,-0.2946501514776773,0.33076787744610886,0.7260906149140981,1.7640250935748267,3.4435583241309975,-20.54895152597049
XZ,336,1.7741437689586592,-22.82441808063897,1.759054006750932,1.0260660704439268,0.6447739010957279,-0.29209842127078217,0.32516163286083405,0.7271385342767965,1.7741437689586592,3.4536769995148298,-21.1448848500828
XZ,337,1.7837392343244063,-23.454984334956585,1.7707206812064173,0.952783485774731,0.6511068882813799,-0.2895668926950081,0.31972660184726565,0.7280151617726724,1.7837392343244063,3.463272464880577,-21.775451104400414
XZ,338,1.7928299565253192,-24.122819645787132,1.7816927546419639,0.8810302363234188,0.6572473516579859,-0.28706480447664734,0.3144715844161529,0.7287348002085716,1.7928299565253192,3.47236318708149,-22.44328641523096
XZ,339,1.8014327276126392,-24.830919628703192,1.7919916613999856,0.810987350219674,0.6631864847478699,-0.2846012408259907,0.3094047096101058,0.7293115393928493,1.8014327276126392,3.48096595816881,-23.15138639814702
XZ,340,1.8095627454100596,-25.58270922957163,1.801638584942829,0.7428335342481661,0.6689156119948823,-0.28218510771404876,0.30453346090614586,0.7297591993402471,1.8095627454100596,3.4890959759662303,-23.90317599901546
XZ,341,1.817233698025126,-26.382129984148634,1.8106544408250986,0.6767444463870445,0.6744262186759397,-0.27982510887186285,0.299864703404143,0.730091276750594,1.817233698025126,3.496766928581297,-24.702596753592463
XZ,342,1.8244578514137881,-27.233750163570495,1.8190598451750204,0.6128919888658124,0.6797099807829786,-0.27752972159740064,0.2954047124233196,0.7303208947809988,1.8244578514137881,3.503991081969959,-25.554216933014324
XZ,343,1.83124613911217,-28.142905374122307,1.8268750697803846,0.5514436241674219,0.6847587946744242,-0.27530717247181036,0.2911592031386628,0.7304607561048164,1.83124613911217,3.5107793696683407,-26.463372143566136
XZ,344,1.8376082532558282,-29.115880248492413,1.8341199851038306,0.49256171621824896,0.6895648063023277,-0.2731654131013832,0.28713336090065134,0.7305230992267717,1.8376082532558282,3.517141483811999,-27.436347017936242
XZ,345,1.8435527360217479,-30.16014642808915,1.8408139927423348,0.4364028988727191,0.6941204398299594,-0.2711120960138633,0.2833318718955087,0.7305196580027442,1.8435527360217479,3.5230859665779186,-28.48061319753298
XZ,346,1.8490870706493314,-31.284678950773337,1.8469759489924618,0.38311747372099403,0.6984184254646222,-0.26915455084762246,0.2797589538181322,0.7304616242945003,1.8490870706493314,3.5286203012055024,-29.605145720217166
XZ,347,1.854217771226542,-32.50038385932267,1.8526240812898598,0.3328488392725071,0.7024518263419463,-0.2672997609796057,0.2764183862464322,0.7303596136746618,1.854217771226542,3.5337510017827127,-30.820850628766497
XZ,348,1.8589504704597581,-33.820686783201246,1.8577758993537405,0.28573295378063157,0.7062140643095113,-0.2655543407427766,0.27331354042327805,0.7302236340847278,1.8589504704597581,3.538483701015929,-32.14115355264508
XZ,349,1.8632900046865908,-35.262359707365604,1.862448102893461,0.2418978345372892,0.7096989444704408,-0.2639245133862397,0.2704474081705395,0.7300630573398553,1.8632900046865908,3.5428232352427615,-33.58282647680943
XZ,350,1.8672404954329258,-36.846708802153614,1.866656487721652,0.2014630977540524,0.7129006783601167,-0.26241608993136883,0.2678226296786526,0.7298865933672855,1.8672404954329258,3.5467737259890963,-35.16717557159744
XZ,351,1.8708054268619756,-38.601324044598584,1.8704158520742034,0.16453954601836976,0.7158139056417601,-0.26103444907479795,0.26544151993438664,0.7297022670617166,1.8708054268619756,3.5503386574181466,-36.92179081404241
XZ,352,1.8739877185122396,-40.562727099818694,1.873739904864686,0.131228816853688,0.718433714219175,-0.25978451828502086,0.2633060935690954,0.7295173976395671,1.8739877185122396,3.5535209490684103,-38.88319386926253
XZ,353,1.8767897927716481,-42.78049332660855,1.8766411775032652,0.10162312165585552,0.7207556586767543,-0.2586707562329713,0.2614180879294182,0.7293385803754625,1.8767897927716481,3.5563230233278187,-41.100960096052376
XZ,354,1.8792136365871468,-45.323836594214754,1.8791309407928423,0.075805144939648,0.722775776968389,-0.2576971366887437,0.25977898419198764,0.7291716706078577,1.8792136365871468,3.5587468671433173,-43.64430336365858
XZ,355,1.8812608569622467,-48.29225667855347,1.88121912828251,0.053848288364190394,0.7244906052878316,-0.25686713400695105,0.2583900263632461,0.7290217699065723,1.8812608569622467,3.5607940875184174,-46.6127234479973
XZ,356,1.8829327298476035,-51.83200624448947,1.8829142673123755,0.03581779879185428,0.7258971910629148,-0.25618371031220755,0.2572522380250454,0.7288932143027063,1.8829327298476035,3.5624659604037743,-50.1524730139333
XZ,357,1.884230242083313,-56.153701335531224,1.8842234188299989,0.021774505069221385,0.7269931040257034,-0.25564930448351664,0.25636643670567594,0.7287895644910121,1.884230242083313,3.563763472639484,-54.47416810497505
XZ,358,1.8851541261050686,-61.48411349434862,1.8851521268985962,0.011786397621609403,0.7277764453193049,-0.2552658230231419,0.2557332457751407,0.7287135979259581,1.8851541261050686,3.5646873566612394,-59.804580263792445
XZ,359,1.885704887179224,-67.42900338507623,1.8857043786528154,0.0059444123992973275,0.7282458546102607,-0.2550346328810805,0.2553531037821092,0.7286673027451274,1.885704887179224,3.5652381177353947,-65.74947015452005
