plane,theta,gain,cp_plus_db,cp_minus_db,axial_ratio_db,etheta_re,etheta_im,ephi_re,ephi_im,target_gain,error_db
XZ,0,1.7141687307347122,-91.82536492662945,1.7141687288123686,0.0003654833693090284,0.5832978864173927,0.4585881485069599,-0.4585870894735652,0.583266683860163,3.8,-2.0858312692652876
XZ,1,1.7141010130326015,-78.22208922558642,1.7141009689603437,0.0017499868867064255,0.583303962716058,0.458428604206562,-0.458557859651223,0.5833790565859664,3.77,-2.0558989869673985
XZ,2,1.7139073498035735,-65.45862186099555,1.7139065170213783,0.007607078737835556,0.5833239114959266,0.45795234813275665,-0.4584701057193719,0.5837165134256345,3.74,-2.0260926501964267
XZ,3,1.7135865293233885,-58.2894016835927,1.7135821893635852,0.017365818339784463,0.5833572334528923,0.4571602834761946,-0.4583228493289502,0.5842783256131555,3.71,-1.9964134706766115
XZ,4,1.7131365151424227,-53.26084841498833,1.7131226990093,0.030984622368766517,0.5834030973308756,0.45605391108194443,-0.4581144637729812,0.5850632754898447,3.68,-1.9668634848575774
XZ,5,1.7125544277860738,-49.38367757899898,1.7125206864094367,0.04842119620053786,0.583460342132763,0.4546353247384523,-0.4578426802724977,0.5860696521756031,3.65,-1.937445572213926
XZ,6,1.7118365193918605,-46.23012846427343,1.7117667618287278,0.06962286114564575,0.5835274801832685,0.4529072046195002,-0.45750459681133987,0.5872952455866159,3.62,-1.9081634806081396
XZ,7,1.7109781415333492,-43.57509785073967,1.710849558655618,0.09452598647704083,0.5836027010130055,0.4508728089142939,-0.4570966895528446,0.5887373388778172,3.59,-1.8790218584666507
XZ,8,1.7099737065505514,-41.28521101676084,1.7097557967644406,0.12305612238922284,0.5836838760257432,0.44853596369087895,-0.45661482687893945,0.5903926994108444,3.56,-1.8500262934494487
XZ,9,1.7088166427752252,-39.27482651528213,1.7084703548807365,0.155128289170455,0.5837685639047216,0.44590105104849875,-0.45605428609864435,0.5922575683701867,3.53,-1.8211833572247746
XZ,10,1.7074993441040245,-37.48564341361124,1.7069763507321036,0.19064733969674263,0.5838540167085676,0.44297299562449377,-0.4554097728774651,0.5943276491721489,3.5,-1.7925006558959755
XZ,11,1.7060131144382842,-35.87616538095075,1.705255227616538,0.2295083756280692,0.5839371866040874,0.43975724953195316,-0.45467544344245736,0.5965980948329532,3.45,-1.743986885561716
XZ,12,1.7043481075682139,-34.415800773309186,1.7032868458828516,0.2715972105099026,0.5840147331810078,0.436259775814275,-0.45384492961840567,0.5990634944832735,3.4,-1.695651892431786
XZ,13,1.7024932631376135,-33.081345927515244,1.7010495777042587,0.3167908762287218,0.5840830312937676,0.4324870305126936,-0.45291136674920585,0.601717859237481,3.35,-1.6475067368623866
XZ,14,1.7004362393782078,-31.854781589664434,1.6985204034357657,0.3649581701756188,0.5841381793768661,0.42844594345242687,-0.451867424554993,0.6045546076458945,3.3,-1.599563760621792
XZ,15,1.6981633433508723,-30.72183440613226,1.69567500778386,0.4159602406878271,0.5841760081840344,0.42414389786198625,-0.4507053409690716,0.6075665509775131,3.25,-1.5518366566491277
XZ,16,1.695659459474883,-29.671005130242136,1.6924878739873268,0.46965120833328095,0.584192089907053,0.41958870894837236,-0.44941695898986034,0.6107458785992974,3.2,-1.5043405405251171
XZ,17,1.6929079771625366,-28.692892742951372,1.6889323742117566,0.525878820512852,0.5841817476374914,0.41478860155794545,-0.447993766571321,0.6140841437350817,3.15,-1.4570920228374633
XZ,18,1.6898907184072778,-27.77971246484801,1.6849808544024327,0.584485136734506,0.584140065144067,0.4097521870586915,-0.4464269395608594,0.6175722499031803,3.1,-1.4101092815927223
XZ,19,1.6865878661965317,-26.924944467952447,1.6806047119211096,0.6453072417791588,0.5840618969496668,0.40448843958394853,-0.4447073876764898,0.6212004383458902,3.05,-1.3634121338034682
XZ,20,1.6829778946344613,-26.123072898941487,1.6757744644115526,0.7081779838434527,0.5839418787046177,0.3990066717801887,-0.4428258034949544,0.6249582767764822,3.0,-1.3170221053655387
XZ,21,1.6790375016672034,-25.36938868138637,1.6704598084992681,0.7729267346070354,0.5837744378672335,0.39331651020206226,-0.44077271439985943,0.6288346497796663,2.92,-1.2409624983327965
XZ,22,1.6747415452992478,-24.65983823965508,1.6646296671265954,0.8393801680385073,0.5835538047176826,0.38742787049626526,-0.43853853741371296,0.6328177512091284,2.84,-1.165258454700752
XZ,23,1.6700629841777639,-23.990905864077362,1.6582522245561762,0.9073630546253459,0.5832740237472646,0.38135093251169216,-0.43611363681005894,0.6368950789311734,2.76,-1.089937015822236
XZ,24,1.6649728233995387,-23.359521107739376,1.6512949483370334,0.976699067588292,0.5829289654814491,0.37509611546681465,-0.43348838437217774,0.6410534322656255,2.68,-1.0150271766004615
XZ,25,1.6594400663624318,-22.762985072930114,1.643724597812579,1.047211597526865,0.5825123388109856,0.36867405329587294,-0.43065322213310375,0.6452789124741337,2.6,-0.9405599336375683
XZ,26,1.6534316734420051,-22.198911136109515,1.6355072190540343,1.1187245718334047,0.5820177039209247,0.3620955702838757,-0.42759872739838733,0.6495569266415513,2.52,-0.8665683265579949
XZ,27,1.646912528221216,-21.665176838957116,1.626608126415118,1.1910632751208228,0.5814384859214591,0.35537165708577484,-0.424315679818344,0.6538721952877764,2.44,-0.7930874717787839
XZ,28,1.639845411940506,-21.159884507827407,1.6169918712197575,1.264055166827034,0.5807679892969807,0.34851344720859323,-0.4207951302410375,0.6582087640352423,2.36,-0.720154588059494
XZ,29,1.6321909867645523,-20.681328763678604,1.606622198401779,1.3375306920943397,0.5799994132996502,0.34153219401635543,-0.41702847104117513,0.66255001964066,2.28,-0.6478090132354475
XZ,30,1.623907788383897,-20.227969521190964,1.5954619922086,1.4113240819753017,0.5791258684210803,0.33443924829688415,-0.41300750758387306,0.6668787106789904,2.2,-0.5760922116161031
XZ,31,1.614952228383077,-19.798409397614854,1.5834732123488342,1.485274138990256,0.5781403940791794,0.3272460364076081,-0.4087245304467441,0.6711769731420827,2.14,-0.5250477716169231
XZ,32,1.605278606714651,-19.391374691812736,1.5706168222008987,1.5592250040553828,0.5770359776571762,0.31996403899444265,-0.4041723879887331,0.6754263611847503,2.08,-0.4747213932853491
XZ,33,1.5948391345200539,-19.005699274727643,1.5568527108976749,1.6330269008184612,0.5758055750270099,0.31260477025473526,-0.3993445588210356,0.6796078832163398,2.02,-0.42516086547994614
XZ,34,1.5835839674365484,-18.64031087009991,1.542139611257385,1.7065368534790573,0.5744421326800682,0.305179757692454,-0.3942352237040424,0.6837020434969626,1.96,-0.3764160325634516
XZ,35,1.5714612494237103,-18.294219309986566,1.5264350156369835,1.7796193742316802,0.5729386115739793,0.29770052229199145,-0.38883933636546275,0.687688889353833,1.9,-0.32853875057628956
XZ,36,1.5584171670374902,-17.96650643162164,1.5096950918421894,1.8521471165560839,0.5712880127849022,0.2901785590171635,-0.38315269270934477,0.6915480640855819,1.84,-0.28158283296250985
XZ,37,1.544396013971367,-17.656317346338717,1.4918746012323145,1.9240014906787861,0.5694834050303111,0.28262531752457126,-0.37717199786371786,0.6952588655700483,1.78,-0.23560398602863297
XZ,38,1.529340265581187,-17.36285286191268,1.4729268211163984,1.9950732376530174,0.5675179540983558,0.2750521829662982,-0.37089493049700806,0.6988003105361106,1.72,-0.190659734418813
XZ,39,1.5131906630046004,-17.085362880051342,1.4528034734429116,2.065262958631094,0.5653849541858471,0.26747045674675574,-0.3643202038205276,0.7021512044003416,1.66,-0.14680933699539955
XZ,40,1.4958863063898726,-16.823140623162082,1.4314546616529957,2.134481596048764,0.5630778611093181,0.2598913370926716,-0.3574476226869111,0.7052902165082855,1.6,-0.10411369361012746
XZ,41,1.4773647566527626,-16.575517570832435,1.4088288173917634,2.2026508635791977,0.560590327312163,0.2523258992943586,-0.35027813619247017,0.7081959605554367,1.58,-0.1026352433472375
XZ,42,1.457562145094005,-16.341859007953772,1.3848726585681657,2.2697036218598243,0.5579162385467976,0.24478507548099904,-0.34281388519608563,0.7108470798977394,1.56,-0.102437854905995
XZ,43,1.436413290128704,-16.121560104181054,1.3595311600223416,2.3355841971290237,0.5550497520648267,0.23727963380254874,-0.33505824417811264,0.713222337394708,1.54,-0.10358670987129615
XZ,44,1.4138518203060166,-15.914042459216105,1.3327475378102132,2.4002486400324443,0.5519853361012476,0.22982015690662522,-0.3270158568807118,0.7153007093614812,1.52,-0.10614817969398338
XZ,45,1.3898103027335313,-15.718751060811023,1.3044632478550156,2.4636649219705804,0.548717810391903,0.2224170196197392,-0.318692665196019,0.7170614831403532,1.5,-0.11018969726646866
XZ,46,1.3642203759649978,-15.53515161290422,1.2746179994514915,2.5258130664479372,0.5452423874178851,0.21508036576856016,-0.31009593080061626,0.7184843577379225,1.48,-0.1157796240350022
XZ,47,1.3370128863633965,-15.362728200227956,1.2431497838470034,2.586685212959008,0.5415547140272848,0.20782008410791136,-0.3012342490742522,0.7195495469122873,1.46,-0.12298711363660342
XZ,48,1.3081180269139465,-15.20098126333464,1.2099949178715885,2.646285611003851,0.5376509130448504,0.20064578335740296,-0.2921175548873847,0.7202378840366505,1.44,-0.13188197308605343
XZ,49,1.2774654774332848,-15.04942586447309,1.1750881023511448,2.704630541867349,0.5335276244450504,0.19356676638704623,-0.282757119895624,0.7205309280120837,1.42,-0.14253452256671517
XZ,50,1.2449845451006207,-14.90759023020857,1.138362494818167,2.7617481658339176,0.5291820456342903,0.1865920036331466,-0.2731655410395479,0.7204110694540805,1.4,-0.15501545489937918
XZ,51,1.210604304225565,-14.775014561209243,1.099749795837591,2.8176782925514527,0.5246119703648875,0.17973010586812674,-0.26335672001499205,0.7198616363361675,1.41,-0.19939569577443494
XZ,52,1.1742537341629005,-14.651250103279319,1.059180348092735,2.872472072310419,0.5198158257877158,0.17298929649056194,-0.2533458335513298,0.7188669982395337,1.42,-0.24574626583709946
XZ,53,1.1358618542878345,-14.535858476482609,1.0165832472301053,2.9261916060928077,0.5147927071425341,0.16637738354348733,-0.24314929441282268,0.7174126683319394,1.43,-0.29413814571216546
XZ,54,1.0953578549540266,-14.428411261090304,0.9718864633420545,2.978909472380083,0.5095424095856352,0.15990173170879712,-0.2327847031200925,0.7154854021822611,1.44,-0.34464214504597335
XZ,55,1.0526712233727071,-14.328489840063138,0.9250169718746257,3.030708168913902,0.5040654566640285,0.15356923456210156,-0.22227079047425322,0.7130732925102679,1.45,-0.3973287766272928
XZ,56,1.007731863369274,-14.235685497826381,0.8759008926794156,3.0816794678955306,0.4983631249635623,0.1473862874046435,-0.21162735105423813,0.710165858974232,1.46,-0.45226813663072596
XZ,57,0.9604702079989609,-14.149599774180743,0.8244636358871649,3.131923683511895,0.49243746448582154,0.14135876101580083,-0.20087516794742277,0.7067541321133362,1.47,-0.5095297920010391
XZ,58,0.9108173240288235,-14.06984507030366,0.770630053258467,3.181548851208257,0.4862913143442088,0.1354919766902815,-0.1900359290634807,0.7028307305868505,1.48,-0.5691826759711764
XZ,59,0.8587050073236301,-13.996045500968176,0.7143245936673097,3.2306698187945786,0.4799283134137976,0.1297906829378453,-0.1791321354705439,0.6983899308883478,1.49,-0.6312949926763699
XZ,60,0.8040658682041625,-13.92783798335401,0.6554714613880418,3.279407250297872,0.4733529056208195,0.12425903422924688,-0.16818700227961864,0.6934277287607259,1.5,-0.6959341317958375
XZ,61,0.7468334058796772,-13.864873548276366,0.5939947758870092,3.327886544443099,0.46657033961588806,0.11890057217016503,-0.15722435268704119,0.6879418915960713,1.47,-0.7231665941203228
XZ,62,0.6869420710895537,-13.806818854441786,0.5298187318607667,3.376236670757608,0.4595866626389812,0.1137182094744104,-0.14626850586368484,0.6819320011730461,1.44,-0.7530579289104462
XZ,63,0.6243273161247319,-13.753357880648869,0.4628677583129831,3.4245889275324313,0.45240870845279785,0.10871421708915581,-0.13534415945315,0.6753994861633019,1.41,-0.785672683875268
XZ,64,0.5589256314330681,-13.704193764983248,0.3930666755164409,3.473075627190772,0.44504407929329765,0.10389021479811349,-0.12447626750727117,0.6683476439256261,1.38,-0.8210743685669318
XZ,65,0.4906745680500274,-13.659050754269519,0.3203408487663606,3.521828715984035,0.4375011218606957,0.09924716559417908,-0.11368991474584336,0.6607816512025401,1.35,-0.8593254319499727
XZ,66,0.41951274513067294,-13.617676221747104,0.24461633788945053,3.5709783362820464,0.4297888974496465,0.0947853740713455,-0.10301018807628445,0.6527085634362557,1.32,-0.9004872548693271
XZ,67,0.34537984189675763,-13.579842706463818,0.1658200415326055,3.6206513409959635,0.42191714639247824,0.09050448903781895,-0.09246204634862204,0.6441373025291812,1.29,-0.9446201581032424
XZ,68,0.268216573350473,-13.54534992465728,0.08387983531163956,3.6709697707779068,0.41389624706313904,0.08640351049876711,-0.08207018934927998,0.6350786329861821,1.26,-0.991783426649527
XZ,69,0.18796464914529448,-13.514026701713613,-0.0012752970481216296,3.7220493055285213,0.4057371697599591,0.08248080109926187,-0.0718589270546686,0.6255451264906905,1.23,-1.0420353508547056
XZ,70,0.10456671504760215,-13.485732773511586,-0.0897151403971263,3.7739977023115543,0.3974514258523512,0.07873410205707115,-0.061852050171062996,0.6155511150825151,1.2,-1.0954332849523978
XZ,71,0.017966276466048068,-13.460360408237385,-0.18150813344844946,3.826913231980662,0.3890510126379353,0.07516055355173354,-0.05207270298076581,0.605112633220122,1.12,-1.1020337235339521
XZ,72,-0.07189239642503507,-13.43783580420731,-0.2767212634019591,3.880883126605804,0.3805483544120077,0.07175671947287172,-0.04254325949656448,0.594247349122817,1.04,-1.1118923964250351
XZ,73,-0.16506438238855672,-13.418120225816466,-0.375419970606777,3.9359820491186226,0.37195624029963664,0.06851861636748824,-0.03328520389620628,0.5829744858968268,0.96,-1.1250643823885567
XZ,74,-0.2616042420159443,-13.401210848271317,-0.47766806393234496,3.9922705954683932,0.3632877594411411,0.06544174636500764,-0.024319016167558712,0.5713147330518739,0.88,-1.1416042420159442
XZ,75,-0.36156617010236525,-13.387141291932195,-0.5835276474899384,4.049793838020594,0.3545562341537952,0.06252113380092389,-0.0156640638429529,0.5592901491105202,0.8,-1.1615661701023652
XZ,76,-0.4650041677273534,-13.375981838482485,-0.6930590593194617,4.108579916976387,0.34577515171589723,0.05975136520643551,-0.00733850063927125,0.5469240560992871,0.72,-1.1850041677273535
XZ,77,-0.5719722341802422,-13.367839333221275,-0.8063208226317273,4.168638684326501,0.33695809543329003,0.05712663228344178,0.0006408272505994476,0.5342409267872079,0.64,-1.2119722341802421
XZ,78,-0.6825245787737527,-13.362856789986244,-0.9233696101678386,4.229960402369023,0.3281186756534176,0.054640777442743156,0.008258466548191663,0.5212662656033559,0.56,-1.2425245787737529
XZ,79,-0.7967158524841965,-13.361212726976255,-1.0442602222113897,4.292514496241166,0.3192704613873081,0.05228734144880705,0.015500433380461384,0.508026484218446,0.48,-1.2767158524841964
XZ,80,-0.9146013992351518,-13.363120272551436,-1.1690455787579646,4.356248357353861,0.31042691318659393,0.050059612688074386,0.022354280380719096,0.4945487728165287,0.4,-1.3146013992351517
XZ,81,-1.0362375265047683,-13.368826089457668,-1.2977767263154663,4.421086192229906,0.30160131790033456,0.047950677559344825,0.028809154003531724,0.4808609681106862,0.21,-1.2462375265047683
XZ,82,-1.1616817947826406,-13.378609173548206,-1.4305028597779152,4.4869279091512375,0.2928067259059362,0.045953471475205496,0.03485584175434895,0.4669914191708395,0.02,-1.1816817947826406
XZ,83,-1.2909933252240757,-13.392779588723513,-1.5672713597842722,4.553648033364715,0.28405589137046566,0.044060829962057325,0.040486809132550476,0.45296885213305993,-0.17,-1.1209933252240758
XZ,84,-1.424233124651146,-13.411677203424103,-1.7081278459539737,4.6210946405061755,0.27536121605343883,0.042265539353599724,0.045696226183638486,0.43882223484744504,-0.36,-1.064233124651146
XZ,85,-1.5614644268188829,-13.435670495646937,-1.8531162463804949,4.689088297503546,0.2667346971112397,0.04056038658777022,0.050479983651424705,0.42458064249707655,-0.55,-1.0114644268188828
XZ,86,-1.7027530486034148,-13.465155493253897,-2.0022788837830188,4.757421000660943,0.2581878793066728,0.03893820763973271,0.05483569881281072,0.4102731251840814,-0.74,-0.9627530486034148
XZ,87,-1.848167759465438,-13.500554914588099,-2.1556565787708903,4.825855102019681,0.24973181196672056,0.0373919341529135,0.05876271116487965,0.3959285784311904,-0.93,-0.9181677594654379
XZ,88,-1.9977806621919796,-13.54231757134253,-2.3132887707927705,4.89412221763306,0.24137701096746703,0.03591463786539353,0.062262068215340846,0.38157561748988206,-1.12,-0.8777806621919795
XZ,89,-2.151667582508416,-13.590918091545849,-2.4752136575442147,4.961922115260704,0.23313342595903067,0.034499572468908786,0.0653365017022594,0.3672424562803092,-1.31,-0.8416675825084159
XZ,90,-2.3099084646721484,-13.646857015660427,-2.641468353935238,5.028921584450734,0.22501041297590865,0.033140212581665655,0.06799039463630589,0.35295679171469807,-1.5,-0.8099084646721484
XZ,91,-2.472587769584769,-13.710661313230347,-2.812089072214688,5.094753299385029,0.2170167125106361,0.03183028956247731,0.07022973961818003,0.3387456940771089,-1.75,-0.7225877695847691
XZ,92,-2.6397948712772514,-13.782885361233774,-2.9871113255812065,5.159014694674328,0.20916043306182333,0.03056382394140323,0.07206208893489015,0.3246355040487989,-2.0,-0.6397948712772514
XZ,93,-2.811624446796897,-13.864112417976793,-3.166570158654717,5.221266887132035,0.20144904010295064,0.02933515428982083,0.07349649698113232,0.31065173688201214,-2.25,-0.5616244467968969
XZ,94,-2.9881768535226225,-13.95495661730795,-3.350500409650117,5.281033693311351,0.19388935035594534,0.02813896239943139,0.07454345558590421,0.29681899413751606,-2.5,-0.4881768535226225
XZ,95,-3.1695584867083944,-14.056065496003585,-3.5389370111157072,5.337800814383307,0.18648753119543876,0.026970294683998364,0.07521482285009261,0.28316088331319417,-2.75,-0.41955848670839435
XZ,96,-3.3558821085485446,-14.168123050344914,-3.7319153388609565,5.3910152884094416,0.1792491049552595,0.025824579758486784,0.07552374611832466,0.26969994560454313,-3.0,-0.35588210854854463
XZ,97,-3.5472671381882757,-14.29185329315912,-3.929471622414849,5.440085347359668,0.17217895786011142,0.024697642186881176,0.07548457971837462,0.2564575919541272,-3.25,-0.29726713818827566
XZ,98,-3.743839889785799,-14.428024245154747,-4.131643435338234,5.484380865369776,0.1652813532620629,0.02358571242144163,0.07511279810438809,0.24345404746647373,-3.5,-0.24383988978579918
XZ,99,-3.9457337428368793,-14.577452236971078,-4.338470290326712,5.523234649866811,0.15855994882466856,0.02248543298197039,0.07442490503701306,0.23070830418910063,-3.75,-0.19573374283687928
XZ,100,-4.153089225353387,-14.741006309852517,-4.54999437277615,5.555944914100188,0.1520178172670971,0.021393860943273276,0.07343833942470947,0.21823808218977614,-4.0,-0.1530892253533871
XZ,101,-4.366053985949579,-14.919612366201813,-4.766261457951561,5.581779386415838,0.14565747025701264,0.020308466812413876,0.07217137843706548,0.20605979879538527,-4.25,-0.11605398594957883
XZ,102,-4.5847826251910835,-15.114256510350849,-4.987322071870415,5.599981669723579,0.1394808850242041,0.019227129884404223,0.07064303848353032,0.19418854579940564,-4.5,-0.08478262519108348
XZ,103,-4.80943634940145,-15.325986694589096,-5.213232975437823,5.609780680246911,0.1334895332566941,0.01814813016595932,0.06887297463043511,0.18263807439325075,-4.75,-0.05943634940144982
XZ,104,-5.040182401115646,-15.555911284226198,-5.444059076393909,5.610404290792158,0.12768441183742513,0.017070136952494538,0.06688137900618574,0.17142078753166076,-5.0,-0.040182401115646194
XZ,105,-5.277193209047964,-15.805192383781364,-5.679875905587563,5.6010987130635845,0.12206607498166211,0.01599219413409493,0.06468887871981624,0.16054773940418005,-5.25,-0.027193209047964295
XZ,106,-5.520645186214848,-16.07503058031523,-5.920772834425794,5.58115572192883,0.1166346673426732,0.014913702292937646,0.06231643379209579,0.1500286416531425,-5.5,-0.02064518621484801
XZ,107,-5.7707170869966316,-16.366635942379133,-6.166857260476969,5.549950615815251,0.11138995766509838,0.013834397638611402,0.059785235571700866,0.13987187595344153,-5.75,-0.02071708699663155
XZ,108,-6.027587811554101,-16.681177343908256,-6.418260049158514,5.506994907550337,0.10633137258048424,0.012754327810356712,0.05711660608165384,0.13008451255068132,-6.0,-0.02758781155410084
XZ,109,-6.291433518076891,-17.01969800826111,-6.675142591202084,5.452009258165637,0.10145803015687838,0.011673824558132123,0.05433189871365053,0.12067233434129304,-6.25,-0.04143351807689122
XZ,110,-6.562423868582022,-17.382978995927807,-6.937705915915432,5.385024224745072,0.09676877283252297,0.010593473299402443,0.05145240065966017,0.11163986607114308,-6.5,-0.0624238685820222
XZ,111,-6.8407171909783475,-17.771323546942263,-7.206202382624253,5.306519086688941,0.09226219938124144,0.009514079537875805,0.048499237441241,0.1029904082275603,-6.8,-0.040717190978347695
XZ,112,-7.12645428732465,-18.18422340496067,-7.480950542872464,5.217612293690052,0.08793669557252937,0.008436632126519135,0.04549327986641645,0.09472607520342485,-7.1,-0.026454287324650494
XZ,113,-7.419750554089026,-18.61985452910292,-7.762353796685689,5.120320470231818,0.08379046320119629,0.007362263363103875,0.04245505371087624,0.08684783732130456,-7.4,-0.019750554089025485
XZ,114,-7.720686003499746,-19.07433893333933,-8.050923408880376,5.017904906710019,0.07982154716823615,0.006292205925451105,0.03940465238293674,0.0793555663206377,-7.7,-0.02068600349974581
XZ,115,-8.029292685229233,-19.540716231794317,-8.34730622450389,4.915321343797091,0.0760278602954407,0.005227746689448319,0.03636165278771959,0.07224808393247659,-8.0,-0.02929268522923323
XZ,116,-8.345538905710574,-20.00762613557334,-8.652316896582315,4.819772841047162,0.07240720555069657,0.004170177530314246,0.0333450345518582,0.06552321319551734,-8.3,-0.04553890571057373
XZ,117,-8.669309532345839,-20.45787303544779,-8.966973421217606,4.741323240261648,0.06895729534898645,0.003120743291176393,0.03037310270012844,0.05917783220603669,-8.6,-0.06930953234583903
XZ,118,-9.000381560862186,-20.867401265071237,-9.292532998533632,4.693444301258227,0.06567576757761363,0.0020805872184745345,0.027463413781412167,0.053207930046002785,-8.9,-0.10038156086218564
XZ,119,-9.338394033791653,-21.20574561557732,-9.630522378836396,4.6932430255363835,0.06256019797601335,0.0010506943160608047,0.024632705310192446,0.0476086647031496,-9.2,-0.13839403379165383
XZ,120,-9.682811357737073,-21.43940011332591,-9.9827526016537,4.761007439444853,0.059608108485926695,3.1833264131096835e-05,0.021896828200078274,0.04237442289140866,-9.5,-0.1828113577370729
XZ,121,-10.032879128441541,-21.538914771450774,-10.35130227598552,4.918781416687768,0.05681697118450103,-0.0009755022115383215,0.01927068158317801,0.03749888181154141,-9.75,-0.2828791284415413
XZ,122,-10.387571816687736,-21.488148350730047,-10.73844670942247,5.188108275972193,0.05418420743145435,-0.0019711513499948577,0.016768148974945843,0.03297507307735956,-10.0,-0.38757181668773555
XZ,123,-10.745532214345204,-21.291183091907847,-11.146503764700261,5.587747134129836,0.05170718191527685,-0.0029553422499587244,0.014402034058463627,0.028795449299177663,-10.25,-0.49553221434520367
XZ,124,-11.105003553220811,-20.972407201822673,-11.577564427937578,6.132473523185346,0.0493831913879084,-0.0039287438004605366,0.01218399324800942,0.024951954202011267,-10.5,-0.6050035532208113
XZ,125,-11.463756894940726,-20.56955259456118,-12.033081623782053,6.833552652254641,0.04720944804853404,-0.004892511439165977,0.010124460330145836,0.021436097716716018,-10.75,-0.713756894940726
XZ,126,-11.819018962685771,-20.12396553223916,-12.5133104706139,7.700536771216958,0.04518305778900059,-0.0058483241993684,0.008232555279500111,0.018239038286253877,-11.0,-0.8190189626857709
XZ,127,-12.167409188826113,-19.672737750607713,-13.01663039672988,8.743549397711744,0.0433009938534839,-0.006798410252626297,0.006515963682004829,0.015351675731432491,-11.25,-0.9174091888261131
XZ,128,-12.504899299848136,-19.244537592940578,-13.538831204630794,9.975403445393127,0.04156006688944886,-0.0077455580373925375,0.004980762887780463,0.012764759348180678,-11.5,-1.0048992998481356
XZ,129,-12.826813682148366,-18.85853985739633,-14.072498619584358,11.413310666194793,0.03995689285451664,-0.008693110152782181,0.0036311517540310633,0.01046901686655862,-11.75,-1.0768136821483658
XZ,130,-13.127892709860678,-18.52513381211285,-14.606671195569765,13.080158901961367,0.0384878607514257,-0.00964493755673994,0.0024690041331095524,0.008455308088776916,-12.0,-1.127892709860678
XZ,131,-13.40244181642862,-18.24739892823565,-15.126946447452381,15.005257509073118,0.037149102624540215,-0.010605392288556163,0.0014930959688273055,0.006714794215210683,-12.3,-1.1024418164286196
XZ,132,-13.644583241176642,-18.022782550831515,-15.616197769185167,17.224180938076476,0.03593646858089791,-0.011579237952144824,0.0006977253914531167,0.005239064067808139,-12.6,-1.0445832411766425
XZ,133,-13.848612295276956,-17.844621352499743,-16.056062327930306,19.777435825117685,0.03484550970425301,-0.012571558512620854,7.023275303035246e-05,0.0040199964657615566,-12.9,-0.9486122952769556
XZ,134,-14.009435323339511,-17.703097916426586,-16.429423850856793,22.711264437357297,0.0338714715311168,-0.013587647476582962,-0.00041326732095038024,0.0030486860567809524,-13.2,-0.8094353233395122
XZ,135,-14.123036803760122,-17.585064324868306,-16.72419995980584,26.105297434935384,0.03300930020830514,-0.01463288108798765,-0.000794125012942289,0.0023118269407253578,-13.5,-0.6230368037601224
XZ,136,-14.186898408739282,-17.472491611175325,-16.938320214130364,30.246010433699333,0.032253662562987825,-0.015712580576757486,-0.0011363567081116078,0.0017834475552063222,-13.8,-0.38689840873928105
XZ,137,-14.200286113790618,-17.341415676659675,-17.08358267537919,36.570753735184965,0.0315989801680217,-0.016831869539308077,-0.0015214893088345454,0.0014143689592653597,-14.1,-0.10028611379061836
XZ,138,-14.164341005117482,-17.165810537833,-17.183489376995745,59.84781415632072,0.031039476219156904,-0.01799553303880283,-0.0020266177201678373,0.001132575189210798,-14.4,0.2356589948825185
XZ,139,-14.081952361910412,-16.926441030713086,-17.264646348662758,34.21437471294976,0.03056923283708466,-0.01920788489562101,-0.0027017812500583238,0.0008628260355348213,-14.7,0.6180476380895872
XZ,140,-13.957442798166642,-16.61689887289472,-17.349440236115342,27.505389229331957,0.0301822554476374,-0.0204726489057647,-0.003567452739084555,0.0005477257238517604,-15.0,1.0425572018333575
XZ,141,-13.796135009595304,-16.24272857338066,-17.454379151737815,23.143407284477455,0.029872540319096173,-0.02179285848971899,-0.00462581655511858,0.00015306784550384912,-15.25,1.4538649904046963
XZ,142,-13.603884627327421,-15.817018396411529,-17.591327699593432,19.846430059007172,0.02963414121681531,-0.02317077772646327,-0.005870894733071264,-0.00033760228752157133,-15.5,1.896115372672579
XZ,143,-13.38665311511884,-15.35600926991023,-17.768785785431945,17.202146058149026,0.029461231459230266,-0.024607845089810083,-0.007293616997393677,-0.0009297426460342984,-15.75,2.3633468848811603
XZ,144,-13.150168264224744,-14.875909673672192,-17.99258938037868,15.01554310060902,0.029348158339605128,-0.026104639685754213,-0.008883754946471626,-0.0016225243057274112,-16.0,2.849831735775256
XZ,145,-12.899690390164446,-14.390963948488004,-18.266281734194475,13.173174687103915,0.029289487781560014,-0.027660868547231057,-0.010630549477370467,-0.0024116016682880588,-16.25,3.350309609835554
XZ,146,-12.63987912699176,-13.912533339478717,-18.591417177914416,11.600590241224289,0.029280038076693476,-0.029275372662852725,-0.012522885762795699,-0.0032906667530470707,-16.5,3.86012087300824
XZ,147,-12.37474231113657,-13.44890181436443,-18.967913206299723,10.245198834996017,0.029314902479205936,-0.03094614891459614,-0.014549333689927271,-0.004252323628256893,-16.75,4.37525768886343
XZ,148,-12.10764391192676,-13.005535793553655,-19.39446040901477,9.068038135699881,0.029389461210625686,-0.03267038493602319,-0.016698159499942116,-0.00528859207521797,-17.0,4.892356088073241
XZ,149,-11.841349335889436,-12.585574050035477,-19.868951335612678,8.039278157330976,0.029499384005981268,-0.034444504003667,-0.01895734001067358,-0.006391206998159482,-17.25,5.408650664110564
XZ,150,-11.578090673354511,-12.19038519783226,-20.3888810132309,7.135524104343023,0.02964062469894007,-0.036264217353754166,-0.021314586438556275,-0.0075518025272801196,-17.5,5.921909326645489
XZ,151,-11.319639384938164,-11.820091031423667,-20.95168450161404,6.3380841259334755,0.029809409515350018,-0.03812458169350806,-0.02375737751012491,-0.00876202905773384,-17.65,6.330360615061835
XZ,152,-11.067378336467792,-11.474004417468876,-21.554995962356365,5.631799366789033,0.03000222075776829,-0.040020060084592225,-0.026272999796664923,-0.010013630051598766,-17.8,6.732621663532209
XZ,153,-10.822368517294361,-11.1509661380457,-22.196830407740404,5.004223297193674,0.030215777460608294,-0.041944584768784404,-0.0288485931451577,-0.011298493953867181,-17.95,7.127631482705638
XZ,154,-10.58540818630038,-10.849586454003449,-22.875699999217872,4.445028934508743,0.030447014417857524,-0.043891620853693414,-0.03147119944372253,-0.012608690269518547,-18.1,7.514591813699621
XZ,155,-10.35708374655609,-10.568407283448703,-23.590681478400178,3.9455705413423203,0.030693060768509944,-0.045854230065579524,-0.034127813358297406,-0.013936495290870309,-18.25,7.892916253443911
XZ,156,-10.13781257061841,-10.306003592362575,-24.34145170899473,3.498553243320802,0.030951219096213695,-0.04782513400427593,-0.03680543400782944,-0.015274410900590245,-18.4,8.262187429381589
XZ,157,-9.927878483466596,-10.061041200400386,-25.128306355304982,3.0977799045346095,0.031218945778415292,-0.049796776506168684,-0.03949111679697969,-0.01661517864585732,-18.55,8.622121516533404
XZ,158,-9.72746081603431,-9.832305076593471,-25.95217398767177,2.737954444596879,0.03149383311831011,-0.051761384843082806,-0.0421720248118144,-0.0179517905266998,-18.7,8.97253918396569
XZ,159,-9.536657981739854,-9.61870874984087,-26.814635378677572,2.4145271108521773,0.031773593616466346,-0.05371102956721048,-0.044835479321428624,-0.019277497469170287,-18.85,9.313342018260148
XZ,160,-9.355506476681512,-9.419292386663583,-27.717955953409486,2.1235714135434045,0.03205604659016375,-0.05563768286407949,-0.04746900903094398,-0.020585816149948626,-19.0,9.644493523318488
XZ,161,-9.183996108948392,-9.233214642944276,-28.665138509274414,1.8616852813726779,0.03233910722660764,-0.057533275305272594,-0.05006039780877335,-0.02187053463821594,-19.1,9.91600389105161
XZ,162,-9.022082152302405,-9.05974158592045,-29.66000353420609,1.625910971888844,0.03262077805913726,-0.05938975090700231,-0.052597730670865435,-0.023125717184831127,-19.2,10.177917847697595
XZ,163,-8.869695010261783,-8.898234712038825,-30.707305852794743,1.4136696675329221,0.03289914278023873,-0.06119912040518589,-0.05506943785174249,-0.024345708394643995,-19.3,10.430304989738218
XZ,164,-8.726747876430291,-8.748139232168903,-31.8128991760991,1.2227076900917897,0.033172362248473405,-0.06295351265635596,-0.05746433682991536,-0.025525136950895564,-19.4,10.673252123569707
XZ,165,-8.593142789129235,-8.608973243442598,-32.98396493772131,1.0510519953728878,0.03343867250518533,-0.06464522406968562,-0.05977167220603127,-0.026658919012048102,-19.5,10.906857210870765
XZ,166,-8.468775403703013,-8.48031806373358,-34.22932952405884,0.8969731472497172,0.03369638458830034,-0.06626676597038791,-0.06198115335753331,-0.027742261365379547,-19.6,11.131224596296988
XZ,167,-8.353538743578369,-8.361809800980641,-35.559906379957376,0.7589543710145372,0.03394388591222404,-0.06781090979040082,-0.06408298981465702,-0.028770664394504982,-19.7,11.34646125642163
XZ,168,-8.247326139923887,-8.253132115831214,-36.98931962410892,0.6356655882286284,0.03417964297279293,-0.06927072997904919,-0.06606792432017634,-0.029739924897243794,-19.8,11.552673860076114
XZ,169,-8.150033528025158,-8.154010078715704,-38.53479953531986,0.5259415656453807,0.034402205132794156,-0.07063964452491048,-0.06792726354982048,-0.030646138774308745,-19.9,11.74996647197484
XZ,170,-8.061561234729737,-8.064204999133286,-40.218498654732116,0.4287634881655383,0.03461020924540649,-0.07191145298051083,-0.0696529064822579,-0.03148570359700329,-20.0,11.938438765270263
XZ,171,-7.981815364135146,-7.983510101257769,-42.06948239186158,0.3432434037066191,0.03480238487903172,-0.07308037188352841,-0.07123737041717587,-0.03225532105279745,-20.05,12.068184635864855
XZ,172,-7.910708866868506,-7.911746926926924,-44.12684619002307,0.26861109619345414,0.03497755991650937,-0.07414106747208009,-0.07267381464756976,-0.03295199926066057,-20.1,12.189291133131494
XZ,173,-7.848162360816274,-7.848762359171233,-46.44480487293772,0.20420302883812771,0.03513466631407561,-0.07508868559683705,-0.07395606179806315,-0.03357305494304201,-20.15,12.301837639183724
XZ,174,-7.79410475714231,-7.79442617343035,-49.101429765072105,0.14945306900457023,0.03527274582008038,-0.07591887873927695,-0.07507861684512088,-0.03411611543808024,-20.2,12.405895242857689
XZ,175,-7.748473734184536,-7.748629037701999,-52.21458157714135,0.10388476282873788,0.03539095547006439,-0.07662783005288916,-0.07603668383750357,-0.034579120533745816,-20.25,12.501526265815464
XZ,176,-7.7112160927681135,-7.7112808961421795,-55.973115422206234,0.06710497771425723,0.03548857269296831,-0.07721227435251599,-0.07682618033643997,-0.03496032410497169,-20.3,12.588783907231887
XZ,177,-7.682288019149583,-7.682309682691799,-60.70284726627969,0.038798786775558626,0.035564999882778656,-0.07766951598602496,-0.07744374959490895,-0.035258295535266056,-20.35,12.667711980850418
XZ,178,-7.661655275835195,-7.661660322056807,-67.00983771926948,0.018725593913945314,0.035619768310528044,-0.07799744353199262,-0.07788677049426956,-0.035471920905630124,-20.4,12.738344724164804
XZ,179,-7.649293335585835,-7.649293984897244,-75.9026064399912,0.006717051862639365,0.03565254127313154,-0.07819454127696673,-0.07815336525438824,-0.03560040393569236,-20.45,12.800706664414164
XZ,180,-7.645187469775523,-7.645187572558129,-83.90383441599583,0.0026724646167069445,0.03566311639779618,-0.07825989743595903,-0.07824240493067107,-0.03564326666470054,-20.5,12.854812530224477
XZ,181,-7.649332798699162,-7.649333414320863,-76.1340370074206,0.006540472794020195,-0.03565142704360166,0.07819320909015097,0.07815351270791843,0.03560034986318654,-20.45,12.800667201300836
XZ,182,-7.66173430823941,-7.661739167196668,-67.17414906171155,0.01837485708210757,-0.0356175427650724,0.0779947838261682,0.07788706499719422,0.0354718131696733,-20.4,12.738265691760589
XZ,183,-7.682406834342452,-7.682427914966898,-60.82142577461677,0.03827322974165084,-0.03556166882604978,0.07766553807180408,0.07744419033780504,0.035258134950525676,-20.35,12.66759316565755
XZ,184,-7.711375013869453,-7.7114384697418314,-56.064531664061874,0.06640362038477252,-0.03548414477569955,0.07720699213348814,0.07682676610230142,0.034960111884849564,-20.3,12.588624986130547
XZ,185,-7.748673197427473,-7.748825885990513,-52.2885275749945,0.10300642343563488,-0.035385442122012715,0.07662126195133696,0.07603741299839878,0.034578858280108184,-20.25,12.501326802572528
XZ,186,-7.794345316601565,-7.794662204042292,-49.16329660200568,0.1483963251669827,-0.03526616116133938,0.07591104759799326,0.07507948735788135,0.034115805127627324,-20.2,12.405654683398435
XZ,187,-7.848444694436957,-7.8490374477075795,-46.49784459116308,0.20296619328130205,-0.03512702704537334,0.07507961855774926,0.07395707119914419,0.033572698910388395,-20.15,12.301555305563042
XZ,188,-7.911033783874651,-7.912060909147765,-44.17315629477885,0.2671922015718092,-0.03496888518927657,0.07413079583260346,0.07267496004723976,0.03295160017819859,-20.1,12.188966216125351
XZ,189,-7.982183813915221,-7.983862763662984,-42.110489399054494,0.3416401910443335,-0.03479269614615485,0.073068930931698,0.07123864849321851,0.032254881907422844,-20.05,12.06781618608478
XZ,190,-8.0619743173111,-8.06459606782895,-40.25521461504259,0.42697339650679944,-0.03459953009376008,0.0718988818101301,0.06965431347341661,0.031485227663823896,-20.0,11.9380256826889
XZ,191,-8.150492506266575,-8.154439206494517,-38.56796741232148,0.5239617218915924,-0.03439056109879462,0.07062598583210301,0.06792879524921515,0.03064562958743666,-19.9,11.749507493733423
XZ,192,-8.24783245356938,-8.253598867456587,-37.01950034578046,0.6334927967253502,-0.03416706134237615,0.06925602984172612,0.066069576068961,0.029739386217807053,-19.8,11.55216754643062
XZ,193,-8.354094025326757,-8.36231363677416,-35.58753341271833,0.7565851027265389,-0.03393039550682095,0.06779521743231223,0.06408475649620997,0.028770100176016018,-19.7,11.345905974673242
XZ,194,-8.469381497455732,-8.480858321750063,-34.25474443075595,0.8944035285054768,-0.03368201553855838,0.06625013351150358,0.06198302939247403,0.02774167571660921,-19.6,11.13061850254427
XZ,195,-8.59380177057676,-8.60954912080472,-33.007441314614574,1.0482777962538745,-0.033423456014369815,0.06462770626478827,0.05977365154839207,0.026658316157560518,-19.5,10.90619822942324
XZ,196,-8.727462076126587,-8.748749766577161,-31.834659222550698,1.2197243126108428,-0.033156330347674484,0.06293516662374475,0.05746641296479741,0.025524521189407397,-19.4,10.672537923873412
XZ,197,-8.87046703930404,-8.898878765130084,-30.727532119951118,1.4104721338190438,-0.03288232807773517,0.06118000534746435,0.05507160379480092,0.024345084055366176,-19.3,10.42953296069596
XZ,198,-9.02291493067556,-9.060417831108055,-29.678847431333928,1.6224939126675595,-0.03260321348649444,0.05936992782591547,0.05259997896997329,0.023125088581958716,-19.2,10.17708506932444
XZ,199,-9.184892896496462,-9.233921561742267,-28.682726577809447,1.8580429251154023,-0.03232082578434284,0.05751280671248888,0.0500627205482269,0.02186990602371023,-19.1,9.915107103503539
XZ,200,-9.356470906511035,-9.420028279405301,-27.73439457421243,2.119697576764761,-0.032037081096092754,0.05561663248975761,0.04747139783856149,0.020585191664746486,-19.0,9.643529093488965
XZ,201,-9.537694095622768,-9.619471769295298,-26.830014363940485,2.4104151901546786,-0.03175397646015025,0.053689462067984264,0.04483792537891737,0.019276881092925864,-18.85,9.312305904377233
XZ,202,-9.728573101022059,-9.833093296388755,-25.966569373406383,2.7335974112235197,-0.03147359602533939,0.051739365510899984,0.04217451886875915,0.017951186026115902,-18.7,8.97142689897794
XZ,203,-9.929071908409435,-10.061852734441711,-25.141782623768233,3.0931703023829242,-0.031198119588605754,0.0497743709790612,0.039493649188824684,0.016614589521607312,-18.55,8.620928091590566
XZ,204,-10.139092620541735,-10.306836786455513,-24.354063615074363,3.493683191629955,-0.030929833560115316,0.0478024079797515,0.03680799467821703,0.015273840332731787,-18.4,8.260907379458263
XZ,205,-10.358456451801747,-10.569261005610324,-23.602475619002348,3.9404317435917626,-0.030671144366947276,0.04583124901677426,0.03413039188613928,0.013935946082528045,-18.25,7.891543548198253
XZ,206,-10.586880141898797,-10.850460514291198,-22.886716242554918,4.439612695498296,-0.030424594209455955,0.04386844974781484,0.031473785075360215,0.012608164788420825,-18.1,7.513119858101204
XZ,207,-10.823946886078309,-11.151861869896189,-22.20710328417183,4.998520550812734,-0.030192878962411768,0.04192128778663916,0.028851174832009892,0.011297994071063572,-17.95,7.1260531139216905
XZ,208,-11.069070826862683,-11.47492544671522,-21.56455610418485,5.625800717644797,-0.02997886786401536,0.03999670033917872,0.026275566238721054,0.010013157076306392,-17.8,6.7309291731373175
XZ,209,-11.321454191070544,-11.821044240664875,-20.960560199401822,6.331779908720666,-0.029785624459207537,0.03810122094482479,0.023759917205658194,0.008761583666730119,-17.65,6.328545808929455
XZ,210,-11.580036361112999,-12.191381855418372,-20.397099923285985,7.128904465429667,-0.029616428061368036,0.036240915716163426,0.02131708774036294,0.0075513846865031915,-17.5,5.919963638887001
XZ,211,-11.843434654030503,-12.586631007435315,-19.87654232012134,8.032333163101566,-0.02947479477484936,0.03442131964148546,0.018959791189005294,0.00639081587310264,-17.25,5.406565345969497
XZ,212,-12.109877502780044,-13.006676559157459,-19.401455413089906,9.060757911037612,-0.029364496891626485,0.032647373742648526,0.016700548811963246,0.005288225925216365,-17.0,4.890122497219956
XZ,213,-12.377132292075355,-13.45015719352304,-18.97434897973938,10.237573732128944,-0.029289579257926503,0.03092336417056845,0.014551649454759404,0.00425197967776106,-16.75,4.3728677079246445
XZ,214,-12.64243251363287,-13.913941216806657,-18.59733655263438,11.592611034689499,-0.0292543710284525,0.02925286466905092,0.012525116439568463,0.00329034103053153,-16.5,3.857567486367129
XZ,215,-12.9024123384636,-14.392567731947164,-18.271734106125134,13.164832792866854,-0.029263491122320674,0.027638684231085724,0.010632683740269907,0.002411288801220438,-16.25,3.3475876615363998
XZ,216,-13.153061125589641,-14.877754996789424,-17.99763006046714,15.006830861983184,-0.029321845707700127,0.02608282218115758,0.008885781743876957,0.0016222172605414495,-16.0,2.846938874410359
XZ,217,-13.38971533113041,-15.358138839267204,-17.77347400959829,17.1930573546156,-0.02943461621407774,0.024586433295324946,0.007295525569192171,0.0009294324134360224,-15.75,2.360284668869591
XZ,218,-13.607109541689798,-15.81946542209089,-17.595723314478665,19.83696229566871,-0.02960723673778792,0.02314980585144239,0.005872674539352856,0.00033727755946811927,-15.5,1.8928904583102018
XZ,219,-13.799509742057934,-16.245509982576586,-17.45853826205166,23.13356862477466,-0.02984536028581612,0.021772355603654772,0.004627457052229181,-0.00015342081600786247,-15.25,1.4504902579420662
XZ,220,-13.960947395456042,-16.620010268277234,-17.3534103259029,27.495225547713098,-0.030154814082792178,0.020452638511987312,0.0035689430063172234,-0.000548122498682357,-15.0,1.0390526045439579
XZ,221,-14.085559487651835,-16.92985567778873,-17.268461550964087,34.204096221958345,-0.03054154509485401,0.019188384555448967,0.002703109949952932,-0.000863281196102653,-14.7,0.614440512348164
XZ,222,-14.16801641799308,-17.16948396431642,-17.187166784366926,59.84585850555334,-0.031011557906730856,0.01797655407539264,0.0020277755305173556,-0.001133095189915834,-14.4,0.23198358200692049
XZ,223,-14.20399008019843,-17.345295616906515,-17.08712081766036,36.559248547426755,-0.03157084799416268,0.016813416850699633,0.0015224783223725153,-0.0014149412190756177,-14.1,-0.10399008019843059
XZ,224,-14.190588002779583,-17.476531225008525,-16.94170032111559,30.235299903591752,-0.03222533411549781,0.01569465258427406,0.0011372064262372484,-0.001784036623094489,-13.8,-0.39058800277958206
XZ,225,-14.126668812298346,-17.589235047637672,-16.727390171116276,26.095426155281753,-0.032980793870440034,0.014615469839061304,0.000794897475477244,-0.002312389451092933,-13.5,-0.6266688122983464
XZ,226,-14.012969286068468,-17.70739608954384,-16.43238793960763,22.702203877472606,-0.033842806354151586,0.013570738910726056,0.0004140389210564946,-0.0030491900927342185,-13.2,-0.8129692860684692
XZ,227,-13.85201315486,-17.849066156776846,-16.058771778842356,19.769071698351347,-0.03481670525830531,0.012555132886917014,-6.939337716471967e-05,-0.004020425594658512,-12.9,-0.9520131548599995
XZ,228,-13.647823186355893,-18.027409178493034,-15.618641171060712,17.21640473778948,-0.03590754480794944,0.011563270409941269,-0.0006967660547481118,-0.005239411131821063,-12.6,-1.0478231863558936
XZ,229,-13.405501123943711,-18.252250254227388,-15.129132453939341,14.997998947598767,-0.037120079716123904,0.010589853543902402,-0.0014919797094011217,-0.00671505543194921,-12.3,-1.1055011239437107
XZ,230,-13.130759634179425,-18.530250525852402,-14.608625820238586,13.073384774962094,-0.038458759069097306,0.009629794659006255,-0.002467705364417523,-0.00845548006870536,-12.0,-1.1307596341794248
XZ,231,-12.829483618954072,-18.86394806327981,-14.074259293161608,11.407017098044527,-0.03992773290489693,0.008678327291843467,-0.0036296529221488765,-0.01046909554447751,-11.75,-1.0794836189540717
XZ,232,-12.507373521868953,-19.250233362527574,-13.54043988182709,9.969609882478501,-0.04153086935854615,0.0077310973499145515,-0.0049790521628114365,-0.012764739774510104,-11.5,-1.0073735218689528
XZ,233,-12.169693433457699,-19.67866899826341,-13.01812740764113,8.738294820399675,-0.04327177969824483,0.006784232593885227,-0.006514033472485464,-0.015351552181362077,-11.25,-0.9196934334576987
XZ,234,-11.821122079158338,-20.1300132604797,-12.514730136105497,7.695876482249087,-0.04515384837855468,0.005834389851622121,-0.008230401290752979,-0.01823880446255489,-11.0,-0.8211220791583376
XZ,235,-11.465689674057966,-20.57551700242876,-12.034449981268443,6.829553415780392,-0.04718026534382278,0.004878780735695906,-0.010122080961916887,-0.021435746964170777,-10.75,-0.7156896740579661
XZ,236,-11.106777790489337,-20.978009373836958,-11.578898853408312,6.129204747231438,-0.04935405814646936,0.003915177652778954,-0.012181389200413943,-0.02495147970760174,-10.5,-0.6067777904893372
XZ,237,-10.747160007570836,-21.296096037257687,-11.147813938231161,5.585266842581618,-0.051678121907698944,0.002941902573423875,-0.01439920806567011,-0.028794844272691893,-10.25,-0.49716000757083556
XZ,238,-10.389065071213878,-21.492062905070988,-10.739736284523131,5.186445757315754,-0.054155245657013996,0.001957801389532184,-0.016765105617252758,-0.032974330913733585,-10.0,-0.3890650712138779
XZ,239,-10.034249231757267,-21.541621468571634,-10.352570715514256,4.917922784456637,-0.05678813407530161,0.0009622067740550513,-0.019267427146955472,-0.03749799623783949,-9.75,-0.2842492317572667
XZ,240,-9.684068984075495,-21.440845109097463,-9.983996830486332,4.760891800434479,-0.059579424091099516,-4.510766077822968e-05,-0.021893370566398944,-0.04237338810121084,-9.5,-0.18406898407549477
XZ,241,-9.339549043627596,-21.20602834527967,-9.631738087500594,4.693772064862146,-0.0625316961198407,-0.001063979365869355,-0.024629053859893023,-0.04760747548049801,-9.2,-0.13954904362759635
XZ,242,-9.001442966585337,-20.866721824422765,-9.293715566337625,4.694500254914855,-0.0656474799875399,-0.0020939128095569044,-0.027459579308634855,-0.053206581880418255,-8.9,-0.10144296658533669
XZ,243,-8.670285507921976,-20.456466014646928,-8.968118503578067,4.742786813529738,-0.0689292557513265,-0.0031341375354314266,-0.030369097329113658,-0.05917632139955454,-8.6,-0.07028550792197663
XZ,244,-8.346436823927263,-20.00571141665985,-8.653420751484225,4.821535484130638,-0.0723794497332927,-0.004183666829350563,-0.03334087165356669,-0.06552153696229464,-8.3,-0.04643682392726234
XZ,245,-8.030119170833581,-19.538475096871732,-8.348365854880425,4.917290977884494,-0.07600042613764545,-0.005241355826834116,-0.03635734689401532,-0.07224624049115759,-8.0,-0.030119170833581066
XZ,246,-7.72144699416666,-19.071909186937404,-8.051936585923595,5.020006895974004,-0.07979447463935488,-0.006305958176787673,-0.03940021909690941,-0.0793535549794887,-7.7,-0.021446994166660183
XZ,247,-7.420451363852601,-18.61733539382137,-7.7633190132454635,5.12249605470274,-0.08376379432906601,-0.007376180616884453,-0.04245050961242935,-0.08684565855590244,-7.4,-0.020451363852600934
XZ,248,-7.127099669041027,-18.181683604331266,-7.4818669311671115,5.219816076509765,-0.08791047438416576,-0.008450735010091305,-0.04548864241268579,-0.09472373072664352,-7.1,-0.027099669041027674
XZ,249,-6.841311395744106,-17.76880922157409,-7.207069618448384,5.308716447137431,-0.09223647181770149,-0.009528387544139228,-0.048494524861707536,-0.10298790105148022,-6.8,-0.04131139574410625
XZ,250,-6.562970700961114,-17.38052022032294,-6.938524122700247,5.387189031333392,-0.09674358664009927,-0.010608004910903293,-0.051447631846047504,-0.11163720056046349,-6.5,-0.06297070096111401
XZ,251,-6.291936386602973,-17.01731372356691,-6.675912251232474,5.454121986912251,-0.10143343475678329,-0.011688597366239362,-0.05432709310490823,-0.12066951625787754,-6.25,-0.041936386602973386
XZ,252,-6.028049774376863,-16.678878923898445,-6.418981925345337,5.5090411492900095,-0.10630741891908138,-0.012769358627904057,-0.057111783544457485,-0.13008154908879432,-6.0,-0.02804977437686329
XZ,253,-5.771140892787155,-16.364429703741557,-6.167532329700167,5.551919913572071,-0.11136669804667737,-0.013849702605027945,-0.05978041627701233,-0.13986877576529902,-5.75,-0.021140892787155252
XZ,254,-5.5210333105893525,-16.07291952185407,-5.921402232111045,5.583040672530424,-0.11661215524670526,-0.014929296971384556,-0.06231163808845514,-0.1500254148644489,-5.5,-0.02103331058935254
XZ,255,-5.277547886848023,-15.80317737932859,-5.680460880489381,5.60289427426312,-0.12204436486636594,-0.016008093600447533,-0.06468412700407221,-0.16054439761930936,-5.25,-0.027547886848022785
XZ,256,-5.040505654913028,-15.553991895013827,-5.444600954270934,5.612107246061502,-0.12766355893145329,-0.0170863558762602,-0.06687669159248381,-0.17141734382826157,-5.0,-0.040505654913028266
XZ,257,-4.809730014601089,-15.324161718965499,-5.213733130257507,5.611389223960374,-0.13346959334068514,-0.01816468288338404,-0.06886837161829137,-0.18263454330608675,-4.75,-0.05973001460108929
XZ,258,-4.585048372092922,-15.112524353040333,-4.987781903258326,5.601495084313822,-0.13946191420390786,-0.019244030464114235,-0.07063853962589206,-0.19418494329327526,-4.5,-0.08504837209292226
XZ,259,-4.366293339106553,-14.917971283825652,-4.766682373737089,5.583197790048629,-0.145639524729693,-0.02032572911396056,-0.07216700300925799,-0.20605614222711924,-4.25,-0.11629333910655326
XZ,260,-4.153303580536871,-14.739454571636909,-4.550377775646925,5.557269062722269,-0.1520009530828431,-0.021411498668942607,-0.07343410609522553,-0.21823439025933072,-4.0,-0.1533035805368712
XZ,261,-3.945924381891416,-14.575988227307226,-4.338817567760052,5.524465781446317,-0.1585442216443086,-0.02250345972218714,-0.07442083174106491,-0.23070459687982295,-3.75,-0.19592438189141603
XZ,262,-3.7440079936264823,-14.42664652625633,-4.131955952123901,5.485520577108814,-0.16526681811326255,-0.02360414169403314,-0.07510890192117985,-0.24345034597478035,-3.5,-0.2440079936264823
XZ,263,-3.5474137981668976,-14.290560640312995,-3.929750715210531,5.44113549884824,-0.17216566889327198,-0.024716487470410872,-0.0754808767530317,-0.2564539186088654,-3.25,-0.2974137981668976
XZ,264,-3.3560083363898197,-14.166914468315817,-3.732162312331098,5.391977925322039,-0.17923711520078753,-0.02584385451978548,-0.07552025138938115,-0.2696963237763632,-3.0,-0.35600833638981966
XZ,265,-3.16966522319379,-14.054940222453684,-3.5391531352953876,5.338678108543778,-0.18647689232391348,-0.02699001239995959,-0.07521155018344557,-0.2831573373144205,-2.75,-0.41966522319378985
XZ,266,-2.988264976079269,-13.95391411724664,-3.3506869182511485,5.281827895869321,-0.1938801124426576,-0.028159136573106723,-0.0745404175160683,-0.2968155491130227,-2.5,-0.488264976079269
XZ,267,-2.811694776130075,-13.863152371987734,-3.1667282480921575,5.221980292291618,-0.20144125139821725,-0.02935579846075624,-0.07349370466062767,-0.3106484186917434,-2.25,-0.561694776130075
XZ,268,-2.639848177168475,-13.78200764936231,-2.987242154547474,5.159649611944949,-0.20915413976846037,-0.03058495169017062,-0.07205955205250864,-0.3246323391426086,-2.0,-0.6398481771684752
XZ,269,-2.4726247759635713,-13.709865995820312,-2.81219376166894,5.09531203273557,-0.2170119585698081,-0.03185191450932715,-0.07022746632682993,-0.33874270936266215,-1.75,-0.7226247759635713
XZ,270,-2.3099298540552993,-13.646144312033822,-2.6415479874051053,5.029406417061274,-0.2250072398625789,-0.03316234837921159,-0.06798839149108463,-0.3529540144193282,-1.5,-0.8099298540552993
XZ,271,-2.1516739998904693,-13.59028835715456,-2.475269281663274,4.962335298813788,-0.233131872488037,-0.03452223278879282,-0.06533477360929688,-0.36723991380770676,-1.31,-0.8416739998904692
XZ,272,-1.9977727184602423,-13.541771273857783,-2.31332139601513,4.894465965275144,-0.2413771131112274,-0.0359378363788832,-0.06226061839191582,-0.38157333727253917,-1.12,-0.8777727184602422
XZ,273,-1.8481460344032243,-13.500092609288533,-2.1556671802189897,4.8261315842771175,-0.24973360268541323,-0.03741568450543132,-0.058761541111188295,-0.395926587779685,-0.93,-0.9181460344032243
XZ,274,-1.7027180935383546,-13.464777798022885,-2.002268402196518,4.757632343712673,-0.2581913883916206,-0.0389625234193719,-0.0548348082957013,-0.4102714511342162,-0.74,-0.9627180935383546
XZ,275,-1.5614167669657155,-13.435378065870939,-1.853085589142083,4.689236583306251,-0.266739951042142,-0.04058528128789379,-0.05047937070031926,-0.42457931165594265,-0.55,-1.0114167669657155
XZ,276,-1.424173261192159,-13.411470707080435,-1.7080778881744296,4.621181908346606,-0.27536823786991393,-0.04229102632965711,-0.04569588709874209,-0.4388212732395906,-0.36,-1.0641732611921588
XZ,277,-1.290921737165167,-13.392659681965037,-1.5672029454335266,4.553676282472368,-0.2840647005583185,-0.04408692238287078,-0.04048673850535988,-0.45296828504784054,-0.17,-1.120921737165167
XZ,278,-1.1615989406180902,-13.37857647710882,-1.4304168028523607,4.486899102057764,-0.2928173382983924,-0.045980182268955574,-0.0348560325003884,-0.4669912710121,0.02,-1.1815989406180902
XZ,279,-1.0361438457192462,-13.368881166219763,-1.2976738120337548,4.421002258605413,-0.3016137455943763,-0.04797801935460073,-0.028809597407098163,-0.4808612622499565,0.21,-1.2461438457192462
XZ,280,-0.9144973136680816,-13.363263606637876,-1.1689265647790579,4.356111198083672,-0.31044116447449405,-0.050087597750240964,-0.022354966151343268,-0.4945495314507591,0.4,-1.3144973136680815
XZ,281,-0.796601767577954,-13.361444704721482,-1.044125839869994,4.292325987547033,-0.31928654070321816,-0.05231598161238676,-0.015501349720709894,-0.5080277282334599,0.48,-1.276601767577954
XZ,282,-0.6824008847242197,-13.36317768314421,-0.9232205657223236,4.229722399803241,-0.32813658353490627,-0.05467008403986157,-0.008259600232267687,-0.5212680144440207,0.56,-1.2424008847242196
XZ,283,-0.5718393070055939,-13.368249284739699,-0.8061577985202164,4.168353026499659,-0.33697782849758084,-0.057156616069122555,-0.0006421637131749878,-0.5342431983353221,0.64,-1.211839307005594
XZ,284,-0.4648623702685216,-13.376480851133689,-0.6928827154198722,4.108248428907966,-0.3457967026504554,-0.05978203628108284,0.007336977204678561,-0.5469268665601605,0.72,-1.1848623702685215
XZ,285,-0.36141585296651724,-13.387729220043337,-0.5833386223794393,4.049418334025537,-0.35457959172092224,-0.0625525015305371,0.015662370376844013,-0.559293512909077,0.8,-1.1614158529665173
XZ,286,-0.26144574447244573,-13.401887392721923,-0.4774669761419972,3.9918528815230276,-0.36331290849605963,-0.06547381929958475,0.02431717062940563,-0.5713186627391409,0.88,-1.1414457444724457
XZ,287,-0.16489803322554217,-13.418884932406378,-0.3752074198666804,3.9355239246676743,-0.37198316182164154,-0.06855140215812268,0.03328322514240598,-0.5829789920673859,0.96,-1.124898033225542
XZ,288,-0.07171851477257421,-13.438688065399164,-0.2764978318722108,3.880386385802423,-0.38057702554807976,-0.07179022478799807,0.04254116715238397,-0.5942524403439738,1.04,-1.1117185147725743
XZ,289,0.018147380340708633,-13.461299468204047,-0.18127438693109305,3.826379664365523,-0.389081406758293,-0.07519478399295836,0.05207051730730797,-0.6051183159731752,1.12,-1.1018526196592915
XZ,290,0.1047547389692611,-13.486757736322264,-0.08947162952396547,3.773429092960762,-0.39748351261733633,-0.07876906207501569,0.061849791928320956,-0.6155573937166547,1.2,-1.0952452610307388
XZ,291,0.18815929828079841,-13.515136542423512,-0.001022558439823901,3.721447434710556,-0.405770915197653,-0.08251649390979547,0.0718566173618005,-0.6255520031896498,1.23,-1.0418407017192015
XZ,292,0.26841755947823237,-13.546543502985775,0.08414127792071724,3.6703364131763836,-0.413931613657128,-0.08643993800000056,0.0820678495431808,-0.6350861077479854,1.26,-0.9915824405217677
XZ,293,0.3455868826937156,-13.581118782697919,0.1660896762082464,3.6199882645607233,-0.42195409317911803,-0.0905416517281676,0.09245969784197963,-0.6441453731589155,1.29,-0.9444131173062844
XZ,294,0.41972556347649725,-13.619033474462674,0.24489366345535363,3.5702873007777436,-0.42982738012426,-0.09482327096899071,0.10300785221619027,-0.652717225551889,1.32,-0.9002744365235028
XZ,295,0.4908928913484265,-13.660487799443983,0.32062537381072687,3.521111471305864,-0.4375410928921384,-0.09928579415819914,0.11368761267411572,-0.6607908982535796,1.35,-0.8591071086515736
XZ,296,0.5591491909503145,-13.705709176063014,0.3933579174515831,3.472333911518212,-0.44508548804625053,-0.1039295708515406,0.12447402002354298,-0.6683574672243359,1.38,-0.8208508090496854
XZ,297,0.6245558463465954,-13.754950209153908,0.4631652424929369,3.423824465384543,-0.452451501317331,-0.10875429474423354,0.1353419868817723,-0.6754098749280795,1.41,-0.7854441536534045
XZ,298,0.6871753090976719,-13.808486650706211,0.5301219907608313,3.375451171011929,-0.4596307831667621,-0.1137590010602804,0.14626642792547145,-0.681942942583515,1.44,-0.7528246909023281
XZ,299,0.7470710907487217,-13.866615381972764,0.5943033483490903,3.3270816983685005,-0.46661572866256235,-0.1189420681632372,0.15722238837672456,-0.6879533708592351,1.47,-0.7229289092512783
XZ,300,0.8043077404218311,-13.929652463492012,0.6557848919357795,3.2785847296453348,-0.47339950149407334,-0.12430122318652874,0.16818516974998307,-0.6934397291875588,1.5,-0.6956922595781689
XZ,301,0.8589508082349577,-13.997931295114899,0.7146424318937538,3.2298312739804222,-0.4799760520265751,-0.12983355143347663,0.17913045192393337,-0.6984024339800196,1.49,-0.6310491917650423
XZ,302,0.9110667953073114,-14.071800922831073,0.7709518532895667,3.180695909615427,-0.48634012937264004,-0.13553550925559066,0.19003441065147728,-0.7028437161298241,1.48,-0.5689332046926886
XZ,303,0.9607230911463724,-14.151624523408326,0.8247889559232082,3.1310579479252003,-0.49248728753138915,-0.14140294008320234,0.20087382967926778,-0.7067675782823919,1.47,-0.5092769088536275
XZ,304,1.0079878992464246,-14.237778091981967,0.876229294616327,3.0808025150802747,-0.49841388571903283,-0.14743109325572254,0.21162620671456614,-0.7101797424425148,1.46,-0.45201210075357534
XZ,305,1.0529301517635175,-14.330649352041407,0.9253480210063886,3.0298215483398163,-0.5041170830826848,-0.15361464528027421,0.22226985255053927,-0.7130875885654043,1.45,-0.3970698482364825
XZ,306,1.0956194141649485,-14.430636902041616,0.9722197281449579,2.9780147050858767,-0.509594828053358,-0.15994772313697034,0.23278398274021117,-0.7155000848474841,1.44,-0.3443805858350515
XZ,307,1.1361257807848903,-14.538149608304105,1.0169182992287185,2.925290183684286,-0.5148458426522188,-0.16642392924715887,0.24314880129290165,-0.7174277104912828,1.43,-0.2938742192151096
XZ,308,1.1745197622483263,-14.653606250126447,1.0595167618069519,2.8715654560793458,-0.5198696021155615,-0.1730363677268644,0.25334557595408386,-0.7188823717660078,1.42,-0.2454802377516736
XZ,309,1.2108721657560981,-14.777435420173786,1.100087148809255,2.81676791270234,-0.5246663102480353,-0.17977767156130947,0.26335670471857336,-0.7198773122219546,1.41,-0.1991278342439018
XZ,310,1.245253969249064,-14.910075681341503,1.1387003677149239,2.760835420803636,-0.5292368709492753,-0.18664003035703366,0.27316577331685865,-0.7204270179417136,1.4,-0.15474603075093585
XZ,311,1.27773619049503,-15.051975980351752,1.175426079144474,2.70371679772323,-0.5335828563865113,-0.1936152183550191,0.2827576035039812,-0.7205471187256585,1.42,-0.14226380950496997
XZ,312,1.3083897521597008,-15.203596318398125,1.2103325860850074,2.6453722009054177,-0.5377064723039442,-0.2006946224204498,0.29211829206827944,-0.7202542861120893,1.44,-0.13161024784029918
XZ,313,1.3372853439393504,-15.365408680116175,1.2434867348697765,2.585773436671739,-0.5416105209691825,-0.2078692697612991,0.3012352405629288,-0.7195661291258201,1.46,-0.12271465606064957
XZ,314,1.3644932828411627,-15.537898224056777,1.27495382891213,2.5249041898979074,-0.545298362257729,-0.21512985516763997,0.3100971758450898,-0.718501088631898,1.48,-0.11550671715883731
XZ,315,1.3900833727006934,-15.721564740599685,1.304797556048197,2.462760176830481,-0.5487738733686153,-0.2224667676053979,0.31869416158507086,-0.71707833114556,1.5,-0.10991662729930662
XZ,316,1.4141247640218069,-15.916924386894687,1.3330799301701628,2.399349223333966,-0.5520414076485197,-0.22987011604083574,0.3270176009803882,-0.7153176429153421,1.52,-0.10587523597819315
XZ,317,1.4366858152122628,-16.124511712965553,1.359861247634644,2.334691270896169,-0.5551057529786338,-0.23732975441443213,0.33506023097613746,-0.7132393250545707,1.54,-0.10331418478773724
XZ,318,1.4578339562691793,-16.344881998560588,1.3852000587119695,2.26881831276249,-0.5579720901487945,-0.24483530572373155,0.3428161083536065,-0.7108640904487872,1.56,-0.10216604373082072
XZ,319,1.4776355559386536,-16.578613926838454,1.409153154103242,2.201774262606645,-0.5606459516082822,-0.2523761852132032,0.3502805881024978,-0.7082129631125976,1.58,-0.10236444406134648
XZ,320,1.4961557933378273,-16.82631262858158,1.4317755663011968,2.1336147582059195,-0.5631331809429475,-0.25994162270431304,0.3574502945387778,-0.7053071806117839,1.6,-0.10384420666217276
XZ,321,1.51345853497994,-17.088613139576438,1.4531205853085165,2.06440690266077,-0.565439893384969,-0.2675206841300473,0.3643230856696755,-0.7021681001044495,1.66,-0.14654146502005982
XZ,322,1.5296062180880985,-17.36618432431342,1.4732397879642753,1.9942289457905873,-0.5675724376160576,-0.27510229236440514,0.3708980113394338,-0.6988171084909061,1.72,-0.19039378191190148
XZ,323,1.5446597410183405,-17.659733331601043,1.4921830798683065,1.9231699084446179,-0.5695373590780958,-0.2826752474584166,0.37717526571433635,-0.6952755370958557,1.78,-0.23534025898165956
XZ,324,1.5586783615411692,-17.97001066248861,1.5099987486455724,1.851329152592689,-0.5713413649583531,-0.29022824640997225,0.38315613468359133,-0.6915645812399995,1.84,-0.28132163845883085
XZ,325,1.5717196036484193,-18.297815948676657,1.5267335270602844,1.7788159001943205,-0.5729912909702839,-0.29774990260461526,0.3888429387634502,-0.6877052249913611,1.9,-0.3282803963515806
XZ,326,1.5838391734659458,-18.64400456113477,1.5424326642852628,1.705748703985555,-0.5744940700070098,-0.30522876506906194,0.3942389720965805,-0.6837181713210378,1.96,-0.37616082653405414
XZ,327,1.5950908847584457,-19.009495194969197,1.5571400034587928,1.6322548734665967,-0.5758567027031819,-0.3126533376783688,0.3993484381368724,-0.6796237778240642,2.02,-0.4249091152415543
XZ,328,1.6055265944137411,-19.395278609051328,1.5708980635260268,1.5584698595135253,-0.5770862299031058,-0.320012098451812,0.40417638260238786,-0.675441998104224,2.08,-0.47447340558625895
XZ,329,1.615196148191229,-19.802427739327754,1.5837481232709536,1.4845366011685397,-0.5781897069992319,-0.32729351906244397,0.40872862426637,-0.6711923288627116,2.14,-0.5248038518087712
XZ,330,1.6241473369136914,-20.23210945548042,1.595730305400819,1.4106048382804914,-0.579174180076071,-0.3344860846710662,0.41301168413853817,-0.6668937626748361,2.2,-0.5758526630863088
XZ,331,1.6324258631751742,-20.68559829485553,1.606883658550831,1.3368303937737223,-0.5800466637701305,-0.3415783141779731,0.4170327135670972,-0.6625647463872167,2.28,-0.6475741368248256
XZ,332,1.6400753185311339,-21.16429258973381,1.6172462351338628,1.2633744294032296,-0.580814120737315,-0.3485587809660304,0.4207994217662907,-0.6582231450199197,2.36,-0.719924681468866
XZ,333,1.6471371710314575,-21.669733509917315,1.626855163066081,1.1904026789184072,-0.5814834426048274,-0.35541613418687545,0.4243200032455784,-0.6538862110144109,2.44,-0.7928628289685424
XZ,334,1.6536507628560408,-22.20362768043698,1.6357467095552003,1.1180846625981231,-0.5820614322755094,-0.3621391206191884,0.4276030655852421,-0.6495705586294092,2.52,-0.8663492371439592
XZ,335,1.6596533177128943,-22.767874215313725,1.6439563353347433,1.0465928871348829,-0.5825547874476387,-0.3687166071049601,0.43065755796991584,-0.6452921432517343,2.6,-0.9403466822871058
XZ,336,1.665179957567777,-23.364597248666193,1.651518737965939,0.9761020348432404,-0.5829700852132002,-0.3751376035465876,0.43349270085673536,-0.6410662453598501,2.68,-1.0148200424322231
XZ,337,1.6702637281873605,-23.996185366948385,1.6584678830962327,0.9067881461383869,-0.5833137676011566,-0.38139128642575265,0.4361179171191655,-0.6369074588521133,2.76,-1.0897362718126393
XZ,338,1.6749356328994787,-24.665339783643574,1.664837022855832,0.8388277991861727,-0.5835921279393866,-0.387467022784193,0.438542764971346,-0.6328296834311156,2.84,-1.1650643671005212
XZ,339,1.6792246739036385,-25.375133698793263,1.6706587008815366,0.7723972905596306,-0.5838112979189972,-0.3933543945876598,0.44077687294178297,-0.6288461207189343,2.92,-1.2407753260963614
XZ,340,1.6831579004041193,-26.12908612237377,1.6759647437723544,0.7076718206568358,-0.5839772352571279,-0.39904322337765874,0.44282987712970007,-0.6249692737659519,3.0,-1.3168420995958807
XZ,341,1.6867604627851653,-26.93125462202419,1.6807862390936725,0.6448246875405903,-0.5840957118684292,-0.4045235951010613,0.44471136094261005,-0.6212109496075264,3.05,-1.3632395372148345
XZ,342,1.6900556720067874,-27.786353150634838,1.6851535003509284,0.5840264927529085,-0.5841723024709687,-0.40978588499600815,0.44643079748044245,-0.6175822645183884,3.1,-1.4099443279932127
XZ,343,1.6930650633665834,-28.699903583357596,1.6890960196383058,0.5254443625431835,-0.5842123735681778,-0.4148207824032061,0.4479974946997791,-0.6140936516135589,3.15,-1.4569349366334166
XZ,344,1.6958084637512327,-29.678433274363023,1.692642408929441,0.46924118782423685,-0.5842210727647749,-0.4196193153652137,0.4494205434620075,-0.6107548704468354,3.2,-1.5041915362487674
XZ,345,1.6983040614889764,-30.729736536659978,1.6958203312083766,0.41557488604118453,-0.5842033183906216,-0.4241728748721851,0.45070876854156994,-0.6075750182630911,3.25,-1.5516959385110236
XZ,346,1.7005684779114625,-31.86322664971791,1.698656422835547,0.3645976880055781,-0.5841637894215372,-0.42847323861096215,0.45187068264527797,-0.6045625425685713,3.3,-1.5994315220885373
XZ,347,1.702616839738993,-33.090418900374004,1.7011762087024762,0.31645545260927893,-0.5841069157003473,-0.43251259407489684,0.4529144434709585,-0.6017252546933953,3.35,-1.6473831602610072
XZ,348,1.7044628514189306,-34.42560804418402,1.703404011849789,0.27128701219761886,-0.5840368684742214,-0.43628356089445636,0.4538478138137215,-0.5990703440331366,3.4,-1.6955371485810693
XZ,349,1.7061188665693239,-35.88684254889186,1.7053628593032613,0.2292235512473927,-0.5839575512755638,-0.43977921225295447,0.4546781247108651,-0.596604392670407,3.45,-1.7438811334306763
XZ,350,1.7075959577100743,-37.49736703407499,1.7070743859241966,0.19038802087535087,-0.5838725911830649,-0.4429930952575812,0.45541224160191723,-0.5943333900933079,3.5,-1.7924040422899257
XZ,351,1.7089039835010071,-39.28783241633576,1.7085587380750435,0.1548945916094694,-0.5837853305071424,-0.4459192501431529,0.4560565334686436,-0.5922627477446355,3.53,-1.8210960164989927
XZ,352,1.7100516527498735,-41.2998241712761,1.7098344788713324,0.12284814685127282,-0.5836988189494876,-0.44855222819406326,0.4566168449109593,-0.5903973131544021,3.56,-1.8499483472501266
XZ,353,1.7110465845007847,-43.591783841692695,1.7109184967283153,0.09434381967022148,-0.583615806290083,-0.45088710827880235,0.45709847110818425,-0.5887413834272703,3.59,-1.8789534154992151
XZ,354,1.7118953635677367,-46.24958851050829,1.7118259188213614,0.06946657647145649,-0.5835387356566495,-0.452919511901068,0.45750613561159764,-0.5872987178767414,3.62,-1.9081046364322634
XZ,355,1.7126035909345605,-49.40704062364367,1.712570030964258,0.04829085431348826,-0.5834697374312693,-0.45464561668131614,0.4578439709127424,-0.5860725496185932,3.65,-1.9373964090654394
XZ,356,1.7131759285034311,-53.290110802778514,1.7131622052739945,0.03088027147592738,-0.5834106238470551,-0.4560621681926339,0.4581155017327968,-0.5850655959573235,3.68,-1.966824071496569
XZ,357,1.713616137738718,-58.32863604943887,1.713611836839088,0.01728749436987582,-0.5833628843241463,-0.457166490085348,0.4583236309814577,-0.5842800674210019,3.71,-1.996383862261282
XZ,358,1.7139271118170665,-65.51848979459541,1.71392629043983,0.0075548096390470835,-0.5833276815890462,-0.4579564924447375,0.4584706283383137,-0.5837176753216508,3.74,-2.0260728881829335
XZ,359,1.7141109009653035,-78.35219922441016,1.7141108581939188,0.0017239664108209313,-0.5833058486155072,-0.45843067833681256,0.45855812141621904,-0.5833796377405795,3.77,-2.0558890990346965
