project_file,antenna,configuration,victim_band,f_low_ghz,f_center_ghz,f_high_ghz,spacecraft_geometry,port_status,monitor_status,solver_status,expected_output_directory,installation_identity,source_project,missing_input,saved_solver,solver_selection_policy,dataset_ids,analysis_role
cst/projects/closed_network/kaa/RFC_KAA_FEED_ONLY_STM.cst,KAA,FEED_ONLY,STM,2.2,2.25,2.3,NONE,VERIFIED_4_RIGID_PORTS,VERIFIED_3_EDGE_CENTER,READY_NOT_SOLVED,data/closed_network_patterns/KAA_FEED_ONLY_STM,,cst/projects/KA_FEED_C_OEWG.cst,,HF Time Domain,TD_FD_WITH_RESOURCE_REVIEW,KAA_FEED_ONLY_STM,PRIMARY_PATTERN
cst/projects/closed_network/kaa/RFC_KAA_WITH_REFLECTOR_STM.cst,KAA,FEED_WITH_REFLECTOR,STM,2.2,2.25,2.3,NONE,VERIFIED_4_RIGID_PORTS,VERIFIED_3_EDGE_CENTER,READY_NOT_SOLVED,data/closed_network_patterns/KAA_WITH_REFLECTOR_STM,,cst/projects/closed_network/kaa/KARMA7_FG_REFLECTOR_SURROGATE_BASE.cst,,HF Time Domain,TD_FD_WITH_RESOURCE_REVIEW,KAA_WITH_REFLECTOR_STM,PRIMARY_PATTERN
cst/projects/closed_network/kaa/RFC_KAA_FEED_ONLY_L1.cst,KAA,FEED_ONLY,L1,1.563,1.57542,1.588,NONE,VERIFIED_4_RIGID_PORTS,VERIFIED_3_EDGE_CENTER,READY_NOT_SOLVED,data/closed_network_patterns/KAA_FEED_ONLY_L1,,cst/projects/KA_FEED_C_OEWG.cst,,HF Time Domain,TD_FD_WITH_RESOURCE_REVIEW,KAA_FEED_ONLY_L1,PRIMARY_PATTERN
cst/projects/closed_network/kaa/RFC_KAA_WITH_REFLECTOR_L1.cst,KAA,FEED_WITH_REFLECTOR,L1,1.563,1.57542,1.588,NONE,VERIFIED_4_RIGID_PORTS,VERIFIED_3_EDGE_CENTER,READY_NOT_SOLVED,data/closed_network_patterns/KAA_WITH_REFLECTOR_L1,,cst/projects/closed_network/kaa/KARMA7_FG_REFLECTOR_SURROGATE_BASE.cst,,HF Time Domain,TD_FD_WITH_RESOURCE_REVIEW,KAA_WITH_REFLECTOR_L1,PRIMARY_PATTERN
cst/projects/closed_network/kaa/RFC_KAA_FEED_ONLY_SAR.cst,KAA,FEED_ONLY,SAR,8.9,9.65,10.4,NONE,VERIFIED_4_RIGID_PORTS,VERIFIED_3_EDGE_CENTER,READY_NOT_SOLVED,data/closed_network_patterns/KAA_FEED_ONLY_SAR,,cst/projects/KA_FEED_C_OEWG.cst,,HF Time Domain,TD_FD_WITH_RESOURCE_REVIEW,KAA_FEED_ONLY_SAR,PRIMARY_PATTERN
cst/projects/closed_network/kaa/RFC_KAA_WITH_REFLECTOR_SAR.cst,KAA,FEED_WITH_REFLECTOR,SAR,8.9,9.65,10.4,NONE,VERIFIED_4_RIGID_PORTS,VERIFIED_3_EDGE_CENTER,READY_NOT_SOLVED,data/closed_network_patterns/KAA_WITH_REFLECTOR_SAR,,cst/projects/closed_network/kaa/KARMA7_FG_REFLECTOR_SURROGATE_BASE.cst,,HF Time Domain,TD_FD_WITH_RESOURCE_REVIEW,KAA_WITH_REFLECTOR_SAR,PRIMARY_PATTERN
cst/projects/closed_network/kaa/RFC_KAA_FEED_ONLY_ISL.cst,KAA,FEED_ONLY,ISL,10.55,10.6,10.65,NONE,VERIFIED_4_RIGID_PORTS,VERIFIED_3_EDGE_CENTER,READY_NOT_SOLVED,data/closed_network_patterns/KAA_FEED_ONLY_ISL,,cst/projects/KA_FEED_C_OEWG.cst,,HF Time Domain,TD_FD_WITH_RESOURCE_REVIEW,KAA_FEED_ONLY_ISL,PRIMARY_PATTERN
cst/projects/closed_network/kaa/RFC_KAA_WITH_REFLECTOR_ISL.cst,KAA,FEED_WITH_REFLECTOR,ISL,10.55,10.6,10.65,NONE,VERIFIED_4_RIGID_PORTS,VERIFIED_3_EDGE_CENTER,READY_NOT_SOLVED,data/closed_network_patterns/KAA_WITH_REFLECTOR_ISL,,cst/projects/closed_network/kaa/KARMA7_FG_REFLECTOR_SURROGATE_BASE.cst,,HF Time Domain,TD_FD_WITH_RESOURCE_REVIEW,KAA_WITH_REFLECTOR_ISL,PRIMARY_PATTERN
cst/projects/closed_network/sba/RFC_SBA_TM_ORIGINAL.cst,SBA,ORIGINAL,STM,2.2,2.25,2.3,NONE,VERIFIED_4_RIGID_PORTS,VERIFIED_3_EDGE_CENTER,READY_NOT_SOLVED,data/closed_network_patterns/SBA_TM_ORIGINAL,,cst/projects/SBAND_MATCHING_WIRE15.cst,,HF Time Domain,TD_FD_WITH_RESOURCE_REVIEW,SBA_TM_ORIGINAL,REFERENCE_ONLY
cst/projects/closed_network/sba/RFC_INSTALLED_SBA_TM_NADIR.cst,SBA,INSTALLED,STM,2.2,2.25,2.3,FULL_SSOT_BUS_HULL_8_PANELS,VERIFIED_4_RIGID_PORTS,VERIFIED_3_EDGE_CENTER,READY_NOT_SOLVED,data/closed_network_patterns/INSTALLED_SBA_TM_NADIR,SBA_NADIR,cst/projects/SBAND_MATCHING_WIRE15.cst,,HF Time Domain,IE_MLFMM_OR_HYBRID_FIRST,INSTALLED_SBA_TM_NADIR,PRIMARY_PATTERN
cst/projects/closed_network/sba/RFC_INSTALLED_SBA_TM_ZENITH.cst,SBA,INSTALLED,STM,2.2,2.25,2.3,FULL_SSOT_BUS_HULL_8_PANELS,VERIFIED_4_RIGID_PORTS,VERIFIED_3_EDGE_CENTER,READY_NOT_SOLVED,data/closed_network_patterns/INSTALLED_SBA_TM_ZENITH,SBA_ZENITH,cst/projects/SBAND_MATCHING_WIRE15.cst,,HF Time Domain,IE_MLFMM_OR_HYBRID_FIRST,INSTALLED_SBA_TM_ZENITH,PRIMARY_PATTERN
cst/projects/closed_network/gps/RFC_GPS_L1_ORIGINAL.cst,GPS,ORIGINAL,L1,1.563,1.57542,1.588,NONE,VERIFIED_4_RIGID_PORTS,VERIFIED_3_EDGE_CENTER,READY_NOT_SOLVED,data/closed_network_patterns/GPS_L1_ORIGINAL,,cst/projects/LBAND_GNSS_FINAL_COMPROMISE.cst,,HF Time Domain,TD_FD_WITH_RESOURCE_REVIEW,GPS_L1_ORIGINAL,REFERENCE_ONLY
cst/projects/closed_network/gps/RFC_INSTALLED_GPS_L1_GPSA1.cst,GPS,INSTALLED,L1,1.563,1.57542,1.588,FULL_SSOT_BUS_HULL_8_PANELS,VERIFIED_4_RIGID_PORTS,VERIFIED_3_EDGE_CENTER,READY_NOT_SOLVED,data/closed_network_patterns/INSTALLED_GPS_L1_GPSA1,GPSA_1,cst/projects/LBAND_GNSS_FINAL_COMPROMISE.cst,,HF Time Domain,IE_MLFMM_OR_HYBRID_FIRST,INSTALLED_GPS_L1_GPSA1,PRIMARY_PATTERN
cst/projects/closed_network/gps/RFC_INSTALLED_GPS_L1_GPSA2.cst,GPS,INSTALLED,L1,1.563,1.57542,1.588,FULL_SSOT_BUS_HULL_8_PANELS,VERIFIED_4_RIGID_PORTS,VERIFIED_3_EDGE_CENTER,READY_NOT_SOLVED,data/closed_network_patterns/INSTALLED_GPS_L1_GPSA2,GPSA_2,cst/projects/LBAND_GNSS_FINAL_COMPROMISE.cst,,HF Time Domain,IE_MLFMM_OR_HYBRID_FIRST,INSTALLED_GPS_L1_GPSA2,PRIMARY_PATTERN
cst/projects/closed_network/isl/RFC_ISL_ORIGINAL.cst,ISL,ORIGINAL,ISL,10.55,10.6,10.65,NONE,VERIFIED_4_RIGID_PORTS,VERIFIED_3_EDGE_CENTER,READY_NOT_SOLVED,data/closed_network_patterns/ISL_ORIGINAL,,cst/projects/ISL_C4_CUP_R14P7.cst,,HF Time Domain,TD_FD_WITH_RESOURCE_REVIEW,ISL_ORIGINAL,REFERENCE_ONLY
cst/projects/closed_network/isl/RFC_INSTALLED_ISL_RX.cst,ISL,INSTALLED,ISL,10.55,10.6,10.65,FULL_SSOT_BUS_HULL_8_PANELS,VERIFIED_4_RIGID_PORTS,VERIFIED_3_EDGE_CENTER,READY_NOT_SOLVED,data/closed_network_patterns/INSTALLED_ISL_RX,ISL,cst/projects/ISL_C4_CUP_R14P7.cst,,HF Time Domain,IE_MLFMM_OR_HYBRID_FIRST,INSTALLED_ISL_RX,PRIMARY_PATTERN
cst/projects/closed_network/isl/RFC_ISL_TX_ORIGINAL_SAR.cst,ISL,ATTACKER_INSTALLED,SAR,8.9,9.65,10.4,FULL_SSOT_BUS_HULL_8_PANELS,VERIFIED_4_RIGID_PORTS,VERIFIED_3_EDGE_CENTER,READY_NOT_SOLVED,data/closed_network_patterns/INSTALLED_ISL_TX_SAR,ISL,cst/projects/ISL_C4_CUP_R14P7.cst,,HF Time Domain,IE_MLFMM_OR_HYBRID_FIRST,INSTALLED_ISL_TX_SAR,PRIMARY_PATTERN
cst/projects/closed_network/isl/RFC_ISL_TX_ORIGINAL_STM.cst,ISL,ATTACKER_INSTALLED,STM,2.2,2.25,2.3,FULL_SSOT_BUS_HULL_8_PANELS,VERIFIED_4_RIGID_PORTS,VERIFIED_3_EDGE_CENTER,READY_NOT_SOLVED,data/closed_network_patterns/INSTALLED_ISL_TX_STM,ISL,cst/projects/ISL_C4_CUP_R14P7.cst,,HF Time Domain,IE_MLFMM_OR_HYBRID_FIRST,INSTALLED_ISL_TX_STM,PRIMARY_PATTERN
cst/projects/closed_network/isl/RFC_ISL_TX_ORIGINAL_L1.cst,ISL,ATTACKER_INSTALLED,L1,1.563,1.57542,1.588,FULL_SSOT_BUS_HULL_8_PANELS,VERIFIED_4_RIGID_PORTS,VERIFIED_3_EDGE_CENTER,READY_NOT_SOLVED,data/closed_network_patterns/INSTALLED_ISL_TX_L1,ISL,cst/projects/ISL_C4_CUP_R14P7.cst,,HF Time Domain,IE_MLFMM_OR_HYBRID_FIRST,INSTALLED_ISL_TX_L1,PRIMARY_PATTERN
cst/projects/closed_network/sba/RFC_SBA_TC_ORIGINAL_ISL.cst,SBA,ATTACKER_INSTALLED,ISL,10.55,10.6,10.65,FULL_SSOT_BUS_HULL_8_PANELS,VERIFIED_8_RIGID_PORTS,VERIFIED_3_EDGE_CENTER,READY_NOT_SOLVED,data/closed_network_patterns/INSTALLED_SBA_TC_ISL_NADIR;data/closed_network_patterns/INSTALLED_SBA_TC_ISL_ZENITH,SBA_NADIR;SBA_ZENITH,cst/projects/SBAND_MATCHING_WIRE15.cst,,HF Time Domain,IE_MLFMM_OR_HYBRID_FIRST,INSTALLED_SBA_TC_ISL_NADIR;INSTALLED_SBA_TC_ISL_ZENITH,PRIMARY_PATTERN
cst/projects/closed_network/sba/RFC_SBA_TC_ORIGINAL_SAR.cst,SBA,ATTACKER_INSTALLED,SAR,8.9,9.65,10.4,FULL_SSOT_BUS_HULL_8_PANELS,VERIFIED_8_RIGID_PORTS,VERIFIED_3_EDGE_CENTER,READY_NOT_SOLVED,data/closed_network_patterns/INSTALLED_SBA_TC_SAR_NADIR;data/closed_network_patterns/INSTALLED_SBA_TC_SAR_ZENITH,SBA_NADIR;SBA_ZENITH,cst/projects/SBAND_MATCHING_WIRE15.cst,,HF Time Domain,IE_MLFMM_OR_HYBRID_FIRST,INSTALLED_SBA_TC_SAR_NADIR;INSTALLED_SBA_TC_SAR_ZENITH,PRIMARY_PATTERN
cst/projects/closed_network/sba/RFC_SBA_TC_ORIGINAL_L1.cst,SBA,ATTACKER_INSTALLED,L1,1.563,1.57542,1.588,FULL_SSOT_BUS_HULL_8_PANELS,VERIFIED_8_RIGID_PORTS,VERIFIED_3_EDGE_CENTER,READY_NOT_SOLVED,data/closed_network_patterns/INSTALLED_SBA_TC_L1_NADIR;data/closed_network_patterns/INSTALLED_SBA_TC_L1_ZENITH,SBA_NADIR;SBA_ZENITH,cst/projects/SBAND_MATCHING_WIRE15.cst,,HF Time Domain,IE_MLFMM_OR_HYBRID_FIRST,INSTALLED_SBA_TC_L1_NADIR;INSTALLED_SBA_TC_L1_ZENITH,PRIMARY_PATTERN
