pair_id,pair,configurations,tx_pattern_inputs,rx_pattern_inputs,input_plan_ready,numeric_execution_after_cst_exports,actual_cst_results_available,sar_installed_comparison
1,KAA -> SBA_TM,16,KAA_FEED_ONLY_STM;KAA_WITH_REFLECTOR_STM,INSTALLED_SBA_TM_NADIR;INSTALLED_SBA_TM_ZENITH;SBA_TM_ORIGINAL,True,True,False,ORIGINAL_INSTALLED
2,KAA -> L1,16,KAA_FEED_ONLY_L1;KAA_WITH_REFLECTOR_L1,GPS_L1_ORIGINAL;INSTALLED_GPS_L1_GPSA1;INSTALLED_GPS_L1_GPSA2,True,True,False,ORIGINAL_INSTALLED
3,KAA -> SAR,4,KAA_FEED_ONLY_SAR;KAA_WITH_REFLECTOR_SAR,SAR_ENGINEERING_RECEIVE_BASELINE,True,True,False,N_A_ENGINEERING_BASELINE_ONLY
4,KAA -> ISL_RX,8,KAA_FEED_ONLY_ISL;KAA_WITH_REFLECTOR_ISL,INSTALLED_ISL_RX;ISL_ORIGINAL,True,True,False,ORIGINAL_INSTALLED
5,ISL_TX -> SAR,1,ISL_TX_ORIGINAL_SAR,SAR_ENGINEERING_RECEIVE_BASELINE,True,True,False,N_A_ENGINEERING_BASELINE_ONLY
6,ISL_TX -> SBA_TM,4,ISL_TX_ORIGINAL_STM,INSTALLED_SBA_TM_NADIR;INSTALLED_SBA_TM_ZENITH;SBA_TM_ORIGINAL,True,True,False,ORIGINAL_INSTALLED
7,ISL_TX -> L1,4,ISL_TX_ORIGINAL_L1,GPS_L1_ORIGINAL;INSTALLED_GPS_L1_GPSA1;INSTALLED_GPS_L1_GPSA2,True,True,False,ORIGINAL_INSTALLED
8,SBA_TC -> ISL_RX,4,SBA_TC_ORIGINAL_ISL,INSTALLED_ISL_RX;ISL_ORIGINAL,True,True,False,ORIGINAL_INSTALLED
9,SBA_TC -> SAR,2,SBA_TC_ORIGINAL_SAR,SAR_ENGINEERING_RECEIVE_BASELINE,True,True,False,N_A_ENGINEERING_BASELINE_ONLY
10,SBA_TC -> L1,8,SBA_TC_ORIGINAL_L1,GPS_L1_ORIGINAL;INSTALLED_GPS_L1_GPSA1;INSTALLED_GPS_L1_GPSA2,True,True,False,ORIGINAL_INSTALLED
