antenna_id,radius_m,structure_id,assigned_panel,cropped,full_area_m2,cropped_area_m2,support_plane_signed_distance_m,min_distance_to_facet_m,min_distance_to_edge_m
SBA_NADIR,0.250,PANEL_1,0,1,9.398258,0.034536,0.230000,0.245838,0.245838
SBA_NADIR,0.250,PANEL_6,1,1,3.614715,0.047110,0.190181,0.245838,0.245838
SBA_NADIR,0.350,PANEL_1,0,1,9.398258,0.111648,0.230000,0.245838,0.245838
SBA_NADIR,0.350,PANEL_6,1,1,3.614715,0.117503,0.190181,0.245838,0.245838
SBA_NADIR,0.350,PANEL_8,0,1,2.854053,0.038413,-0.255000,0.354205,0.354205
SBA_NADIR,0.500,PANEL_1,0,1,9.398258,0.270100,0.230000,0.245838,0.245838
SBA_NADIR,0.500,PANEL_6,1,1,3.614715,0.259886,0.190181,0.245838,0.245838
SBA_NADIR,0.500,PANEL_8,0,1,2.854053,0.134355,-0.255000,0.354205,0.354205
SBA_ZENITH,0.250,PANEL_3,0,1,9.398258,0.050957,0.278993,0.280173,0.280173
SBA_ZENITH,0.250,PANEL_4,1,1,3.614715,0.010613,0.161739,0.280173,0.280173
SBA_ZENITH,0.350,PANEL_3,0,1,9.398258,0.131518,0.278993,0.280173,0.280173
SBA_ZENITH,0.350,PANEL_4,1,1,3.614715,0.073342,0.161739,0.280173,0.280173
SBA_ZENITH,0.350,PANEL_8,0,1,2.854053,0.033053,-0.255000,0.378843,0.378843
SBA_ZENITH,0.500,PANEL_3,0,1,9.398258,0.294895,0.278993,0.280173,0.280173
SBA_ZENITH,0.500,PANEL_4,1,1,3.614715,0.204776,0.161739,0.280173,0.280173
SBA_ZENITH,0.500,PANEL_8,0,1,2.854053,0.124776,-0.255000,0.378843,0.378843
GPSA_1,0.250,PANEL_3,1,1,9.398258,0.022093,0.076997,0.219746,0.219746
GPSA_1,0.250,PANEL_4,0,1,3.614715,0.099883,0.216739,0.216739,0.219746
GPSA_1,0.350,PANEL_3,1,1,9.398258,0.100930,0.076997,0.219746,0.219746
GPSA_1,0.350,PANEL_4,0,1,3.614715,0.220666,0.216739,0.216739,0.219746
GPSA_1,0.500,PANEL_3,1,1,9.398258,0.294185,0.076997,0.219746,0.219746
GPSA_1,0.500,PANEL_4,0,1,3.614715,0.488442,0.216739,0.216739,0.219746
GPSA_2,0.250,PANEL_3,1,1,9.398258,0.022093,0.076997,0.219746,0.219746
GPSA_2,0.250,PANEL_4,0,1,3.614715,0.099883,0.216739,0.216739,0.219746
GPSA_2,0.350,PANEL_3,1,1,9.398258,0.100930,0.076997,0.219746,0.219746
GPSA_2,0.350,PANEL_4,0,1,3.614715,0.220666,0.216739,0.216739,0.219746
GPSA_2,0.500,PANEL_3,1,1,9.398258,0.294185,0.076997,0.219746,0.219746
GPSA_2,0.500,PANEL_4,0,1,3.614715,0.488442,0.216739,0.216739,0.219746
