frequency,S11_re,S11_im
7.59999990463257,0.409584492444992,0.483443826436996
7.60080003738403,0.409361600875854,0.483137518167496
7.6016001701355,0.409137755632401,0.482831835746765
7.6023998260498,0.408913046121597,0.48252671957016
7.60319995880127,0.408687323331833,0.482222348451614
7.60400009155273,0.408461093902588,0.481918573379517
7.6048002243042,0.408233761787415,0.481615483760834
7.60559988021851,0.408005714416504,0.481312990188599
7.60640001296997,0.407776802778244,0.481011062860489
7.60720014572144,0.407546937465668,0.480709910392761
7.60799980163574,0.407316297292709,0.480409324169159
7.60879993438721,0.407084852457047,0.480109453201294
7.60960006713867,0.406852602958679,0.479810237884521
7.61040019989014,0.406619340181351,0.479511737823486
7.61119985580444,0.406385391950607,0.479213833808899
7.61199998855591,0.406150579452515,0.478916585445404
7.61280012130737,0.405914843082428,0.478620111942291
7.61359977722168,0.405678391456604,0.478324264287949
7.61439990997314,0.405441015958786,0.478029072284698
7.61520004272461,0.405202805995941,0.477734595537186
7.61600017547607,0.404963940382004,0.477440774440765
7.61679983139038,0.40472400188446,0.477147698402405
7.61759996414185,0.404483377933502,0.476855307817459
7.61840009689331,0.404241859912872,0.476563543081284
7.61920022964478,0.403999626636505,0.47627255320549
7.61999988555908,0.403756499290466,0.475982248783112
7.62080001831055,0.403512448072433,0.475692629814148
7.62160015106201,0.403267741203308,0.475403755903244
7.62239980697632,0.403022170066833,0.475115656852722
7.62319993972778,0.402775645256042,0.474828153848648
7.62400007247925,0.402528464794159,0.474541455507278
7.62480020523071,0.402280449867249,0.474255472421646
7.62559986114502,0.402031540870667,0.473970234394073
7.62639999389648,0.401781857013702,0.473685711622238
7.62720012664795,0.401531368494034,0.473401874303818
7.62799978256226,0.401280075311661,0.473118841648102
7.62879991531372,0.401028037071228,0.472836524248123
7.62960004806519,0.400775104761124,0.472554951906204
7.63040018081665,0.400521397590637,0.472274094820023
7.63119983673096,0.400266885757446,0.471994042396545
7.63199996948242,0.400011628866196,0.47171476483345
7.63280010223389,0.399755507707596,0.47143617272377
7.63360023498535,0.399498552083969,0.471158385276794
7.63439989089966,0.399240881204605,0.470881372690201
7.63520002365112,0.398982375860214,0.470605075359344
7.63600015640259,0.398723155260086,0.470329612493515
7.63679981231689,0.398463100194931,0.470054924488068
7.63759994506836,0.398202210664749,0.46978098154068
7.63840007781982,0.397940516471863,0.469507843255997
7.63920021057129,0.397678107023239,0.469235479831696
7.6399998664856,0.397414892911911,0.468963891267776
7.64079999923706,0.397150874137878,0.468693137168884
7.64160013198853,0.396886080503464,0.468423157930374
7.64239978790283,0.396620452404022,0.468153923749924
7.6431999206543,0.396354138851166,0.467885553836823
7.64400005340576,0.396087050437927,0.467617988586426
7.64480018615723,0.395819157361984,0.467351198196411
7.64559984207153,0.395550519227982,0.467085272073746
7.646399974823,0.395281046628952,0.466820120811462
7.64720010757446,0.395010858774185,0.466555804014206
7.64799976348877,0.394739866256714,0.466292262077332
7.64879989624023,0.39446809887886,0.466029614210129
7.6496000289917,0.394195735454559,0.46576777100563
7.65040016174316,0.393922507762909,0.465506762266159
7.65119981765747,0.393648445606232,0.465246617794037
7.65199995040894,0.39337369799614,0.464987248182297
7.6528000831604,0.393098175525665,0.464728772640228
7.65360021591187,0.392821907997131,0.464471131563187
7.65439987182617,0.39254492521286,0.464214354753494
7.65520000457764,0.392267197370529,0.463958382606506
7.6560001373291,0.391988635063171,0.463703334331512
7.65679979324341,0.391709476709366,0.463449060916901
7.65759992599487,0.391429454088211,0.463195711374283
7.65840005874634,0.391148746013641,0.462943196296692
7.6592001914978,0.39086726307869,0.462691575288773
7.65999984741211,0.390585005283356,0.46244078874588
7.66079998016357,0.390302062034607,0.462190955877304
7.66160011291504,0.390018492937088,0.46194189786911
7.66239976882935,0.389734029769897,0.461693793535233
7.66319990158081,0.389448940753937,0.461446523666382
7.66400003433228,0.389163047075272,0.461200356483459
7.66480016708374,0.388876467943192,0.46095484495163
7.66559982299805,0.38858950138092,0.460710048675537
7.66639995574951,0.388301402330399,0.460466474294662
7.66720008850098,0.388012617826462,0.460223764181137
7.66800022125244,0.387723177671432,0.459981918334961
7.66879987716675,0.387433081865311,0.459740936756134
7.66960000991821,0.387142091989517,0.459501028060913
7.67040014266968,0.386850655078888,0.459261834621429
7.67119979858398,0.386558622121811,0.459023505449295
7.67199993133545,0.386265486478806,0.458786368370056
7.67280006408691,0.385971903800964,0.458549946546555
7.67360019683838,0.385677486658096,0.458314627408981
7.67439985275269,0.385382413864136,0.458080142736435
7.67519998550415,0.385086953639984,0.457846343517303
7.67600011825562,0.384790450334549,0.457613825798035
7.67679977416992,0.384493499994278,0.457382023334503
7.67759990692139,0.384195506572723,0.45715144276619
7.67840003967285,0.3838971555233,0.456921547651291
7.67920017242432,0.383597761392593,0.456692963838577
7.67999982833862,0.38329815864563,0.456464916467667
7.68079996109009,0.382997751235962,0.45623791217804
7.68160009384155,0.382696360349655,0.456012189388275
7.68240022659302,0.382394522428513,0.455787152051926
7.68319988250732,0.382092148065567,0.455563068389893
7.68400001525879,0.381788969039917,0.455340057611465
7.68480014801025,0.381485402584076,0.455117732286453
7.68559980392456,0.381180882453918,0.454896688461304
7.68639993667603,0.380875766277313,0.454676538705826
7.68720006942749,0.380569875240326,0.454457521438599
7.68800020217896,0.38026362657547,0.454239219427109
7.68879985809326,0.379956394433975,0.454022198915482
7.68959999084473,0.379648834466934,0.453805893659592
7.69040012359619,0.379340291023254,0.453590899705887
7.6911997795105,0.379031449556351,0.453376621007919
7.69199991226196,0.378721833229065,0.453163415193558
7.69280004501343,0.378411650657654,0.452951192855835
7.69360017776489,0.378100991249084,0.452739894390106
7.6943998336792,0.377789348363876,0.45252987742424
7.69519996643066,0.377477198839188,0.452320724725723
7.69600009918213,0.377164512872696,0.452112585306168
7.69680023193359,0.376851111650467,0.451905488967896
7.6975998878479,0.37653723359108,0.451699435710907
7.69840002059937,0.376222550868988,0.451494365930557
7.69920015335083,0.375907450914383,0.451290369033813
7.69999980926514,0.375591576099396,0.451087355613708
7.7007999420166,0.375275284051895,0.450885385274887
7.70160007476807,0.374958336353302,0.450684458017349
7.70240020751953,0.374640733003616,0.450484573841095
7.70319986343384,0.374322652816772,0.450285822153091
7.7039999961853,0.374003887176514,0.450087994337082
7.70480012893677,0.373684585094452,0.449891239404678
7.70559978485107,0.373364686965942,0.449695587158203
7.70639991760254,0.373044162988663,0.449500977993011
7.707200050354,0.37272310256958,0.449307441711426
7.70800018310547,0.372401505708694,0.449114918708801
7.70879983901978,0.372079282999039,0.448923468589783
7.70959997177124,0.371756583452225,0.448733121156693
7.71040010452271,0.371433258056641,0.448543846607208
7.71120023727417,0.371109396219254,0.448355615139008
7.71199989318848,0.370784938335419,0.448168516159058
7.71280002593994,0.370459973812103,0.447982460260391
7.71360015869141,0.370134472846985,0.447797477245331
7.71439981460571,0.369808435440063,0.447613626718521
7.71519994735718,0.369481801986694,0.44743087887764
7.71600008010864,0.369154691696167,0.447249114513397
7.71680021286011,0.368826985359192,0.447068482637405
7.71759986877441,0.368498831987381,0.446889042854309
7.71840000152588,0.368170112371445,0.446710646152496
7.71920013427734,0.367840796709061,0.446533292531967
7.71999979019165,0.367511093616486,0.446357101202011
7.72079992294312,0.367180705070496,0.446182072162628
7.72160005569458,0.366849958896637,0.446008056402206
7.72240018844604,0.366518646478653,0.445835173130035
7.72319984436035,0.366186827421188,0.445663422346115
7.72399997711182,0.365854561328888,0.445492833852768
7.72480010986328,0.365521669387817,0.445323348045349
7.72559976577759,0.365188419818878,0.445154964923859
7.72639989852905,0.364854604005814,0.444987714290619
7.72720003128052,0.364520311355591,0.44482159614563
7.72800016403198,0.364185601472855,0.444656610488892
7.72879981994629,0.363850325345993,0.444492757320404
7.72959995269775,0.363514602184296,0.44433006644249
7.73040008544922,0.363178461790085,0.444168537855148
7.73120021820068,0.362841784954071,0.444008052349091
7.73199987411499,0.362504661083221,0.443848788738251
7.73280000686646,0.362167060375214,0.443690687417984
7.73360013961792,0.36182913184166,0.443533718585968
7.73439979553223,0.36149063706398,0.443377912044525
7.73519992828369,0.36115163564682,0.443223267793655
7.73600006103516,0.360812366008759,0.443069726228714
7.73680019378662,0.360472559928894,0.44291740655899
7.73759984970093,0.360132187604904,0.44276624917984
7.73839998245239,0.359791547060013,0.442616194486618
7.73920011520386,0.35945051908493,0.442467331886292
7.73999977111816,0.3591088950634,0.442319720983505
7.74079990386963,0.358767151832581,0.442173212766647
7.74160003662109,0.358424723148346,0.442027866840363
7.74240016937256,0.358081936836243,0.441883742809296
7.74319982528687,0.357738792896271,0.441740721464157
7.74399995803833,0.35739529132843,0.441599011421204
7.74480009078979,0.357051283121109,0.441458404064178
7.74560022354126,0.356706827878952,0.441319018602371
7.74639987945557,0.356362104415894,0.441180825233459
7.74720001220703,0.356016933917999,0.441043794155121
7.7480001449585,0.355671405792236,0.440907955169678
7.7487998008728,0.355325520038605,0.44077330827713
7.74959993362427,0.354979306459427,0.440639823675156
7.75040006637573,0.354632675647736,0.440507650375366
7.7512001991272,0.354285687208176,0.440376579761505
7.7519998550415,0.35393825173378,0.440246790647507
7.75279998779297,0.353590577840805,0.440118163824081
7.75360012054443,0.353242486715317,0.439990758895874
7.75439977645874,0.352894097566605,0.439864546060562
7.75519990921021,0.352545350790024,0.439739555120468
7.75600004196167,0.352196216583252,0.439615815877914
7.75680017471313,0.351846814155579,0.439493268728256
7.75759983062744,0.351497054100037,0.439371913671494
7.75839996337891,0.351146876811981,0.439251840114594
7.75920009613037,0.350796550512314,0.439132958650589
7.76000022888184,0.350445777177811,0.439015299081802
7.76079988479614,0.350094735622406,0.438898831605911
7.76160001754761,0.349743396043777,0.438783645629883
7.76240015029907,0.34939181804657,0.438669711351395
7.76319980621338,0.349039882421494,0.438556909561157
7.76399993896484,0.348687618970871,0.438445419073105
7.76480007171631,0.348335087299347,0.438335120677948
7.76560020446777,0.347982227802277,0.438226103782654
7.76639986038208,0.34762915968895,0.4381183385849
7.76719999313354,0.347275853157043,0.438011825084686
7.76800012588501,0.346922218799591,0.437906503677368
7.76879978179932,0.346568375825882,0.437802404165268
7.76959991455078,0.346214175224304,0.437699645757675
7.77040004730225,0.34585976600647,0.437598079442978
7.77120018005371,0.345505088567734,0.437497764825821
7.77199983596802,0.345150202512741,0.437398731708527
7.77279996871948,0.344794988632202,0.437300890684128
7.77360010147095,0.344439655542374,0.437204301357269
7.77440023422241,0.344084024429321,0.437109053134918
7.77519989013672,0.343728214502335,0.437014997005463
7.77600002288818,0.343372076749802,0.43692222237587
7.77680015563965,0.343015819787979,0.436830699443817
7.77759981155396,0.342659264802933,0.436740428209305
7.77839994430542,0.342302590608597,0.436651438474655
7.77920007705688,0.341945588588715,0.436563730239868
7.78000020980835,0.34158843755722,0.436477243900299
7.78079986572266,0.341231226921082,0.436392039060593
7.78159999847412,0.340873718261719,0.436308115720749
7.78240013122559,0.340516000986099,0.43622550368309
7.78319978713989,0.340158045291901,0.436144113540649
7.78399991989136,0.339800029993057,0.436063975095749
7.78480005264282,0.33944183588028,0.435985147953033
7.78560018539429,0.339083403348923,0.435907602310181
7.78639984130859,0.338724911212921,0.435831278562546
7.78719997406006,0.338366121053696,0.435756266117096
7.78800010681152,0.338007301092148,0.435682564973831
7.78879976272583,0.337648332118988,0.435610085725784
7.78959989547729,0.337289094924927,0.435538917779922
7.79040002822876,0.336929827928543,0.435469031333923
7.79120016098022,0.336570501327515,0.435400456190109
7.79199981689453,0.336210966110229,0.435333132743835
7.792799949646,0.335851281881332,0.435267090797424
7.79360008239746,0.335491508245468,0.435202330350876
7.79440021514893,0.335131585597992,0.43513885140419
7.79519987106323,0.334771633148193,0.435076713562012
7.7960000038147,0.33441150188446,0.435015797615051
7.79680013656616,0.334051340818405,0.434956192970276
7.79759979248047,0.333691000938416,0.434897869825363
7.79839992523193,0.333330631256104,0.434840887784958
7.7992000579834,0.332970172166824,0.434785127639771
7.80000019073486,0.3326096534729,0.434730738401413
7.80079984664917,0.332249015569687,0.434677541255951
7.80159997940063,0.331888377666473,0.434625685214996
7.8024001121521,0.331527590751648,0.434575140476227
7.80319976806641,0.331166803836823,0.434525907039642
7.80399990081787,0.330806046724319,0.434477925300598
7.80480003356934,0.330445110797882,0.434431314468384
7.8056001663208,0.330084204673767,0.434385895729065
7.80639982223511,0.329723179340363,0.434341847896576
7.80719995498657,0.329362213611603,0.434299051761627
7.80800008773804,0.329001188278198,0.434257596731186
7.8088002204895,0.328640073537827,0.434217423200607
7.80959987640381,0.328279078006744,0.434178531169891
7.81040000915527,0.327917993068695,0.43414095044136
7.81120014190674,0.327556967735291,0.434104681015015
7.81199979782104,0.327195852994919,0.434069722890854
7.81279993057251,0.326834797859192,0.434035986661911
7.81360006332397,0.326473742723465,0.434003621339798
7.81440019607544,0.326112687587738,0.433972507715225
7.81519985198975,0.325751602649689,0.433942764997482
7.81599998474121,0.325390547513962,0.433914303779602
7.81680011749268,0.325029611587524,0.433887094259262
7.81759977340698,0.324668645858765,0.433861196041107
7.81839990615845,0.324307769536972,0.43383663892746
7.81920003890991,0.323946833610535,0.433813393115997
7.82000017166138,0.323586106300354,0.43379145860672
7.82079982757568,0.323225259780884,0.433770775794983
7.82159996032715,0.322864651679993,0.433751404285431
7.82240009307861,0.322503954172134,0.433733403682709
7.82320022583008,0.322143465280533,0.433716624975204
7.82399988174438,0.321782976388931,0.433701127767563
7.82480001449585,0.321422517299652,0.433687031269073
7.82560014724731,0.32106226682663,0.433674156665802
7.82639980316162,0.32070204615593,0.433662623167038
7.82719993591309,0.320341825485229,0.433652341365814
7.82800006866455,0.319981873035431,0.433643400669098
7.82880020141602,0.319621860980988,0.433635741472244
7.82959985733032,0.319262117147446,0.433629393577576
7.83039999008179,0.318902403116226,0.433624356985092
7.83120012283325,0.318542808294296,0.433620601892471
7.83199977874756,0.318183362483978,0.433618187904358
7.83279991149902,0.31782403588295,0.43361708521843
7.83360004425049,0.317464917898178,0.433617204427719
7.83440017700195,0.317105829715729,0.433618634939194
7.83519983291626,0.316747009754181,0.433621406555176
7.83599996566772,0.3163882791996,0.433625459671021
7.83680009841919,0.316029697656631,0.433630794286728
7.83760023117065,0.315671235322952,0.433637470006943
7.83839988708496,0.315313011407852,0.433645337820053
7.83920001983643,0.314954936504364,0.433654576539993
7.84000015258789,0.314597100019455,0.433665156364441
7.8407998085022,0.314239382743835,0.433676958084106
7.84159994125366,0.313881903886795,0.433690071105957
7.84240007400513,0.313524484634399,0.433704525232315
7.84320020675659,0.313167423009872,0.433720231056213
7.8439998626709,0.31281054019928,0.433737218379974
7.84479999542236,0.312453806400299,0.433755487203598
7.84560012817383,0.31209722161293,0.433775067329407
7.84639978408813,0.31174099445343,0.433795958757401
7.8471999168396,0.31138488650322,0.433818072080612
7.84800004959106,0.3110291659832,0.433841526508331
7.84880018234253,0.31067356467247,0.433866292238235
7.84959983825684,0.310318171977997,0.433892279863358
7.8503999710083,0.309963047504425,0.433919608592987
7.85120010375977,0.3096082508564,0.433948189020157
7.85200023651123,0.309253603219986,0.433978021144867
7.85279989242554,0.308899313211441,0.434009194374084
7.853600025177,0.308545231819153,0.43404158949852
7.85440015792847,0.308191448450089,0.434075355529785
7.85519981384277,0.307837843894958,0.434110343456268
7.85599994659424,0.30748462677002,0.434146612882614
7.8568000793457,0.30713164806366,0.4341841340065
7.85760021209717,0.306778997182846,0.434222936630249
7.85839986801147,0.306426584720612,0.434263080358505
7.85920000076294,0.306074529886246,0.434304416179657
7.8600001335144,0.305722802877426,0.434347033500671
7.86079978942871,0.305371344089508,0.434390962123871
7.86159992218018,0.305020213127136,0.434436142444611
7.86240005493164,0.304669439792633,0.434482604265213
7.86320018768311,0.304318845272064,0.434530258178711
7.86399984359741,0.303968638181686,0.434579253196716
7.86479997634888,0.303618878126144,0.43462947010994
7.86560010910034,0.303269356489182,0.434680998325348
7.86639976501465,0.302920281887054,0.434733748435974
7.86719989776611,0.302571445703506,0.434787750244141
7.86800003051758,0.302223026752472,0.434843063354492
7.86880016326904,0.301874965429306,0.434899598360062
7.86959981918335,0.301527112722397,0.434957355260849
7.87039995193481,0.301179826259613,0.435016423463821
7.87120008468628,0.300832897424698,0.435076713562012
7.87200021743774,0.300486266613007,0.43513822555542
7.87279987335205,0.300140082836151,0.435200989246368
7.87360000610352,0.299794226884842,0.435265064239502
7.87440013885498,0.299448847770691,0.435330331325531
7.87519979476929,0.299103856086731,0.435396820306778
7.87599992752075,0.298759192228317,0.435464590787888
7.87680006027222,0.298414975404739,0.435533583164215
7.87760019302368,0.29807123541832,0.435603827238083
7.87839984893799,0.297727793455124,0.435675323009491
7.87919998168945,0.297384828329086,0.435748010873795
7.88000011444092,0.297042340040207,0.435821950435638
7.88079977035522,0.296700298786163,0.435897141695023
7.88159990310669,0.296358644962311,0.43597349524498
7.88240003585815,0.296017318964005,0.436051160097122
7.88320016860962,0.295676648616791,0.436129987239838
7.88399982452393,0.295336306095123,0.436210095882416
7.88479995727539,0.294996470212936,0.436291337013245
7.88560009002686,0.294657021760941,0.436373859643936
7.88640022277832,0.29431813955307,0.436457574367523
7.88719987869263,0.293979674577713,0.436542481184006
7.88800001144409,0.293641686439514,0.436628580093384
7.88880014419556,0.293304234743118,0.436715990304947
7.88959980010986,0.292967319488525,0.436804503202438
7.89039993286133,0.292630791664124,0.436894237995148
7.89120006561279,0.292294681072235,0.43698525428772
7.89200019836426,0.291959226131439,0.437077403068542
7.89279985427856,0.291624128818512,0.437170803546906
7.89359998703003,0.291289657354355,0.437265306711197
7.89440011978149,0.290955573320389,0.437361121177673
7.8951997756958,0.290622115135193,0.437458038330078
7.89599990844727,0.290289044380188,0.437556236982346
7.89680004119873,0.289956569671631,0.437655538320541
7.8976001739502,0.289624720811844,0.437756031751633
7.8983998298645,0.289293497800827,0.437857627868652
7.89919996261597,0.288962632417679,0.437960505485535
7.90000009536743,0.288632154464722,0.43806466460228
7.9008002281189,0.288302689790726,0.438169658184052
7.9015998840332,0.287973433732986,0.438276141881943
7.90240001678467,0.28764471411705,0.43838369846344
7.90320014953613,0.287316650152206,0.438492476940155
7.90399980545044,0.286989152431488,0.438602358102798
7.9047999382019,0.286662191152573,0.438713371753693
7.90560007095337,0.28633588552475,0.43882554769516
7.90640020370483,0.28601011633873,0.438938915729523
7.90719985961914,0.285684943199158,0.439053416252136
7.90799999237061,0.285360336303711,0.439169049263
7.90880012512207,0.285036116838455,0.43928599357605
7.90959978103638,0.284712910652161,0.439403861761093
7.91039991378784,0.28439000248909,0.439522951841354
7.91120004653931,0.284067928791046,0.439643114805222
7.91200017929077,0.283746391534805,0.439764469861984
7.91279983520508,0.28342542052269,0.439886957406998
7.91359996795654,0.2831050157547,0.440010607242584
7.91440010070801,0.282785207033157,0.440135478973389
7.91520023345947,0.282466113567352,0.440261334180832
7.91599988937378,0.282147586345673,0.440388381481171
7.91680002212524,0.281829625368118,0.44051656126976
7.91760015487671,0.281512647867203,0.440645664930344
7.91839981079102,0.281195998191833,0.440776079893112
7.91919994354248,0.280880063772202,0.440907537937164
7.92000007629395,0.280564934015274,0.4410400390625
7.92080020904541,0.280250132083893,0.441173881292343
7.92159986495972,0.279936254024506,0.441308587789536
7.92239999771118,0.279622912406921,0.441444486379623
7.92320013046265,0.279310554265976,0.441581338644028
7.92399978637695,0.278998523950577,0.441719472408295
7.92479991912842,0.278687089681625,0.441858649253845
7.92560005187988,0.278376549482346,0.441998898983002
7.92640018463135,0.278066575527191,0.442140191793442
7.92719984054565,0.277757465839386,0.442282617092133
7.92799997329712,0.277448862791061,0.442426085472107
7.92880010604858,0.277141004800797,0.442570626735687
7.92959976196289,0.276833862066269,0.442716300487518
7.93039989471436,0.276527523994446,0.442862898111343
7.93120002746582,0.276221811771393,0.443010687828064
7.93200016021729,0.275916695594788,0.443159490823746
7.93279981613159,0.275612413883209,0.443309366703033
7.93359994888306,0.275308966636658,0.443460315465927
7.93440008163452,0.275006085634232,0.443612307310104
7.93520021438599,0.27470400929451,0.443765312433243
7.93599987030029,0.274402558803558,0.443919390439987
7.93680000305176,0.274101883172989,0.444074511528015
7.93760013580322,0.273802042007446,0.444230586290359
7.93839979171753,0.273502767086029,0.444387793540955
7.93919992446899,0.273204386234283,0.444546014070511
7.94000005722046,0.272906690835953,0.444705218076706
7.94080018997192,0.272609770298004,0.444865435361862
7.94159984588623,0.272313565015793,0.445026785135269
7.9423999786377,0.272018224000931,0.445188999176025
7.94320011138916,0.271723538637161,0.44535231590271
7.94399976730347,0.271429568529129,0.445516586303711
7.94479990005493,0.271136462688446,0.445681929588318
7.9456000328064,0.270844131708145,0.445848286151886
7.94640016555786,0.270552575588226,0.446015626192093
7.94719982147217,0.270261764526367,0.446183919906616
7.94799995422363,0.26997172832489,0.446353167295456
7.9488000869751,0.269682556390762,0.446523487567902
7.94960021972656,0.269394159317017,0.446694731712341
7.95039987564087,0.269106596708298,0.446866989135742
7.95120000839233,0.268819659948349,0.447040200233459
7.9520001411438,0.268533647060394,0.44721445441246
7.95279979705811,0.268248438835144,0.447389632463455
7.95359992980957,0.267964065074921,0.447565734386444
7.95440006256104,0.267680436372757,0.447742819786072
7.9552001953125,0.267397671937943,0.447920858860016
7.95599985122681,0.267115592956543,0.448099881410599
7.95679998397827,0.266834378242493,0.448279827833176
7.95760011672974,0.266554117202759,0.448460698127747
7.95839977264404,0.266274601221085,0.448642611503601
7.95919990539551,0.26599583029747,0.448825359344482
7.96000003814697,0.265718042850494,0.449009090662003
7.96080017089844,0.265441119670868,0.449193745851517
7.96159982681274,0.265164941549301,0.449379295110703
7.96239995956421,0.264889597892761,0.449565827846527
7.96320009231567,0.264615058898926,0.449753224849701
7.96400022506714,0.264341443777084,0.449941575527191
7.96479988098145,0.26406866312027,0.450130850076675
7.96560001373291,0.263796746730804,0.450320988893509
7.96640014648438,0.263525605201721,0.450512021780014
7.96719980239868,0.263255447149277,0.450704008340836
7.96799993515015,0.262986063957214,0.450896888971329
7.96880006790161,0.262717634439468,0.451090604066849
7.96960020065308,0.262450009584427,0.451285272836685
7.97039985656738,0.262183278799057,0.451480776071548
7.97119998931885,0.261917322874069,0.451677232980728
7.97200012207031,0.26165235042572,0.45187446475029
7.97279977798462,0.261388301849365,0.452072620391846
7.97359991073608,0.26112499833107,0.452271699905396
7.97440004348755,0.260862767696381,0.452471554279327
7.97520017623901,0.260601282119751,0.452672243118286
7.97599983215332,0.260340720415115,0.452873855829239
7.97679996490479,0.260080993175507,0.453076362609863
7.97760009765625,0.259822249412537,0.45327964425087
7.97840023040771,0.259564369916916,0.453483790159225
7.97919988632202,0.259307414293289,0.453688740730286
7.98000001907349,0.259051322937012,0.453894585371017
7.98080015182495,0.258796095848083,0.454101264476776
7.98159980773926,0.258541941642761,0.454308748245239
7.98239994049072,0.258288502693176,0.454517036676407
7.98320007324219,0.25803616642952,0.454726189374924
7.98400020599365,0.257784724235535,0.454936116933823
7.98479986190796,0.257534086704254,0.455146819353104
7.98559999465942,0.257284432649612,0.455358386039734
7.98640012741089,0.257035732269287,0.455570757389069
7.9871997833252,0.256787806749344,0.455783933401108
7.98799991607666,0.256540834903717,0.455997884273529
7.98880004882813,0.256294935941696,0.456212639808655
7.98960018157959,0.256049901247025,0.45642814040184
7.9903998374939,0.255805820226669,0.456644475460052
7.99119997024536,0.255562752485275,0.456861555576324
7.99200010299683,0.255320608615875,0.457079440355301
7.99280023574829,0.25507926940918,0.457298070192337
7.9935998916626,0.254839032888412,0.457517445087433
7.99440002441406,0.25459960103035,0.457737594842911
7.99520015716553,0.254361152648926,0.457958489656448
7.99599981307983,0.254123628139496,0.458180159330368
7.9967999458313,0.253887146711349,0.45840260386467
7.99760007858276,0.25365161895752,0.458625793457031
7.99840021133423,0.253416985273361,0.458849638700485
7.99919986724854,0.253183364868164,0.459074318408966
8,0.252950608730316,0.459299653768539
8.00080013275146,0.252718865871429,0.459525763988495
8.00160026550293,0.252488195896149,0.459752559661865
8.00240039825439,0.252258390188217,0.459980100393295
8.00319957733154,0.252029478549957,0.460208356380463
8.00399971008301,0.251801639795303,0.460437268018723
8.00479984283447,0.251574873924255,0.460666954517365
8.00559997558594,0.251348882913589,0.460897326469421
8.0064001083374,0.25112396478653,0.461128383874893
8.00720024108887,0.250900000333786,0.461360096931458
8.00800037384033,0.250677138566971,0.461592525243759
8.00879955291748,0.250455111265182,0.461825639009476
8.00959968566895,0.250234127044678,0.462059438228607
8.01039981842041,0.250014036893845,0.462293922901154
8.01119995117188,0.24979504942894,0.46252903342247
8.01200008392334,0.249576970934868,0.462764889001846
8.0128002166748,0.249360010027885,0.46300134062767
8.01360034942627,0.249143913388252,0.463238477706909
8.01439952850342,0.248928859829903,0.463476240634918
8.01519966125488,0.248714819550514,0.463714718818665
8.01599979400635,0.248501732945442,0.463953733444214
8.01679992675781,0.248289704322815,0.464193493127823
8.01760005950928,0.248078584671021,0.46443384885788
8.01840019226074,0.24786850810051,0.464674830436707
8.01920032501221,0.247659459710121,0.464916408061981
8.02000045776367,0.247451439499855,0.465158641338348
8.02079963684082,0.247244343161583,0.465401470661163
8.02159976959229,0.247038260102272,0.465644925832748
8.02239990234375,0.246833324432373,0.465888977050781
8.02320003509521,0.246629178524017,0.466133683919907
8.02400016784668,0.246426269412041,0.466378927230835
8.02480030059814,0.246224164962769,0.466624796390533
8.02560043334961,0.246023282408714,0.466871291399002
8.02639961242676,0.245823174715042,0.467118322849274
8.02719974517822,0.245624303817749,0.467365950345993
8.02799987792969,0.245426326990128,0.46761417388916
8.02880001068115,0.245229333639145,0.467862904071808
8.02960014343262,0.245033472776413,0.468112289905548
8.03040027618408,0.244838610291481,0.468362212181091
8.03120040893555,0.244644746184349,0.468612670898438
8.0319995880127,0.244451835751534,0.468863725662231
8.03279972076416,0.244260147213936,0.469115257263184
8.03359985351563,0.24406935274601,0.469367414712906
8.03439998626709,0.243879526853561,0.469620078802109
8.03520011901855,0.24369078874588,0.469873279333115
8.03600025177002,0.243503153324127,0.470127075910568
8.03680038452148,0.243316486477852,0.47038134932518
8.03759956359863,0.243130892515182,0.470636159181595
8.0383996963501,0.24294625222683,0.470891445875168
8.03919982910156,0.242762625217438,0.471147298812866
8.03999996185303,0.242580026388168,0.471403628587723
8.04080009460449,0.242398545145988,0.471660494804382
8.04160022735596,0.242218121886253,0.471917897462845
8.04240036010742,0.242038637399673,0.472175747156143
8.04319953918457,0.2418602257967,0.472434103488922
8.04399967193604,0.241682887077332,0.472692966461182
8.0447998046875,0.241506606340408,0.472952246665955
8.04559993743896,0.241331279277802,0.473212063312531
8.04640007019043,0.241156995296478,0.473472356796265
8.04720020294189,0.240983784198761,0.473733156919479
8.04800033569336,0.240811616182327,0.473994374275208
8.04880046844482,0.240640506148338,0.474256068468094
8.04959964752197,0.240470334887505,0.474518209695816
8.05039978027344,0.240301296114922,0.474780797958374
8.0511999130249,0.240133315324783,0.475043892860413
8.05200004577637,0.239966377615929,0.475307404994965
8.05280017852783,0.239800468087196,0.47557133436203
8.0536003112793,0.23963563144207,0.475835740566254
8.05440044403076,0.239471793174744,0.476100534200668
8.05519962310791,0.239308878779411,0.476365774869919
8.05599975585938,0.23914723098278,0.476631432771683
8.05679988861084,0.238986492156982,0.47689750790596
8.0576000213623,0.238826915621758,0.477164059877396
8.05840015411377,0.238668322563171,0.477430909872055
8.05920028686523,0.238510653376579,0.477698296308517
8.0600004196167,0.238354250788689,0.477966010570526
8.06079959869385,0.238198757171631,0.478234142065048
8.06159973144531,0.23804435133934,0.478502631187439
8.06239986419678,0.237891122698784,0.478771567344666
8.06319999694824,0.237738743424416,0.479040861129761
8.06400012969971,0.237587496638298,0.479310482740402
8.06480026245117,0.237437292933464,0.479580581188202
8.06560039520264,0.237288177013397,0.479850977659225
8.06639957427979,0.237139955163002,0.480121821165085
8.06719970703125,0.236992880702019,0.48039299249649
8.06799983978271,0.236846998333931,0.480664491653442
8.06879997253418,0.236701995134354,0.480936348438263
8.06960010528564,0.236558139324188,0.481208562850952
8.07040023803711,0.236415132880211,0.481481194496155
8.07120037078857,0.236273482441902,0.481754064559937
8.07199954986572,0.236132681369781,0.482027322053909
8.07279968261719,0.235993012785912,0.482300907373428
8.07359981536865,0.235854282975197,0.482574790716171
8.07439994812012,0.235716700553894,0.482849031686783
8.07520008087158,0.235580071806908,0.483123600482941
8.07600021362305,0.235444560647011,0.483398497104645
8.07680034637451,0.235310137271881,0.483673691749573
8.07759952545166,0.235176801681519,0.483949184417725
8.07839965820313,0.235044330358505,0.484224945306778
8.07919979095459,0.234913051128387,0.4845010638237
8.07999992370605,0.234782755374908,0.484777510166168
8.08080005645752,0.234653666615486,0.485054135322571
8.08160018920898,0.234525427222252,0.485331118106842
8.08240032196045,0.234398275613785,0.48560842871666
8.08320045471191,0.234272316098213,0.485885977745056
8.08399963378906,0.234147191047668,0.486163765192032
8.08479976654053,0.234023287892342,0.486441850662231
8.08559989929199,0.23390044271946,0.486720204353333
8.08640003204346,0.233778536319733,0.486998796463013
8.08720016479492,0.233657702803612,0.487277656793594
8.08800029754639,0.233537867665291,0.487556785345078
8.08880043029785,0.233419060707092,0.48783615231514
8.089599609375,0.233301475644112,0.488115847110748
8.09039974212646,0.233184814453125,0.488395661115646
8.09119987487793,0.233069226145744,0.488675802946091
8.09200000762939,0.232954606413841,0.488956153392792
8.09280014038086,0.232841148972511,0.489236682653427
8.09360027313232,0.232728719711304,0.489517450332642
8.09440040588379,0.232617273926735,0.489798486232758
8.09519958496094,0.232506901025772,0.490079760551453
8.0959997177124,0.23239754140377,0.490361124277115
8.09679985046387,0.232289254665375,0.490642815828323
8.09759998321533,0.232182025909424,0.490924626588821
8.0984001159668,0.232075721025467,0.491206705570221
8.09920024871826,0.231970503926277,0.491488993167877
8.10000038146973,0.231866419315338,0.491771429777145
8.10079956054688,0.231763392686844,0.492054045200348
8.10159969329834,0.231661185622215,0.49233689904213
8.1023998260498,0.231560230255127,0.492619901895523
8.10319995880127,0.231460124254227,0.492903113365173
8.10400009155273,0.231361284852028,0.493186473846436
8.1048002243042,0.231263235211372,0.49346998333931
8.10560035705566,0.231166496872902,0.493753641843796
8.10639953613281,0.231070548295975,0.494037538766861
8.10719966888428,0.230975612998009,0.494321525096893
8.10799980163574,0.230881869792938,0.494605720043182
8.10879993438721,0.23078915476799,0.494890034198761
8.10960006713867,0.230697348713875,0.495174497365952
8.11040019989014,0.230606690049171,0.495459079742432
8.1112003326416,0.230516970157623,0.495743840932846
8.11200046539307,0.230428397655487,0.496028751134872
8.11279964447021,0.230340704321861,0.496313720941544
8.11359977722168,0.230254113674164,0.496598958969116
8.11439990997314,0.230168715119362,0.496884107589722
8.11520004272461,0.230083912611008,0.497169643640518
8.11600017547607,0.230000585317612,0.497455030679703
8.11680030822754,0.229918047785759,0.497740596532822
8.117600440979,0.229836538434029,0.498026311397552
8.11839962005615,0.229756057262421,0.49831211566925
8.11919975280762,0.229676619172096,0.49859806895256
8.11999988555908,0.229598179459572,0.498884081840515
8.12080001831055,0.22952076792717,0.499170184135437
8.12160015106201,0.229444116353989,0.499456435441971
8.12240028381348,0.229368776082993,0.499742776155472
8.12320041656494,0.229294419288635,0.50002908706665
8.12399959564209,0.2292210906744,0.500315546989441
8.12479972839355,0.229148760437965,0.500602066516876
8.12559986114502,0.229077458381653,0.500888586044312
8.12639999389648,0.22900715470314,0.501175224781036
8.12720012664795,0.228937640786171,0.501461982727051
8.12800025939941,0.228869393467903,0.50174880027771
8.12880039215088,0.228801906108856,0.502035677433014
8.12959957122803,0.228735640645027,0.502322494983673
8.13039970397949,0.228670433163643,0.502609431743622
8.13119983673096,0.228605970740318,0.50289648771286
8.13199996948242,0.228542536497116,0.503183603286743
8.13280010223389,0.228480085730553,0.503470718860626
8.13360023498535,0.22841888666153,0.50375771522522
8.13440036773682,0.22835847735405,0.504044890403748
8.13519954681396,0.228299289941788,0.504331946372986
8.13599967956543,0.22824065387249,0.504619300365448
8.13679981231689,0.228183463215828,0.504906356334686
8.13759994506836,0.228127062320709,0.505193650722504
8.13840007781982,0.228071659803391,0.505480885505676
8.13920021057129,0.228017270565033,0.505768120288849
8.14000034332275,0.227963641285896,0.506055474281311
8.14080047607422,0.227911472320557,0.506342589855194
8.14159965515137,0.227860078215599,0.506629884243011
8.14239978790283,0.227809458971024,0.506917238235474
8.1431999206543,0.227759853005409,0.507204592227936
8.14400005340576,0.227711200714111,0.507491827011108
8.14480018615723,0.227663785219193,0.507778942584991
8.14560031890869,0.227617383003235,0.508066117763519
8.14640045166016,0.227571755647659,0.508353352546692
8.1471996307373,0.227527111768723,0.50864052772522
8.14799976348877,0.227483466267586,0.508927702903748
8.14879989624023,0.227440565824509,0.50921493768692
8.1496000289917,0.227398902177811,0.509501993656158
8.15040016174316,0.227357998490334,0.509789109230042
8.15120029449463,0.227318346500397,0.510076105594635
8.15200042724609,0.227279409766197,0.510363042354584
8.15279960632324,0.227241739630699,0.510649919509888
8.15359973907471,0.227204814553261,0.510936856269836
8.15439987182617,0.2271688580513,0.511223614215851
8.15520000457764,0.22713378071785,0.51151043176651
8.1560001373291,0.227099701762199,0.51179713010788
8.15680027008057,0.227066740393639,0.512083768844604
8.15760040283203,0.227034524083138,0.512370347976685
8.15839958190918,0.227003276348114,0.51265686750412
8.15919971466064,0.226973041892052,0.51294332742691
8.15999984741211,0.226943805813789,0.513229727745056
8.16079998016357,0.226915404200554,0.513516008853912
8.16160011291504,0.22688801586628,0.513802289962769
8.1624002456665,0.226861491799355,0.51408839225769
8.16320037841797,0.226835951209068,0.514374434947968
8.16399955749512,0.22681137919426,0.5146604180336
8.16479969024658,0.226787820458412,0.514946281909943
8.16559982299805,0.226764991879463,0.515232086181641
8.16639995574951,0.226743146777153,0.515517711639404
8.16720008850098,0.226722314953804,0.515803337097168
8.16800022125244,0.226702436804771,0.516088843345642
8.16880035400391,0.226683288812637,0.516374170780182
8.16959953308105,0.226665288209915,0.516659438610077
8.17039966583252,0.22664812207222,0.516944587230682
8.17119979858398,0.226631850004196,0.517229676246643
8.17199993133545,0.226616516709328,0.517514526844025
8.17280006408691,0.22660219669342,0.517799317836761
8.17360019683838,0.226588621735573,0.518084049224854
8.17440032958984,0.22657598555088,0.518368542194366
8.17520046234131,0.226564362645149,0.51865291595459
8.17599964141846,0.226553484797478,0.518937230110168
8.17679977416992,0.226543724536896,0.519221425056458
8.17759990692139,0.22653466463089,0.519505441188812
8.17840003967285,0.226526603102684,0.519789278507233
8.17920017242432,0.226519525051117,0.520072996616364
8.18000030517578,0.22651319205761,0.520356595516205
8.18080043792725,0.22650782763958,0.520640075206757
8.18159961700439,0.226503446698189,0.520923316478729
8.18239974975586,0.226499915122986,0.521206378936768
8.18319988250732,0.226497262716293,0.521489381790161
8.18400001525879,0.226495459675789,0.52177220582962
8.18480014801025,0.226494506001472,0.5220547914505
8.18560028076172,0.226494550704956,0.522337317466736
8.18640041351318,0.226495325565338,0.522619664669037
8.18719959259033,0.226497203111649,0.522901833057404
8.1879997253418,0.226499795913696,0.523183763027191
8.18879985809326,0.226503267884254,0.523465573787689
8.18959999084473,0.22650770843029,0.523747205734253
8.19040012359619,0.226512998342514,0.524028658866882
8.19120025634766,0.226519152522087,0.524309873580933
8.19200038909912,0.226526170969009,0.524591028690338
8.19279956817627,0.22653403878212,0.52487188577652
8.19359970092773,0.226542770862579,0.525152564048767
8.1943998336792,0.226552471518517,0.52543306350708
8.19519996643066,0.226562768220901,0.525713324546814
8.19600009918213,0.226574048399925,0.525993466377258
8.19680023193359,0.226586326956749,0.526273369789124
8.19760036468506,0.226599335670471,0.526553094387054
8.19839954376221,0.22661329805851,0.526832580566406
8.19919967651367,0.226628035306931,0.527111887931824
8.19999980926514,0.226643577218056,0.527390956878662
8.2007999420166,0.22665998339653,0.527669787406921
8.20160007476807,0.226677268743515,0.527948498725891
8.20240020751953,0.226695403456688,0.528226971626282
8.203200340271,0.226714253425598,0.528505146503448
8.20400047302246,0.226734131574631,0.528783202171326
8.20479965209961,0.226754680275917,0.529060959815979
8.20559978485107,0.226776227355003,0.529338538646698
8.20639991760254,0.226798519492149,0.529615879058838
8.207200050354,0.226821765303612,0.529892921447754
8.20800018310547,0.226845636963844,0.530169785022736
8.20880031585693,0.226870492100716,0.530446529388428
8.2096004486084,0.226896047592163,0.530722796916962
8.21039962768555,0.226922497153282,0.530999004840851
8.21119976043701,0.226949766278267,0.531274914741516
8.21199989318848,0.22697776556015,0.531550586223602
8.21280002593994,0.227006763219833,0.531825959682465
8.21360015869141,0.227036356925964,0.532101213932037
8.21440029144287,0.227066949009895,0.532376110553741
8.21520042419434,0.227098256349564,0.532650828361511
8.21599960327148,0.227130278944969,0.532925188541412
8.21679973602295,0.227163314819336,0.533199369907379
8.21759986877441,0.227197051048279,0.533473253250122
8.21840000152588,0.22723151743412,0.533746898174286
8.21920013427734,0.227266862988472,0.534020364284515
8.22000026702881,0.227302893996239,0.534293472766876
8.22080039978027,0.227339819073677,0.534566283226013
8.22159957885742,0.227377489209175,0.534838914871216
8.22239971160889,0.227416098117828,0.53511118888855
8.22319984436035,0.227455317974091,0.535383224487305
8.22399997711182,0.227495402097702,0.53565502166748
8.22480010986328,0.227536231279373,0.535926640033722
8.22560024261475,0.22757788002491,0.53619784116745
8.22640037536621,0.227620273828506,0.536468684673309
8.22719955444336,0.227663412690163,0.536739408969879
8.22799968719482,0.227707386016846,0.537009835243225
8.22879981994629,0.227752104401588,0.537279903888702
8.22959995269775,0.227797538042068,0.537549674510956
8.23040008544922,0.227843970060349,0.537819147109985
8.23120021820068,0.227890864014626,0.538088381290436
8.23200035095215,0.227938756346703,0.538357377052307
8.2327995300293,0.227987244725227,0.53862601518631
8.23359966278076,0.228036448359489,0.538894355297089
8.23439979553223,0.22808663547039,0.539162337779999
8.23519992828369,0.228137314319611,0.539430141448975
8.23600006103516,0.228189125657082,0.539697527885437
8.23680019378662,0.228241369128227,0.539964735507965
8.23760032653809,0.228294372558594,0.54023152589798
8.23840045928955,0.228348106145859,0.54049813747406
8.2391996383667,0.22840279340744,0.540764272212982
8.23999977111816,0.228457987308502,0.54103022813797
8.24079990386963,0.228514030575752,0.541295886039734
8.24160003662109,0.228570803999901,0.541561186313629
8.24240016937256,0.228628441691399,0.541826069355011
8.24320030212402,0.228686541318893,0.542090773582458
8.24400043487549,0.228745505213737,0.542355120182037
8.24479961395264,0.228805214166641,0.542619168758392
8.2455997467041,0.228865623474121,0.542882859706879
8.24639987945557,0.228926777839661,0.543146193027496
8.24720001220703,0.22898855805397,0.543409287929535
8.2480001449585,0.229051172733307,0.543672025203705
8.24880027770996,0.229114517569542,0.543934404850006
8.24960041046143,0.229178488254547,0.544196486473083
8.25039958953857,0.22924317419529,0.544458210468292
8.25119972229004,0.229308590292931,0.544719576835632
8.2519998550415,0.22937473654747,0.544980704784393
8.25279998779297,0.229441493749619,0.545241355895996
8.25360012054443,0.229509130120277,0.545501828193665
8.2544002532959,0.229577332735062,0.54576188325882
8.25520038604736,0.229646146297455,0.546021580696106
8.25599956512451,0.22971585392952,0.546281039714813
8.25679969787598,0.229786142706871,0.546540021896362
8.25759983062744,0.229857310652733,0.546798706054688
8.25839996337891,0.229928806424141,0.547057092189789
8.25920009613037,0.230001285672188,0.547315120697021
8.26000022888184,0.230074256658554,0.547572731971741
8.2608003616333,0.230148077011108,0.547830045223236
8.26159954071045,0.230222672224045,0.548087000846863
8.26239967346191,0.230297714471817,0.548343598842621
8.26319980621338,0.230373471975327,0.54859983921051
8.26399993896484,0.230449974536896,0.548855721950531
8.26480007171631,0.230527088046074,0.549111247062683
8.26560020446777,0.230604827404022,0.549366474151611
8.26640033721924,0.230683416128159,0.549621343612671
8.2672004699707,0.230762466788292,0.549875736236572
8.26799964904785,0.230842262506485,0.55012983083725
8.26879978179932,0.230922818183899,0.550383627414703
8.26959991455078,0.231003955006599,0.550637006759644
8.27040004730225,0.231085702776909,0.550890028476715
8.27120018005371,0.231168180704117,0.551142692565918
8.27200031280518,0.231251284480095,0.551394999027252
8.27280044555664,0.23133496940136,0.551646888256073
8.27359962463379,0.231419399380684,0.55189836025238
8.27439975738525,0.231504321098328,0.552149593830109
8.27519989013672,0.231590092182159,0.552400350570679
8.27600002288818,0.231676355004311,0.55265074968338
8.27680015563965,0.231763184070587,0.552900850772858
8.27760028839111,0.231850817799568,0.553150534629822
8.27840042114258,0.231939136981964,0.553399801254272
8.27919960021973,0.232027947902679,0.553648710250854
8.27999973297119,0.232117503881454,0.553897202014923
8.28079986572266,0.232207536697388,0.554145395755768
8.28159999847412,0.232298314571381,0.554393231868744
8.28240013122559,0.232389688491821,0.554640591144562
8.28320026397705,0.232481673359871,0.554887592792511
8.28400039672852,0.232574269175529,0.555134177207947
8.28479957580566,0.232667475938797,0.555380463600159
8.28559970855713,0.232761427760124,0.555626273155212
8.28639984130859,0.232855826616287,0.555871784687042
8.28719997406006,0.232950881123543,0.556116819381714
8.28800010681152,0.233046501874924,0.556361496448517
8.28880023956299,0.233142763376236,0.556605875492096
8.28960037231445,0.233239606022835,0.556849777698517
8.2903995513916,0.233337223529816,0.557093262672424
8.29119968414307,0.233435302972794,0.557336330413818
8.29199981689453,0.233533844351768,0.557579040527344
8.292799949646,0.233633160591125,0.557821452617645
8.29360008239746,0.23373307287693,0.558063328266144
8.29440021514893,0.233833461999893,0.558304846286774
8.29520034790039,0.233934476971626,0.558546006679535
8.29599952697754,0.234036207199097,0.558786749839783
8.296799659729,0.234138429164886,0.559027016162872
8.29759979248047,0.234241247177124,0.559266924858093
8.29839992523193,0.234344556927681,0.559506475925446
8.2992000579834,0.234448507428169,0.559745609760284
8.30000019073486,0.234553173184395,0.55998432636261
8.30080032348633,0.23465833067894,0.560222625732422
8.30160045623779,0.234763935208321,0.560460567474365
8.30239963531494,0.234870180487633,0.56069803237915
8.30319976806641,0.234976887702942,0.560935080051422
8.30399990081787,0.235084369778633,0.56117182970047
8.30480003356934,0.235192328691483,0.561408042907715
8.3056001663208,0.235300868749619,0.561643898487091
8.30640029907227,0.235409900546074,0.561879336833954
8.30720043182373,0.235519558191299,0.562114417552948
8.30799961090088,0.235629707574844,0.562349021434784
8.30879974365234,0.235740453004837,0.562583208084106
8.30959987640381,0.235851809382439,0.562816977500916
8.31040000915527,0.235963672399521,0.563050448894501
8.31120014190674,0.236075982451439,0.563283383846283
8.3120002746582,0.236189052462578,0.563515901565552
8.31280040740967,0.236302465200424,0.563748002052307
8.31359958648682,0.236416503787041,0.563979744911194
8.31439971923828,0.236531034111977,0.564211010932922
8.31519985198975,0.236646145582199,0.564441800117493
8.31599998474121,0.236761763691902,0.564672350883484
8.31680011749268,0.236877858638763,0.564902365207672
8.31760025024414,0.236994579434395,0.565131962299347
8.31840038299561,0.237111762166023,0.565361142158508
8.31919956207275,0.237229570746422,0.565589845180511
8.31999969482422,0.23734787106514,0.565818190574646
8.32079982757568,0.237466648221016,0.566046118736267
8.32159996032715,0.237585887312889,0.566273510456085
8.32240009307861,0.237705647945404,0.566500663757324
8.32320022583008,0.237826123833656,0.566727221012115
8.32400035858154,0.237946957349777,0.566953420639038
8.32479953765869,0.238068267703056,0.567179143428802
8.32559967041016,0.238190233707428,0.567404508590698
8.32639980316162,0.238312631845474,0.567629337310791
8.32719993591309,0.238435551524162,0.56785386800766
8.32800006866455,0.238558933138847,0.568077921867371
8.32880020141602,0.238682806491852,0.568301498889923
8.32960033416748,0.238807156682014,0.568524658679962
8.33040046691895,0.238932013511658,0.568747401237488
8.33119964599609,0.239057451486588,0.5689697265625
8.33199977874756,0.239183396100998,0.569191575050354
8.33279991149902,0.239309668540955,0.569413065910339
8.33360004425049,0.239436596632004,0.569634020328522
8.33440017700195,0.239563971757889,0.569854557514191
8.33520030975342,0.239691734313965,0.570074737071991
8.33600044250488,0.239819958806038,0.570294439792633
8.33679962158203,0.239948928356171,0.570513606071472
8.3375997543335,0.240078136324883,0.570732474327087
8.33839988708496,0.240207940340042,0.570950746536255
8.33920001983643,0.240338250994682,0.571168720722198
8.34000015258789,0.24046890437603,0.571386277675629
8.34080028533936,0.240600049495697,0.571603298187256
8.34160041809082,0.240731939673424,0.57181978225708
8.34239959716797,0.240863785147667,0.57203608751297
8.34319972991943,0.24099662899971,0.572251677513123
8.3439998626709,0.241129443049431,0.572467029094696
8.34479999542236,0.241262719035149,0.572681963443756
8.34560012817383,0.24139703810215,0.572896182537079
8.34640026092529,0.241531297564507,0.573110103607178
8.34720039367676,0.241666316986084,0.573323607444763
8.34799957275391,0.241801261901855,0.57353675365448
8.34879970550537,0.241937264800072,0.573749303817749
8.34959983825684,0.242073491215706,0.573961496353149
8.3503999710083,0.242210164666176,0.574173152446747
8.35120010375977,0.242347344756126,0.574384391307831
8.35200023651123,0.242484748363495,0.574595272541046
8.3528003692627,0.242622599005699,0.574805617332458
8.35359954833984,0.242760986089706,0.575015604496002
8.35439968109131,0.242900118231773,0.575224936008453
8.35519981384277,0.243039444088936,0.575433909893036
8.35599994659424,0.243178993463516,0.575642585754395
8.3568000793457,0.243319302797318,0.575850605964661
8.35760021209717,0.243459805846214,0.576058268547058
8.35840034484863,0.243600845336914,0.576265513896942
8.35919952392578,0.243742346763611,0.576472282409668
8.35999965667725,0.243884310126305,0.576678514480591
8.36079978942871,0.244026511907578,0.576884388923645
8.36159992218018,0.24416920542717,0.577089786529541
8.36240005493164,0.244312390685081,0.577294707298279
8.36320018768311,0.244455769658089,0.577499270439148
8.36400032043457,0.244599908590317,0.577703177928925
8.36480045318604,0.244744017720222,0.577906906604767
8.36559963226318,0.244888857007027,0.578109979629517
8.36639976501465,0.24503393471241,0.578312695026398
8.36719989776611,0.245179742574692,0.578514695167542
8.36800003051758,0.24532550573349,0.578716635704041
8.36880016326904,0.24547204375267,0.578917801380157
8.36960029602051,0.245618522167206,0.57911878824234
8.37040042877197,0.245765745639801,0.579319179058075
8.37119960784912,0.245913445949554,0.579518973827362
8.37199974060059,0.246061399579048,0.57971853017807
8.37279987335205,0.246209546923637,0.57991760969162
8.37360000610352,0.246358439326286,0.580116033554077
8.37440013885498,0.246507570147514,0.580314159393311
8.37520027160645,0.246657177805901,0.580511689186096
8.37600040435791,0.246806994080544,0.580708920955658
8.37679958343506,0.246957316994667,0.580905616283417
8.37759971618652,0.247107848525047,0.581101894378662
8.37839984893799,0.247259125113487,0.58129757642746
8.37919998168945,0.247410356998444,0.581492960453033
8.38000011444092,0.247562080621719,0.581687867641449
8.38080024719238,0.24771411716938,0.581882238388062
8.38160037994385,0.247866705060005,0.582076191902161
8.382399559021,0.248019590973854,0.582269668579102
8.38319969177246,0.248172730207443,0.582462728023529
8.38399982452393,0.248326331377029,0.582655370235443
8.38479995727539,0.248480156064034,0.582847416400909
8.38560009002686,0.248634472489357,0.583039104938507
8.38640022277832,0.248789280653,0.583230257034302
8.38720035552979,0.248944312334061,0.583420991897583
8.38799953460693,0.249099656939507,0.583611249923706
8.3887996673584,0.249255388975143,0.583801031112671
8.38959980010986,0.249411463737488,0.583990395069122
8.39039993286133,0.24956788122654,0.58417934179306
8.39120006561279,0.249724507331848,0.584367692470551
8.39200019836426,0.249881654977798,0.584555685520172
8.39280033111572,0.250039100646973,0.584743142127991
8.39360046386719,0.250196784734726,0.584930181503296
8.39439964294434,0.250355005264282,0.585116803646088
8.3951997756958,0.25051337480545,0.585302889347076
8.39599990844727,0.250672161579132,0.585488557815552
8.39680004119873,0.250831365585327,0.585673630237579
8.3976001739502,0.250990808010101,0.585858404636383
8.39840030670166,0.251150459051132,0.586042642593384
8.39920043945313,0.251310646533966,0.586226463317871
8.39999961853027,0.251470983028412,0.5864098072052
